"","Name","Team","Position","proj_score","proj_salary","Price","value","2020_Games","2020_Average","talent","opportunity","durability","form","consistency","weighted_talent","weighted_opportunity","weighted_durability","weighted_form","weighted_consistency"
"1","Max Gawn","MEL","RUC",136,715510,751400,-35890,14,139.9,139.86,9.3625,82.35,134.33,0.86,20,12.57,6.16,8,9.15
"2","Lachie Neale","BRI","MID",134,703986,721800,-17814,17,134.4,133.74,9.62,100,112.86,0.79,18.82,13,8,6.75,8.41
"3","Jake Lloyd","SYD","DEF",131,688237,656400,31837,17,122.2,122.18,8.82,100,125.4,0.94,16.6,11.67,8,7.48,10
"4","Brodie Grundy","COL","RUC",127,667366,648200,19166,17,120.6,132.5,7.9625,100,106,0.84,18.59,10.24,8,6.35,8.94
"5","Clayton Oliver","MEL","MID",123,643934,656700,-12766,17,122.2,122.24,8.43,100,109.5,0.76,16.62,11.02,8,6.56,8.09
"6","Todd Goldstein","NME","RUC",121,637915,601700,36215,17,112,127.88,8.715,100,84,0.71,17.7,11.49,8,5.07,7.56
"7","Matt Crouch","ADE","MID",121,636891,594700,42191,16,110.7,113.56,9.25,94.12,128.8,0.69,14.95,12.38,7.39,7.68,7.34
"8","Tom Mitchell","HAW","MID",121,634970,610000,24970,17,113.5,129.04,8.01,100,107.4,0.65,17.92,10.32,8,6.43,6.92
"9","Jack Macrae","WBD","MID",120,632666,650100,-17434,17,121,125.57,8.52,100,97.6,0.67,17.25,11.17,8,5.86,7.13
"10","Jack Steele","STK","MID",120,632410,658000,-25590,17,122.5,120.58,7.51,100,129.86,0.74,16.3,9.48,8,7.74,7.87
"11","Zach Merrett","ESS","MID",120,628184,620900,7284,16,115.6,115.56,8.68,94.12,127,0.69,15.33,11.43,7.39,7.57,7.34
"12","Patrick Dangerfield","GEE","MID",118,622038,611900,10138,17,113.9,134.12,6.69,100,116.56,0.62,18.9,8.11,8,6.97,6.6
"13","Patrick Dangerfield","GEE","FWD",118,622038,611900,10138,17,113.9,134.12,6.69,100,116.56,0.62,18.9,8.11,8,6.97,6.6
"14","Christian Petracca","MEL","MID",118,620373,631400,-11027,17,117.5,117.53,7.94,100,107.67,0.76,15.71,10.2,8,6.45,8.09
"15","Andrew Gaff","WCE","MID",114,598734,570800,27934,17,106.2,110.19,8.48,100,114.83,0.61,14.3,11.1,8,6.87,6.49
"16","Taylor Adams","COL","MID",112,590539,588800,1739,17,109.6,110.63,7.19,100,106.43,0.79,14.38,8.95,8,6.38,8.41
"17","Jarryd Lyons","BRI","MID",112,589643,604600,-14957,17,112.5,110.58,7.74,100,98.71,0.74,14.38,9.87,8,5.93,7.87
"18","Luke Parker","SYD","MID",112,588234,571100,17134,17,106.3,109.8,7.57,100,109.8,0.71,14.23,9.58,8,6.57,7.56
"19","Reilly O'Brien","ADE","RUC",111,583241,570800,12441,17,106.2,106.24,8.4525,100,111.6,0.59,13.54,11.05,8,6.68,6.28
"20","Nat Fyfe","FRE","MID",110,577991,608300,-30309,14,113.2,122.25,7.12,82.35,112.4,0.64,16.62,8.83,6.16,6.72,6.81
"21","Lachie Whitfield","GWS","DEF",109,573637,561600,12037,17,104.5,107.1,7.69,100,117.6,0.59,13.71,9.78,8,7.03,6.28
"22","Marcus Bontempelli","WBD","MID",109,573637,623900,-50263,17,116.1,115.68,6.74,100,112.8,0.61,15.36,8.2,8,6.75,6.49
"23","Rory Laird","ADE","DEF",109,572357,564800,7557,17,105.1,106.32,8.1,100,117.6,0.53,13.56,10.47,8,7.03,5.64
"24","Rory Laird","ADE","MID",109,572357,564800,7557,17,105.1,106.32,8.1,100,117.6,0.53,13.56,10.47,8,7.03,5.64
"25","Mitch Duncan","GEE","MID",109,571205,556700,14505,16,103.6,112.38,6.56,94.12,110.56,0.75,14.72,7.9,7.39,6.62,7.98
"26","Dustin Martin","RIC","MID",109,571076,541600,29476,16,100.8,121.89,7.12,94.12,108.67,0.5,16.55,8.83,7.39,6.51,5.32
"27","Dustin Martin","RIC","FWD",109,571076,541600,29476,16,100.8,121.89,7.12,94.12,108.67,0.5,16.55,8.83,7.39,6.51,5.32
"28","Josh Kelly","GWS","MID",109,570436,615600,-45164,14,114.6,114.57,7.39,82.35,107,0.71,15.14,9.28,6.16,6.41,7.56
"29","Travis Boak","POR","MID",108,568388,590400,-22012,17,109.9,109.38,7.43,100,112.5,0.58,14.14,9.35,8,6.73,6.17
"30","Scott Pendlebury","COL","MID",108,566467,592200,-25733,13,110.2,130.19,7.47,76.47,102.6,0.47,18.14,9.41,5.54,6.15,5
"31","Sam Menegola","GEE","MID",108,565186,579000,-13814,17,107.8,106.71,6.83,100,110.33,0.71,13.63,8.35,8,6.6,7.56
"32","Rowan Marshall","STK","RUC",107,564802,557200,7602,17,103.7,108.64,8.3825,100,102.86,0.47,14,10.94,8,6.17,5
"33","Nic Naitanui","WCE","RUC",107,564290,593700,-29410,16,110.5,115.04,6.895,94.12,112.2,0.59,15.23,8.46,7.39,6.71,6.28
"34","Touk Miller","GCS","MID",105,553022,569200,-16178,17,105.9,105.94,7.01,100,102.4,0.65,13.48,8.65,8,6.14,6.92
"35","Tom Rockliff","POR","MID",105,551486,573000,-21514,14,106.6,107.12,7.39,82.35,122.67,0.62,13.71,9.28,6.16,7.32,6.6
"36","Luke Ryan","FRE","DEF",104,545724,576500,-30776,17,107.3,106.71,6.2,100,102.2,0.71,13.63,7.3,8,6.13,7.56
"37","Patrick Cripps","CAR","MID",103,543547,523700,19847,17,97.5,118.58,6.99,100,81.6,0.47,15.91,8.61,8,4.93,5
"38","Stephen Coniglio","GWS","MID",103,543419,528900,14519,16,98.4,111.88,7.06,94.12,95.25,0.56,14.63,8.73,7.39,5.73,5.96
"39","Tom Liberatore","WBD","MID",103,539322,569900,-30578,15,106.1,110.38,6.7,88.24,115.8,0.56,14.34,8.13,6.77,6.92,5.96
"40","Caleb Daniel","WBD","DEF",103,538681,545500,-6819,17,101.5,104.44,6.51,100,118.8,0.56,13.2,7.81,8,7.1,5.96
"41","Cameron Guthrie","GEE","MID",102,537913,554700,-16787,17,103.2,103.43,6.87,100,109.11,0.57,13,8.41,8,6.53,6.07
"42","Tim English","WBD","RUC",102,537401,551200,-13799,17,102.6,102.06,7.595,100,105,0.5,12.74,9.62,8,6.29,5.32
"43","Sam Walsh","CAR","MID",102,537273,543300,-6027,17,101.1,101.12,7.3,100,121.8,0.47,12.56,9.13,8,7.27,5
"44","Lachie Hunter","WBD","MID",101,532535,618500,-85965,9,115.1,111.9,8.16,52.94,115.75,0.6,14.63,10.57,3.08,6.92,6.39
"45","Jed Anderson","NME","MID",101,529462,562300,-32838,15,104.7,104.67,7,88.24,118.4,0.53,13.24,8.63,6.77,7.07,5.64
"46","Hugh Greenwood","GCS","MID",100,526005,567300,-41295,17,105.6,105.59,6.22,100,111.8,0.53,13.42,7.33,8,6.69,5.64
"47","Hugh McCluggage","BRI","MID",100,525109,545500,-20391,17,101.5,103.16,6.68,100,105.43,0.53,12.95,8.1,8,6.32,5.64
"48","Josh P. Kennedy","SYD","MID",100,523188,513500,9688,12,95.6,121.33,7.06,70.59,105,0.42,16.44,8.73,4.93,6.29,4.47
"49","Ollie Wines","POR","MID",99,522036,560600,-38564,15,104.3,104.24,7.07,88.24,107.67,0.53,13.16,8.75,6.77,6.45,5.64
"50","Steele Sidebottom","COL","MID",99,521267,588000,-66733,9,109.4,114.76,7.52,52.94,117,0.56,15.18,9.5,3.08,6.99,5.96
"51","Steele Sidebottom","COL","FWD",99,521267,588000,-66733,9,109.4,114.76,7.52,52.94,117,0.56,15.18,9.5,3.08,6.99,5.96
"52","Adam Treloar","WBD","MID",98,513841,587600,-73759,8,109.4,113.23,8.54,47.06,86,0.6,14.88,11.2,2.47,5.19,6.39
"53","Dylan Shiel","ESS","MID",98,512816,548000,-35184,15,102,102,7.65,88.24,97.17,0.47,12.73,9.71,6.77,5.84,5
"54","David Mundy","FRE","MID",97,511024,502000,9024,16,93.4,111.4,6.06,94.12,104,0.44,14.53,7.06,7.39,6.24,4.69
"55","Tom Stewart","GEE","DEF",97,507951,538000,-30049,14,100.1,101.06,6.16,82.35,110.33,0.67,12.55,7.23,6.16,6.6,7.13
"56","Andrew Brayshaw","FRE","MID",97,507823,544200,-36377,17,101.3,100.71,6.63,100,91.8,0.53,12.48,8.01,8,5.53,5.64
"57","Jordan Ridley","ESS","DEF",97,507695,547700,-40005,17,101.9,101.94,5.91,100,97.17,0.59,12.72,6.81,8,5.84,6.28
"58","Adam Saad","CAR","DEF",96,504237,526200,-21963,17,97.9,97.94,6.24,100,96.33,0.59,11.95,7.36,8,5.79,6.28
"59","Dayne Zorko","BRI","MID",96,504109,525800,-21691,15,97.9,110.52,6.02,88.24,93,0.53,14.36,7,6.77,5.6,5.64
"60","Dayne Zorko","BRI","FWD",96,504109,525800,-21691,15,97.9,110.52,6.02,88.24,93,0.53,14.36,7,6.77,5.6,5.64
"61","Marc Murphy","CAR","MID",96,503469,444700,58769,17,82.8,120.27,6.55,100,76.6,0.24,16.24,7.88,8,4.64,2.56
"62","Shaun Higgins","GEE","MID",95,500140,510400,-10260,17,95,103.2,7.12,100,81,0.41,12.96,8.83,8,4.9,4.37
"63","Luke McDonald","NME","DEF",95,498091,512900,-14809,17,95.5,95.47,6.74,100,114.8,0.41,11.47,8.2,8,6.86,4.37
"64","Sam Docherty","CAR","DEF",94,496171,496000,171,16,92.3,113.46,6.62,94.12,85,0.31,14.93,8,7.39,5.13,3.3
"65","Callum Mills","SYD","DEF",94,496043,544800,-48757,15,101.4,101.4,6.17,88.24,108,0.53,12.61,7.25,6.77,6.47,5.64
"66","Jayden Short","RIC","DEF",94,492457,519300,-26843,17,96.6,98.33,6.56,100,99.33,0.43,12.02,7.9,8,5.96,4.58
"67","Tim Kelly","WCE","MID",93,490665,517400,-26735,17,96.3,95.72,7.01,100,100,0.39,11.52,8.65,8,6,4.15
"68","Ed Curnow","CAR","MID",93,488360,512600,-24240,17,95.4,101.65,6.69,100,93.8,0.35,12.66,8.11,8,5.64,3.73
"69","Rowan Marshall","STK","FWD",93,488104,557200,-69096,17,103.7,108.64,4.79,100,102.86,0.47,14,4.95,8,6.17,5
"70","Robbie Gray","POR","FWD",93,487464,491100,-3636,17,91.4,111.15,5.37,100,104.67,0.32,14.48,5.91,8,6.27,3.41
"71","Jy Simpkin","NME","MID",93,487336,499700,-12364,17,93,93,6.74,100,86.6,0.53,11,8.2,8,5.22,5.64
"72","Jack Crisp","COL","DEF",93,486823,533200,-46377,17,99.2,98.16,6.07,100,108.29,0.42,11.99,7.08,8,6.48,4.47
"73","Trent Dumont","NME","MID",92,484391,543300,-58909,17,101.2,101.24,6.7,100,89.4,0.35,12.58,8.13,8,5.39,3.73
"74","Bailey Smith","WBD","MID",92,484263,494600,-10337,17,92.1,91.89,6.85,100,88.6,0.5,10.78,8.38,8,5.34,5.32
"75","Brayden Maynard","COL","DEF",91,480549,549900,-69351,17,102.4,96.84,5.87,100,89.71,0.53,11.74,6.75,8,5.4,5.64
"76","Josh Dunkley","WBD","MID",91,480549,560200,-79651,11,104.3,116.24,5.86,64.71,109.6,0.42,15.46,6.73,4.31,6.56,4.47
"77","Josh Dunkley","WBD","FWD",91,480549,560200,-79651,11,104.3,116.24,5.86,64.71,109.6,0.42,15.46,6.73,4.31,6.56,4.47
"78","Steven May","MEL","DEF",91,480293,507900,-27607,17,94.5,94.53,5.4,100,110.67,0.53,11.29,5.96,8,6.62,5.64
"79","Tom Hawkins","GEE","FWD",91,478116,568600,-90484,17,105.8,106.43,3.97,100,101.89,0.57,13.58,3.58,8,6.11,6.07
"80","Jack Viney","MEL","MID",91,477476,534900,-57424,16,99.6,99.56,6.7,94.12,90.6,0.38,12.26,8.13,7.39,5.46,4.05
"81","Luke Shuey","WCE","MID",91,476452,508600,-32148,12,94.7,106.32,6.61,70.59,82.67,0.54,13.56,7.98,4.93,4.99,5.75
"82","Harry Perryman","GWS","MID",90,474531,505000,-30469,16,94,94,6.16,94.12,98.75,0.5,11.19,7.23,7.39,5.93,5.32
"83","Michael Walters","FRE","MID",90,473251,531100,-57849,14,98.9,102.67,5.88,82.35,84.67,0.57,12.86,6.76,6.16,5.11,6.07
"84","Michael Walters","FRE","FWD",90,473251,531100,-57849,14,98.9,102.67,5.88,82.35,84.67,0.57,12.86,6.76,6.16,5.11,6.07
"85","Joel Selwood","GEE","MID",89,468513,445000,23513,11,82.8,123.08,5.54,64.71,96.2,0.33,16.78,6.2,4.31,5.78,3.52
"86","Nick Haynes","GWS","DEF",89,467489,528400,-60911,17,98.4,98.35,5.36,100,81.8,0.53,12.03,5.9,8,4.94,5.64
"87","Jacob Hopper","GWS","MID",88,464416,488600,-24184,17,90.9,96.2,6.44,100,97.8,0.29,11.61,7.7,8,5.87,3.09
"88","Andrew McGrath","ESS","MID",88,461343,510000,-48657,14,94.9,94.93,7.32,82.35,78.67,0.43,11.37,9.16,6.16,4.76,4.58
"89","Trent Cotchin","RIC","MID",88,460959,443500,17459,13,82.5,118.29,6.3,76.47,75.5,0.24,15.86,7.46,5.54,4.58,2.56
"90","Brad Crouch","STK","MID",87,458270,448600,9670,12,83.5,101.09,7.79,70.59,80,0.33,12.55,9.95,4.93,4.84,3.52
"91","Shannon Hurn","WCE","DEF",87,456605,477800,-21195,16,88.9,102.74,5.57,94.12,101,0.29,12.87,6.25,7.39,6.06,3.09
"92","Jarrod Witts","GCS","RUC",87,455325,501600,-46275,17,93.4,98.62,6.16,100,85.6,0.29,12.08,7.23,8,5.16,3.09
"93","Devon Smith","ESS","MID",86,452764,458000,-5236,16,85.2,98.33,6.01,94.12,94.2,0.31,12.02,6.98,7.39,5.67,3.3
"94","Mark Blicavs","GEE","DEF",86,451227,531600,-80373,17,98.9,104.65,4.03,100,95.56,0.43,13.24,3.68,8,5.74,4.58
"95","Mark Blicavs","GEE","MID",86,451227,531600,-80373,17,98.9,104.65,4.03,100,95.56,0.43,13.24,3.68,8,5.74,4.58
"96","Christian Salem","MEL","DEF",85,448922,469100,-20178,16,87.3,90.45,6.34,94.12,92.67,0.38,10.51,7.53,7.39,5.58,4.05
"97","Ed Langdon","MEL","MID",85,447898,487300,-39402,17,90.7,90.71,6.77,100,93.33,0.24,10.56,8.25,8,5.61,2.56
"98","Jack Billings","STK","MID",85,446874,514800,-67926,17,95.8,93.42,6.35,100,80.29,0.32,11.08,7.55,8,4.86,3.41
"99","Daniel Rich","BRI","DEF",85,444825,483100,-38275,13,89.9,95.46,6.11,76.47,118.25,0.33,11.47,7.15,5.54,7.06,3.52
"100","Dan Houston","POR","DEF",84,441368,489300,-47932,15,91.1,91.61,5.58,88.24,105.75,0.41,10.73,6.26,6.77,6.34,4.37
"101","Scott Lycett","POR","RUC",84,440728,520700,-79972,13,96.9,101.39,6.23,76.47,89.67,0.33,12.61,7.35,5.54,5.4,3.52
"102","Jaeger O'Meara","HAW","MID",83,437014,488000,-50986,12,90.8,94,6.62,70.59,92,0.42,11.19,8,4.93,5.54,4.47
"103","Adam Cerra","FRE","MID",83,436886,484800,-47914,17,90.2,89.76,5.79,100,100.6,0.29,10.38,6.61,8,6.04,3.09
"104","Dom Sheed","WCE","MID",83,436630,478500,-41870,16,89.1,91.96,6.9,94.12,71.8,0.29,10.8,8.46,7.39,4.36,3.09
"105","Brad Sheppard","WCE","DEF",83,435350,492700,-57350,17,91.7,89.89,5.55,100,86.83,0.39,10.4,6.21,8,5.24,4.15
"106","Sebastian Ross","STK","MID",83,434197,417900,16297,14,77.8,105.13,6.13,82.35,86.4,0.19,13.33,7.18,6.16,5.21,2.03
"107","Will Setterfield","CAR","MID",82,433429,481900,-48471,16,89.7,89.69,5.42,94.12,100.75,0.38,10.36,6,7.39,6.05,4.05
"108","Rhys Stanley","GEE","RUC",82,433173,551900,-118727,7,102.7,98.45,7.2275,41.18,102.17,0.45,12.05,9.01,1.85,6.13,4.79
"109","David Swallow","GCS","MID",82,431124,438400,-7276,15,81.6,102.08,6.31,88.24,87.75,0.13,12.74,7.48,6.77,5.29,1.39
"110","Rory Sloane","ADE","MID",82,430740,471900,-41160,12,87.8,115.83,5.6,70.59,86.33,0.17,15.38,6.3,4.93,5.21,1.82
"111","Brodie Smith","ADE","DEF",82,429460,438200,-8740,16,81.6,91.79,6.08,94.12,82.5,0.31,10.77,7.1,7.39,4.98,3.3
"112","Brodie Smith","ADE","MID",82,429460,438200,-8740,16,81.6,91.79,6.08,94.12,82.5,0.31,10.77,7.1,7.39,4.98,3.3
"113","James Worpel","HAW","MID",81,424850,474200,-49350,15,88.3,98.71,6.08,88.24,84,0.2,12.1,7.1,6.77,5.07,2.14
"114","Zak Jones","STK","MID",80,422545,494700,-72155,14,92.1,88.25,6.5,82.35,81,0.38,10.09,7.8,6.16,4.9,4.05
"115","Darcy Parish","ESS","MID",80,420113,465800,-45687,17,86.7,86.71,6.34,100,92.5,0.18,9.79,7.53,8,5.57,1.92
"116","Tim Taranto","GWS","MID",80,418192,453700,-35508,11,84.5,103.57,6.46,64.71,77.8,0.27,13.03,7.73,4.31,4.71,2.88
"117","Lachie Weller","GCS","MID",80,418064,436500,-18436,17,81.2,87.32,5.92,100,79.6,0.29,9.91,6.83,8,4.82,3.09
"118","Ben McEvoy","HAW","RUC",79,416143,456000,-39857,16,84.9,100.79,4.9,94.12,79.75,0.25,12.49,5.13,7.39,4.82,2.67
"119","Jarrod Berry","BRI","MID",79,415759,521500,-105741,15,97.1,90.76,5.7,88.24,81.8,0.35,10.57,6.46,6.77,4.94,3.73
"120","Jordan Dawson","SYD","DEF",79,415631,485700,-70069,16,85.4,86.09,5.55,94.12,98,0.31,9.67,6.21,7.39,5.89,3.3
"121","Bachar Houli","RIC","DEF",79,415247,465600,-50353,9,86.7,108.17,6.41,52.94,74,0.31,13.91,7.65,3.08,4.49,3.3
"122","Liam Shiels","HAW","MID",79,412686,420100,-7414,16,78.2,93.71,5.68,94.12,76,0.25,11.13,6.43,7.39,4.61,2.67
"123","Toby Nankervis","RIC","RUC",78,411406,442900,-31494,7,82.4,97.24,6.9125,41.18,102.4,0.36,11.81,8.49,1.85,6.14,3.84
"124","Liam Duggan","WCE","DEF",78,409229,448600,-39371,16,83.5,83.29,5.77,94.12,96,0.29,9.13,6.58,7.39,5.77,3.09
"125","Rory Lobb","FRE","RUC",78,408332,415000,-6668,17,77.2,87.07,5.9325,100,76.2,0.24,9.86,6.85,8,4.62,2.56
"126","Zac Williams","CAR","DEF",77,407052,458600,-51548,11,85.4,101.62,5.66,64.71,75.75,0.36,12.65,6.4,4.31,4.59,3.84
"127","Hamish Hartlett","POR","DEF",77,406156,421900,-15744,17,78.5,101.42,4.79,100,73.17,0.16,12.62,4.95,8,4.44,1.71
"128","Nick Vlastuin","RIC","DEF",77,404619,483500,-78881,16,90,91.62,4.7,94.12,81.89,0.35,10.73,4.8,7.39,4.95,3.73
"129","Jared Polec","NME","MID",77,403723,477800,-74077,13,88.9,88.92,6.41,76.47,94.5,0.23,10.21,7.65,5.54,5.68,2.45
"130","Robbie Tarrant","NME","DEF",77,402699,463100,-60401,16,86.2,86.19,5.21,94.12,90,0.31,9.69,5.65,7.39,5.42,3.3
"131","Darcy Byrne-Jones","POR","DEF",77,402186,441800,-39614,17,82.2,90,5.47,100,86.17,0.16,10.42,6.08,8,5.2,1.71
"132","Angus Brayshaw","MEL","MID",76,401674,435200,-33526,14,81,97.79,5.61,82.35,78.33,0.21,11.92,6.31,6.16,4.74,2.24
"133","Toby Greene","GWS","FWD",76,400650,448400,-47750,13,83.5,102.93,5.31,76.47,61,0.31,12.91,5.81,5.54,3.73,3.3
"134","Shai Bolton","RIC","MID",76,399754,462400,-62646,15,86.1,85.84,5.46,88.24,88.88,0.32,9.62,6.06,6.77,5.36,3.41
"135","Shai Bolton","RIC","FWD",76,399754,462400,-62646,15,86.1,85.84,5.46,88.24,88.88,0.32,9.62,6.06,6.77,5.36,3.41
"136","Brandon Ellis","GCS","MID",76,398217,450600,-52383,16,83.9,83.88,6.42,94.12,78.8,0.19,9.25,7.66,7.39,4.77,2.03
"137","Jason Johannisen","WBD","DEF",76,397577,448300,-50723,16,83.4,93.53,5.07,94.12,75.75,0.24,11.1,5.41,7.39,4.59,2.56
"138","Oscar McInerney","BRI","RUC",75,396680,443400,-46720,17,82.5,83.21,5.4775,100,82.71,0.26,9.12,6.09,8,5,2.77
"139","Kane Lambert","RIC","FWD",75,396296,445900,-49604,16,83,89.04,5.38,94.12,78,0.25,10.24,5.93,7.39,4.72,2.67
"140","Ben Keays","ADE","MID",75,392583,436200,-43617,16,81.2,81.19,5.86,94.12,85.2,0.25,8.73,6.73,7.39,5.14,2.67
"141","Bailey Williams","WBD","DEF",75,392327,452600,-60273,17,84.2,85.39,5.34,100,80.8,0.22,9.54,5.86,8,4.89,2.35
"142","Hunter Clark","STK","DEF",75,391687,438900,-47213,16,81.7,81.28,5.89,94.12,77.33,0.28,8.75,6.78,7.39,4.68,2.99
"143","Alex Witherden","WCE","DEF",74,389382,456100,-66718,6,94.3,94.33,6.86,35.29,69,0.5,11.25,8.4,1.24,4.2,5.32
"144","Mitch Robinson","BRI","MID",74,389382,418800,-29418,17,77.9,96.67,4.91,100,72.14,0.11,11.7,5.15,8,4.38,1.18
"145","Jack Bowes","GCS","DEF",74,389126,451300,-62174,17,84,84,5.98,100,70.2,0.18,9.27,6.93,8,4.27,1.92
"146","Kyle Langford","ESS","MID",74,388486,436900,-48414,16,81.3,81.31,5.95,94.12,87.67,0.19,8.75,6.88,7.39,5.29,2.03
"147","Kyle Langford","ESS","FWD",74,388486,436900,-48414,16,81.3,81.31,5.95,94.12,87.67,0.19,8.75,6.88,7.39,5.29,2.03
"148","Zak Butters","POR","FWD",73,384516,471400,-86884,15,87.7,85.82,4.73,88.24,83.75,0.35,9.62,4.85,6.77,5.06,3.73
"149","Tom Lynch","ADE","FWD",73,384388,407900,-23512,13,75.9,89.12,6.04,76.47,93,0.15,10.25,7.03,5.54,5.6,1.6
"150","Chad Wingard","HAW","FWD",73,384132,452300,-68168,17,84.2,84.18,4.67,100,80.4,0.29,9.3,4.75,8,4.86,3.09
"151","Liam Ryan","WCE","FWD",73,383364,409600,-26236,17,76.2,78.33,3.76,100,106.5,0.39,8.18,3.23,8,6.38,4.15
"152","Jack Lukosius","GCS","DEF",73,380931,430800,-49869,17,80.2,80.18,5.73,100,68,0.24,8.54,6.51,8,4.14,2.56
"153","Michael Hurley","ESS","DEF",72,380803,431400,-50597,14,80.3,102.52,5.2,82.35,59,0.14,12.83,5.63,6.16,3.62,1.5
"154","Shane Mumford","GWS","RUC",72,380419,420700,-40281,10,78.3,108.84,4.69,58.82,83.67,0.2,14.04,4.78,3.7,5.05,2.14
"155","Sam Petrevski-Seton","CAR","DEF",72,380291,401400,-21109,16,74.7,83.17,4.82,94.12,81,0.31,9.11,5,7.39,4.9,3.3
"156","Noah Anderson","GCS","MID",72,379907,411500,-31593,17,76.6,76.59,5.79,100,87.8,0.18,7.85,6.61,8,5.29,1.92
"157","Jack Gunston","HAW","FWD",72,378626,438200,-59574,16,81.6,96,3.57,94.12,94.25,0.19,11.57,2.91,7.39,5.67,2.03
"158","Josh Daicos","COL","MID",72,377218,442200,-64982,16,82.3,80.22,5.5,94.12,83.57,0.22,8.54,6.13,7.39,5.05,2.35
"159","Ben McEvoy","HAW","DEF",71,371328,456000,-84672,16,84.9,100.79,2.8,94.12,79.75,0.25,12.49,1.63,7.39,4.82,2.67
"160","Jack Redden","WCE","MID",70,370175,377900,-7725,12,70.3,99.85,5.48,70.59,65,0.15,12.31,6.1,4.93,3.97,1.6
"161","Michael Hibberd","MEL","DEF",70,368767,378000,-9233,14,70.4,100.1,5.16,82.35,65,0.07,12.36,5.56,6.16,3.97,0.75
"162","Charlie Dixon","POR","FWD",70,368511,498700,-130189,16,92.8,90.52,3.06,94.12,87.83,0.33,10.52,2.06,7.39,5.29,3.52
"163","Caleb Serong","FRE","MID",70,367871,435600,-67729,14,81.1,80.79,5.62,82.35,88.8,0.21,8.65,6.33,6.16,5.35,2.24
"164","Trent McKenzie","POR","DEF",70,367102,388300,-21198,15,72.3,110,3.75,88.24,72.83,0,14.26,3.21,6.77,4.42,0.01
"165","Jack Darling","WCE","FWD",70,366078,434900,-68822,17,80.9,88,3.28,100,85,0.28,10.04,2.43,8,5.13,2.99
"166","Zach Tuohy","GEE","MID",70,365310,405100,-39790,15,75.4,90.11,5.36,88.24,69.71,0.11,10.44,5.9,6.77,4.24,1.18
"167","Nick Coffield","STK","DEF",69,364926,426500,-61574,16,79.4,79.94,5.21,94.12,85.29,0.17,8.49,5.65,7.39,5.15,1.82
"168","Dion Prestia","RIC","MID",69,362109,446800,-84691,5,92.4,104.85,6.74,29.41,83,0.11,13.27,8.2,0.62,5.01,1.18
"169","Callum Sinclair","SYD","RUC",69,361340,414100,-52760,13,77.1,93.88,5.4775,76.47,62.5,0.15,11.17,6.09,5.54,3.82,1.6
"170","Sean Darcy","FRE","RUC",69,361212,420100,-58888,15,78.2,78.75,5.215,88.24,89.4,0.2,8.26,5.65,6.77,5.39,2.14
"171","Harris Andrews","BRI","DEF",68,359676,469700,-110024,14,87.4,87.56,3.82,82.35,88.75,0.31,9.95,3.33,6.16,5.35,3.3
"172","Jeremy McGovern","WCE","DEF",68,359036,462100,-103064,11,86,94.65,4.57,64.71,85.5,0.25,11.32,4.58,4.31,5.16,2.67
"173","Tom Phillips","HAW","MID",68,358267,402600,-44333,15,74.9,90.14,5.17,88.24,73,0.07,10.45,5.58,6.77,4.43,0.75
"174","Tom Phillips","HAW","FWD",68,358267,402600,-44333,15,74.9,90.14,5.17,88.24,73,0.07,10.45,5.58,6.77,4.43,0.75
"175","Jeremy Cameron","GEE","FWD",68,358011,388100,-30089,17,72.2,91,3.47,100,77.4,0.18,10.61,2.74,8,4.69,1.92
"176","Sam Powell-Pepper","POR","MID",68,357627,404500,-46873,17,75.3,78.44,4.77,100,75.5,0.21,8.2,4.91,8,4.58,2.24
"177","Sam Powell-Pepper","POR","FWD",68,357627,404500,-46873,17,75.3,78.44,4.77,100,75.5,0.21,8.2,4.91,8,4.58,2.24
"178","Jack Graham","RIC","MID",68,357243,446400,-89157,12,83.1,82.12,5.19,70.59,85.29,0.31,8.91,5.61,4.93,5.15,3.3
"179","Karl Amon","POR","MID",68,357115,431400,-74285,17,80.3,79.26,5.22,100,77.5,0.11,8.36,5.66,8,4.69,1.18
"180","Tom Barrass","WCE","DEF",68,355834,447200,-91366,17,83.2,81.22,3.51,100,87,0.28,8.74,2.81,8,5.25,2.99
"181","James Harmes","MEL","DEF",68,355706,344700,11006,13,64.2,94.96,4.98,76.47,78.5,0.08,11.37,5.26,5.54,4.75,0.86
"182","Oliver Florent","SYD","MID",67,354298,408300,-54002,17,76,76,5.61,100,60.6,0.18,7.73,6.31,8,3.71,1.92
"183","Rory Lobb","FRE","FWD",67,354042,415000,-60958,17,77.2,87.07,3.39,100,76.2,0.24,9.86,2.61,8,4.62,2.56
"184","Jack Martin","CAR","FWD",67,353786,446300,-92514,15,83.1,83.07,4.81,88.24,53,0.33,9.09,4.98,6.77,3.27,3.52
"185","Brandan Parfitt","GEE","MID",67,353402,455100,-101698,14,84.7,84.44,4.99,82.35,82.62,0.17,9.35,5.28,6.16,4.99,1.82
"186","Blake Acres","FRE","MID",67,353145,453600,-100455,7,84.4,84.43,6.38,41.18,69,0.43,9.35,7.6,1.85,4.2,4.58
"187","James Aish","FRE","MID",67,352633,404600,-51967,16,75.3,74.94,5.52,94.12,73,0.19,7.53,6.16,7.39,4.43,2.03
"188","Marlion Pickett","RIC","MID",67,349944,386500,-36556,15,71.9,96,4.21,88.24,62.67,0.11,11.57,3.98,6.77,3.83,1.18
"189","Peter Ladhams","POR","RUC",66,349304,460000,-110696,8,85.6,81.9,7.49,47.06,53.33,0.3,8.87,9.45,2.47,3.29,3.2
"190","Tom Papley","SYD","FWD",66,348664,428600,-79936,17,79.8,80.05,4.02,100,74.2,0.24,8.51,3.66,8,4.5,2.56
"191","Hayden Crozier","WBD","DEF",66,346871,409100,-62229,14,76.1,78.05,4.5,82.35,79.67,0.33,8.13,4.46,6.16,4.82,3.52
"192","Harry Cunningham","SYD","DEF",66,346615,410400,-63785,17,74.7,80.33,5.08,100,73,0.06,8.56,5.43,8,4.43,0.65
"193","Tom Jonas","POR","DEF",66,346615,373600,-26985,17,69.5,86.78,3.51,100,69.33,0.21,9.8,2.81,8,4.22,2.24
"194","Zac Bailey","BRI","MID",66,346487,420300,-73813,17,78.2,75.95,4.8,100,68,0.21,7.72,4.96,8,4.14,2.24
"195","Zac Bailey","BRI","FWD",66,346487,420300,-73813,17,78.2,75.95,4.8,100,68,0.21,7.72,4.96,8,4.14,2.24
"196","Ben Ainsworth","GCS","FWD",66,344695,406300,-61605,16,75.6,75.62,4.97,94.12,88.5,0.12,7.66,5.25,7.39,5.33,1.29
"197","Darcy Moore","COL","DEF",65,343414,430200,-86786,16,80.1,79.29,4.2,94.12,78.67,0.22,8.36,3.96,7.39,4.76,2.35
"198","Shaun Atley","NME","DEF",65,339317,404200,-64883,17,75.2,75.24,5.25,100,64,0.12,7.59,5.71,8,3.91,1.29
"199","Jack Newnes","CAR","MID",65,339189,401700,-62511,17,74.8,74.76,4.62,100,83.6,0.12,7.49,4.66,8,5.05,1.29
"200","Jack Newnes","CAR","FWD",65,339189,401700,-62511,17,74.8,74.76,4.62,100,83.6,0.12,7.49,4.66,8,5.05,1.29
"201","Marc Pittonet","CAR","RUC",64,337140,421500,-84360,13,78.5,78.46,5.215,76.47,88.5,0.15,8.21,5.65,5.54,5.33,1.6
"202","Ivan Soldo","RIC","RUC",64,337140,403000,-65860,14,75,80,4.655,82.35,63.25,0.29,8.5,4.72,6.16,3.86,3.09
"203","Liam Baker","RIC","DEF",64,337012,419100,-82088,16,78,76.2,5.12,94.12,75.78,0.1,7.77,5.5,7.39,4.59,1.07
"204","Dan Butler","STK","FWD",64,337012,416900,-79888,17,77.7,77.21,3.73,100,72.57,0.26,7.96,3.18,8,4.41,2.77
"205","Shaun Burgoyne","HAW","FWD",64,336628,378600,-41972,13,70.5,100.72,3.4,76.47,79,0.08,12.48,2.63,5.54,4.78,0.86
"206","Mitch Wallis","WBD","FWD",64,335219,379900,-44681,17,70.7,99.23,2.98,100,55.4,0.06,12.19,1.93,8,3.41,0.65
"207","Jacob Weitering","CAR","DEF",63,333043,410400,-77357,17,74.7,74.71,3.93,100,84.4,0.18,7.48,3.51,8,5.1,1.92
"208","Jack Riewoldt","RIC","FWD",63,333043,344500,-11457,17,64.1,96.88,2.84,100,66.22,0.05,11.74,1.69,8,4.04,0.54
"209","Jake Lever","MEL","DEF",63,332018,419400,-87382,17,78.1,78.06,3.53,100,83.5,0.18,8.13,2.84,8,5.04,1.92
"210","Tim Membrey","STK","FWD",63,331634,363700,-32066,16,67.7,82.67,3.5,94.12,80.83,0.17,9.01,2.79,7.39,4.89,1.82
"211","Shane Edwards","RIC","MID",63,329841,416700,-86859,6,86.2,89.04,5.93,35.29,69.5,0.3,10.24,6.85,1.24,4.23,3.2
"212","Jamie Cripps","WCE","FWD",63,328817,373600,-44783,13,69.5,81.48,4.17,76.47,99,0.14,8.79,3.91,5.54,5.94,1.5
"213","Sam Collins","GCS","DEF",62,328177,422500,-94323,17,78.6,78.65,3.61,100,74,0.18,8.24,2.98,8,4.49,1.92
"214","James Rowbottom","SYD","MID",62,327537,405600,-78063,16,75.5,75.5,5.06,94.12,63.25,0.12,7.64,5.4,7.39,3.86,1.29
"215","Kamdyn McIntosh","RIC","MID",62,327153,381500,-54347,14,71,79.83,4.67,82.35,71.56,0.17,8.47,4.75,6.16,4.35,1.82
"216","Toby McLean","WBD","FWD",62,327025,366700,-39675,12,68.2,95.08,4.44,70.59,65.33,0.08,11.4,4.36,4.93,3.99,0.86
"217","Luke Breust","HAW","FWD",62,326256,428100,-101844,13,81.5,89.62,3.44,76.47,88,0.15,10.35,2.69,5.54,5.3,1.6
"218","Michael Gibbons","CAR","FWD",62,323951,401500,-77549,15,74.7,74.73,4.91,88.24,61.33,0.2,7.49,5.15,6.77,3.75,2.14
"219","Jonathon Ceglar","HAW","RUC",61,322927,388100,-65173,13,72.2,76.8,5.8625,76.47,56.33,0.15,7.89,6.73,5.54,3.46,1.6
"220","James Cousins","HAW","MID",61,322159,412600,-90441,6,85.3,85.33,6.19,35.29,88,0.17,9.52,7.28,1.24,5.3,1.82
"221","Callum Wilkie","STK","DEF",61,321263,409000,-87737,17,76.1,73.47,4.32,100,65,0.16,7.25,4.16,8,3.97,1.71
"222","Jackson Nelson","WCE","DEF",61,320238,397600,-77362,14,74,72.33,4.75,82.35,66.6,0.27,7.03,4.88,6.16,4.06,2.88
"223","Will Snelling","ESS","FWD",61,319982,368500,-48518,17,68.6,78.25,4.32,100,66,0.06,8.16,4.16,8,4.02,0.65
"224","Charlie Cameron","BRI","FWD",61,318830,395400,-76570,17,73.6,76.81,3.33,100,70,0.21,7.89,2.51,8,4.26,2.24
"225","Jamie Elliott","COL","MID",61,318574,362700,-44126,16,67.5,85.42,4,94.12,70.83,0,9.54,3.63,7.39,4.31,0.01
"226","Jamie Elliott","COL","FWD",61,318574,362700,-44126,16,67.5,85.42,4,94.12,70.83,0,9.54,3.63,7.39,4.31,0.01
"227","Gryan Miers","GEE","FWD",61,318061,387100,-69039,17,72.1,71.57,4.39,100,68.67,0.14,6.88,4.28,8,4.18,1.5
"228","Ethan Hughes","FRE","DEF",60,316781,381800,-65019,17,71.1,71,4.26,100,87.2,0.06,6.77,4.06,8,5.26,0.65
"229","Stephen Hill","FRE","DEF",60,316653,338000,-21347,12,62.9,96,4.36,70.59,65.4,0,11.57,4.23,4.93,3.99,0.01
"230","Luke Davies-Uniacke","NME","MID",60,315885,432800,-116915,9,80.6,80.56,5.78,52.94,86.25,0.11,8.61,6.6,3.08,5.2,1.18
"231","Connor Rozee","POR","FWD",59,312299,377200,-64901,14,70.2,78.71,4.17,82.35,66.33,0.19,8.25,3.91,6.16,4.04,2.03
"232","Aaron Hall","NME","FWD",59,312043,392200,-80157,15,73,73.5,4.87,88.24,50.67,0.2,7.25,5.08,6.77,3.13,2.14
"233","John Noble","COL","DEF",59,310251,393300,-83049,15,73.2,69,5.17,88.24,69,0.12,6.39,5.58,6.77,4.2,1.29
"234","Jack Scrimshaw","HAW","DEF",59,308458,399600,-91142,13,74.4,74.31,4.93,76.47,84.4,0.08,7.41,5.18,5.54,5.1,0.86
"235","Blake Hardwick","HAW","DEF",59,308330,373100,-64770,16,69.4,78.62,4.09,94.12,66,0.06,8.24,3.78,7.39,4.02,0.65
"236","Nathan Wilson","FRE","DEF",58,307050,395100,-88050,15,73.5,79.3,4.56,88.24,70.2,0,8.37,4.56,6.77,4.27,0.01
"237","Brennan Cox","FRE","DEF",58,305641,433500,-127859,13,80.7,79.92,3.8,76.47,81.8,0.15,8.49,3.3,5.54,4.94,1.6
"238","Levi Casboult","CAR","FWD",58,305257,349900,-44643,17,65.1,74.59,3.16,100,58.6,0.24,7.46,2.23,8,3.59,2.56
"239","Dougal Howard","STK","DEF",58,305129,355200,-50071,17,66.1,69.16,3.55,100,79.71,0.16,6.42,2.88,8,4.82,1.71
"240","Taylor Walker","ADE","FWD",58,304873,298200,6673,14,55.5,100,2.65,82.35,51.5,0.07,12.34,1.38,6.16,3.18,0.75
"241","Oscar Allen","WCE","FWD",58,303849,422100,-118251,14,78.6,77.67,3.07,82.35,75.2,0.27,8.05,2.08,6.16,4.56,2.88
"242","David Mackay","ADE","DEF",58,303208,393300,-90092,10,73.2,82.1,5.49,58.82,82,0,8.9,6.11,3.7,4.96,0.01
"243","Bradley Hill","STK","MID",58,303208,354000,-50792,17,65.9,62.74,5.27,100,69,0.05,5.19,5.75,8,4.2,0.54
"244","Xavier Duursma","POR","MID",57,302056,398400,-96344,13,74.2,76.86,4.25,76.47,77.8,0.13,7.9,4.05,5.54,4.71,1.39
"245","Dylan Grimes","RIC","DEF",57,300007,382800,-82793,16,71.2,77.89,3.39,94.12,60.88,0.15,8.1,2.61,7.39,3.73,1.6
"246","Jack Sinclair","STK","MID",57,297830,426600,-128770,10,79.4,82.21,4.84,58.82,78.29,0.08,8.93,5.03,3.7,4.74,0.86
"247","Bayley Fritsch","MEL","FWD",57,297574,359300,-61726,16,66.9,76.79,3.71,94.12,79.6,0,7.88,3.14,7.39,4.82,0.01
"248","Ryan Lester","BRI","DEF",57,297446,380200,-82754,13,70.8,78.64,4.22,76.47,77.6,0.07,8.24,4,5.54,4.7,0.75
"249","Luke Dahlhaus","GEE","FWD",57,297318,375200,-77882,12,69.8,81.75,4.37,70.59,64,0.12,8.84,4.25,4.93,3.91,1.29
"250","Ryan Clarke","SYD","MID",56,296550,407800,-111250,10,75.9,75.9,5.64,58.82,71,0.1,7.71,6.36,3.7,4.32,1.07
"251","Luke Brown","ADE","DEF",56,296166,363400,-67234,17,67.6,69.96,4.1,100,67.4,0.06,6.57,3.8,8,4.11,0.65
"252","Jarryn Geary","STK","DEF",56,295654,320400,-24746,14,59.6,81.59,3.55,82.35,75.67,0.06,8.81,2.88,6.16,4.59,0.65
"253","Nathan Jones","MEL","MID",56,295142,292100,3042,8,54.4,108.14,4.38,47.06,38,0,13.91,4.26,2.47,2.4,0.01
"254","Nathan Jones","MEL","FWD",56,295142,292100,3042,8,54.4,108.14,4.38,47.06,38,0,13.91,4.26,2.47,2.4,0.01
"255","Patrick Lipinski","WBD","MID",56,294245,429800,-135555,12,80,79.5,5.24,70.59,64.5,0,8.4,5.7,4.93,3.94,0.01
"256","Aidan Corr","NME","DEF",56,293861,381100,-87239,15,70.9,70.93,4.02,88.24,59,0.2,6.76,3.66,6.77,3.62,2.14
"257","Darcy Gardiner","BRI","DEF",56,292325,362800,-70475,17,67.5,71.05,3.96,100,73.83,0,6.78,3.56,8,4.48,0.01
"258","Liam Jones","CAR","DEF",55,291556,387500,-95944,17,72.1,77.5,2.82,100,84.2,0,8.02,1.66,8,5.08,0.01
"259","Will Hoskin-Elliott","COL","FWD",55,290660,337500,-46840,16,62.8,80.29,3.44,94.12,66.5,0,8.56,2.69,7.39,4.05,0.01
"260","Eric Hipwood","BRI","FWD",55,290276,391300,-101024,17,72.8,69.47,3.52,100,68.71,0.11,6.48,2.83,8,4.18,1.18
"261","Mark O'Connor","GEE","DEF",55,290148,380800,-90652,17,70.9,68.9,3.65,100,61.33,0.14,6.37,3.04,8,3.75,1.5
"262","Wil Powell","GCS","DEF",55,289764,358900,-69136,15,66.8,66.8,4.6,88.24,74.4,0.07,5.97,4.63,6.77,4.51,0.75
"263","Cameron Rayner","BRI","FWD",55,288867,392900,-104033,15,73.1,71.65,3.51,88.24,79.2,0.12,6.9,2.81,6.77,4.79,1.29
"264","Lachie Henderson","GEE","DEF",55,286563,377700,-91137,10,70.3,79.38,4.21,58.82,79.67,0.14,8.38,3.98,3.7,4.82,1.5
"265","Harry Morrison","HAW","DEF",55,286435,358500,-72065,11,66.7,79,4.5,64.71,71,0.09,8.31,4.46,4.31,4.32,0.97
"266","Harry Morrison","HAW","MID",55,286435,358500,-72065,11,66.7,79,4.5,64.71,71,0.09,8.31,4.46,4.31,4.32,0.97
"267","Ben Long","STK","DEF",54,285922,384100,-98178,14,71.5,69.53,4.2,82.35,71.33,0.13,6.49,3.96,6.16,4.33,1.39
"268","Sam Reid","SYD","FWD",54,285666,328300,-42634,10,61.1,104,2.87,58.82,61.2,0,13.11,1.74,3.7,3.75,0.01
"269","Ben Paton","STK","DEF",54,285282,344200,-58918,17,64.1,61.58,4.27,100,57.57,0.16,4.96,4.08,8,3.53,1.71
"270","Lincoln McCarthy","BRI","FWD",54,282209,354600,-72391,15,66,68.71,3.47,88.24,70.4,0.18,6.33,2.74,6.77,4.28,1.92
"271","Anthony McDonald-Tipungwuti","ESS","FWD",54,281569,370400,-88831,17,68.9,74.08,2.86,100,69.83,0.06,7.36,1.73,8,4.25,0.65
"272","Peter Ladhams","POR","FWD",53,280801,460000,-179199,8,85.6,81.9,4.28,47.06,53.33,0.3,8.87,4.1,2.47,3.29,3.2
"273","Jason Castagna","RIC","FWD",53,279520,341000,-61480,17,63.5,66.27,3.91,100,64.78,0.05,5.86,3.48,8,3.95,0.54
"274","Lachie Plowman","CAR","DEF",53,279392,354900,-75508,16,66.1,72.74,3.62,94.12,60,0.06,7.11,2.99,7.39,3.68,0.65
"275","Brody Mihocek","COL","FWD",53,278880,366000,-87120,16,68.1,70.17,2.79,94.12,71.67,0.17,6.61,1.61,7.39,4.35,1.82
"276","Eddie Betts","CAR","FWD",53,278752,308800,-30048,15,57.5,83.52,3.15,88.24,46,0.07,9.18,2.21,6.77,2.86,0.75
"277","Jake Kelly","ADE","DEF",53,277343,309800,-32457,15,57.7,76.71,2.95,88.24,72.25,0.07,7.87,1.88,6.77,4.39,0.75
"278","Taylin Duman","FRE","DEF",53,276959,354600,-77641,15,66,70.2,3.8,88.24,68.8,0.07,6.62,3.3,6.77,4.19,0.75
"279","Jarrod Harbrow","GCS","DEF",53,276959,309100,-32141,13,57.5,83.42,4.34,76.47,43.5,0,9.16,4.2,5.54,2.72,0.01
"280","Chris Mayne","COL","MID",53,276959,373400,-96441,12,69.5,76.13,4.6,70.59,58,0.07,7.76,4.63,4.93,3.56,0.75
"281","Jeremy Finlayson","GWS","FWD",52,275679,346700,-71021,15,64.5,79.4,2.75,88.24,67,0.07,8.39,1.54,6.77,4.08,0.75
"282","Callum Ah Chee","BRI","DEF",52,275295,353300,-78005,16,65.8,65.33,4.11,94.12,65.14,0.06,5.68,3.81,7.39,3.97,0.65
"283","Aliir Aliir","POR","DEF",52,274911,321200,-46289,14,59.8,80.5,3.29,82.35,70,0,8.6,2.44,6.16,4.26,0.01
"284","Izak Rankine","GCS","FWD",52,274783,371600,-96817,12,69.2,69.17,4.03,70.59,61.4,0.25,6.42,3.68,4.93,3.76,2.67
"285","Gary Rohan","GEE","FWD",52,274526,392200,-117674,15,73,70.26,2.8,88.24,68.43,0.21,6.63,1.63,6.77,4.17,2.24
"286","Robbie Fox","SYD","DEF",52,272606,385700,-113094,14,71.8,71.79,3.51,82.35,63.8,0.14,6.92,2.81,6.16,3.9,1.5
"287","Jake Carlisle","STK","DEF",52,272222,372500,-100278,12,69.3,80.11,3.84,70.59,58.5,0.08,8.52,3.36,4.93,3.59,0.86
"288","Brent Daniels","GWS","FWD",52,272094,356600,-84506,16,66.4,66.38,4.06,94.12,69.75,0,5.88,3.73,7.39,4.24,0.01
"289","Mason Redman","ESS","DEF",52,271581,330200,-58619,13,61.5,81.5,4.04,76.47,51.33,0,8.79,3.7,5.54,3.17,0.01
"290","Reece Conca","FRE","DEF",52,271069,370300,-99231,14,68.9,68.5,4.74,82.35,63,0,6.29,4.86,6.16,3.85,0.01
"291","Daniel Talia","ADE","DEF",51,269917,354600,-84683,14,66,79.77,3.14,82.35,44.5,0.14,8.46,2.19,6.16,2.77,1.5
"292","Will Day","HAW","DEF",51,267356,384400,-117044,11,71.5,71.09,4.97,64.71,74.5,0,6.79,5.25,4.31,4.52,0.01
"293","Justin McInerney","SYD","MID",51,267228,384400,-117172,9,71.6,71.56,4.74,52.94,80.5,0.11,6.88,4.86,3.08,4.87,1.18
"294","Tom Scully","HAW","MID",50,264667,290500,-25833,14,54.1,66.26,4.31,82.35,74,0,5.86,4.15,6.16,4.49,0.01
"295","Tom Scully","HAW","FWD",50,264667,290500,-25833,14,54.1,66.26,4.31,82.35,74,0,5.86,4.15,6.16,4.49,0.01
"296","Tom Clurey","POR","DEF",50,264283,335500,-71217,16,62.4,73.48,3.17,94.12,50.2,0.06,7.25,2.24,7.39,3.11,0.65
"297","Grant Birchall","BRI","DEF",50,263771,375300,-111529,14,69.9,67.5,4.54,82.35,62.2,0,6.1,4.53,6.16,3.8,0.01
"298","Steven Motlop","POR","FWD",50,262874,308500,-45626,12,57.4,70.71,3.42,70.59,78,0.14,6.72,2.66,4.93,4.72,1.5
"299","Josh Battle","STK","MID",50,261594,362900,-101306,13,67.5,72.29,3.47,76.47,59.17,0.14,7.02,2.74,5.54,3.63,1.5
"300","Josh Battle","STK","FWD",50,261594,362900,-101306,13,67.5,72.29,3.47,76.47,59.17,0.14,7.02,2.74,5.54,3.63,1.5
"301","Jordan De Goey","COL","FWD",50,261210,435200,-173990,8,81,85.67,4.26,47.06,52,0.1,9.59,4.06,2.47,3.21,1.07
"302","Noah Balta","RIC","DEF",49,257753,373600,-115847,13,69.5,67.12,3.73,76.47,67.11,0.12,6.03,3.18,5.54,4.09,1.29
"303","Jack Henry","GEE","DEF",49,257625,325500,-67875,17,60.6,64.19,3.14,100,64.44,0.05,5.46,2.19,8,3.93,0.54
"304","Jake Melksham","MEL","FWD",49,257497,296800,-39303,17,55.2,71.13,3.17,100,49.5,0,6.8,2.24,8,3.06,0.01
"305","Sam Day","GCS","FWD",49,255448,298300,-42852,17,55.5,68.1,3.03,100,49.8,0.06,6.21,2.01,8,3.08,0.65
"306","Easton Wood","WBD","DEF",49,255064,297700,-42636,12,55.4,86.04,3.08,70.59,37.67,0.08,9.66,2.09,4.93,2.38,0.86
"307","Isaac Quaynor","COL","DEF",48,254552,405300,-150748,9,75.4,72.18,4.27,52.94,78.5,0.09,7,4.08,3.08,4.75,0.97
"308","Shane McAdam","ADE","FWD",48,253911,354600,-100689,13,66,66,3.32,76.47,85,0.08,5.81,2.49,5.54,5.13,0.86
"309","Trent Rivers","MEL","DEF",48,253015,350400,-97385,9,65.2,65.22,4.61,52.94,86,0.11,5.66,4.65,3.08,5.19,1.18
"310","Elliott Himmelberg","ADE","FWD",48,252887,358000,-105113,11,66.6,71,3.41,64.71,83.8,0.09,6.77,2.64,4.31,5.06,0.97
"311","Daniel Rioli","RIC","FWD",48,251863,341500,-89637,14,63.6,65.83,3.75,82.35,74.38,0,5.78,3.21,6.16,4.51,0.01
"312","Jack Madgen","COL","DEF",48,250838,380500,-129662,11,70.8,68.15,3.79,64.71,68.71,0.15,6.22,3.28,4.31,4.18,1.6
"313","Zac Fisher","CAR","FWD",48,250198,394200,-144002,8,73.4,73.38,4.76,47.06,59.5,0.12,7.23,4.9,2.47,3.65,1.29
"314","Lachlan Keeffe","GWS","DEF",48,250070,372800,-122730,13,69.4,69.38,2.99,76.47,78.2,0.08,6.46,1.94,5.54,4.73,0.86
"315","Josh Thomas","COL","FWD",47,249558,305800,-56242,12,56.9,79.48,3.36,70.59,58.57,0,8.4,2.56,4.93,3.59,0.01
"316","Cameron Zurhaar","NME","FWD",47,249174,337800,-88626,16,62.9,65.81,3.25,94.12,53,0.06,5.77,2.38,7.39,3.27,0.65
"317","Will Hayward","SYD","FWD",47,248662,327100,-78438,16,60.9,60.88,3.44,94.12,63.2,0.06,4.83,2.69,7.39,3.86,0.65
"318","Alex Sexton","GCS","FWD",47,248277,330000,-81723,14,61.4,65.44,3.28,82.35,71.67,0.07,5.7,2.43,6.16,4.35,0.75
"319","Josh Walker","NME","DEF",47,248149,329600,-81451,17,61.4,61.35,3.57,100,46.6,0.06,4.92,2.91,8,2.9,0.65
"320","Jed Bews","GEE","DEF",47,247893,341800,-93907,16,63.6,60.9,3.51,94.12,62,0.05,4.83,2.81,7.39,3.79,0.54
"321","Brendon Ah Chee","WCE","FWD",47,246869,310200,-63331,15,57.7,70,3.38,88.24,54,0,6.58,2.59,6.77,3.33,0.01
"322","Nick Blakey","SYD","MID",47,246741,318700,-71959,16,59.3,59.31,3.46,94.12,65,0.06,4.53,2.73,7.39,3.97,0.65
"323","Nick Blakey","SYD","FWD",47,246741,318700,-71959,16,59.3,59.31,3.46,94.12,65,0.06,4.53,2.73,7.39,3.97,0.65
"324","Tim O'Brien","HAW","FWD",47,246229,297500,-51271,16,55.4,72.33,2.3,94.12,65.8,0,7.03,0.79,7.39,4.01,0.01
"325","Alex Keath","WBD","DEF",46,243156,323900,-80744,17,60.3,59.83,3.21,100,55.2,0.06,4.63,2.31,8,3.4,0.65
"326","Tom Cole","WCE","DEF",46,242643,364600,-121957,14,67.9,66.27,3.66,82.35,63.17,0,5.86,3.06,6.16,3.86,0.01
"327","Sam Draper","ESS","RUC",46,241747,378100,-136353,8,70.4,70.38,4.7775,47.06,57.75,0.12,6.65,4.93,2.47,3.54,1.29
"328","Andrew McPherson","ADE","DEF",46,241491,368300,-126809,9,68.6,68.56,4.48,52.94,83.5,0,6.3,4.43,3.08,5.04,0.01
"329","Sam Simpson","GEE","FWD",45,237394,350600,-113206,6,72.5,73.78,4.47,35.29,72.5,0.11,7.31,4.41,1.24,4.4,1.18
"330","Nathan Broad","RIC","DEF",45,237010,349200,-112190,13,65,64.25,3.77,76.47,58.75,0.06,5.48,3.24,5.54,3.6,0.65
"331","Charlie Ballard","GCS","DEF",45,236241,307600,-71359,16,57.2,61.91,3.46,94.12,53.4,0,5.03,2.73,7.39,3.29,0.01
"332","Daniel Lloyd","GWS","FWD",45,235473,330900,-95427,12,61.6,63.5,3.43,70.59,75.67,0.08,5.33,2.68,4.93,4.59,0.86
"333","Riley Bonner","POR","DEF",45,235345,318200,-82855,9,59.2,76.67,4.39,52.94,51,0,7.86,4.28,3.08,3.15,0.01
"334","Jake Kolodjashnij","GEE","DEF",45,234705,330200,-95495,13,61.5,67.22,3.35,76.47,57.88,0.06,6.05,2.54,5.54,3.55,0.65
"335","Adam Tomlinson","MEL","DEF",45,234577,324000,-89423,13,60.3,60.31,4.2,76.47,67.17,0,4.72,3.96,5.54,4.09,0.01
"336","Adam Tomlinson","MEL","MID",45,234577,324000,-89423,13,60.3,60.31,4.2,76.47,67.17,0,4.72,3.96,5.54,4.09,0.01
"337","Brandon Starcevich","BRI","DEF",45,234321,307300,-72979,16,57.2,56.67,3.34,94.12,60.67,0.06,4.02,2.53,7.39,3.71,0.65
"338","Connor Blakely","FRE","MID",45,234193,295000,-60807,5,61,89.18,5,29.41,33,0,10.26,5.3,0.62,2.1,0.01
"339","Ed Richards","WBD","MID",44,233296,309300,-76004,16,57.6,59.65,3.47,94.12,56.8,0,4.59,2.74,7.39,3.49,0.01
"340","Ed Richards","WBD","FWD",44,233296,309300,-76004,16,57.6,59.65,3.47,94.12,56.8,0,4.59,2.74,7.39,3.49,0.01
"341","Lachlan Sholl","ADE","DEF",44,233040,343200,-110160,8,63.9,63.88,4.65,47.06,71.2,0.12,5.4,4.71,2.47,4.33,1.29
"342","Lachlan Sholl","ADE","MID",44,233040,343200,-110160,8,63.9,63.88,4.65,47.06,71.2,0.12,5.4,4.71,2.47,4.33,1.29
"343","Martin Gleeson","ESS","DEF",44,232272,293400,-61128,13,54.6,71.39,3.56,76.47,45.8,0,6.85,2.89,5.54,2.85,0.01
"344","Lachie Ash","GWS","DEF",44,232016,320600,-88584,12,59.7,59.67,3.8,70.59,87.5,0,4.6,3.3,4.93,5.28,0.01
"345","Jaidyn Stephenson","NME","FWD",44,230735,354100,-123365,12,65.9,80.29,2.99,70.59,41.25,0,8.56,1.94,4.93,2.58,0.01
"346","Tom Williamson","CAR","DEF",44,230351,313400,-83049,15,58.3,58.33,3.75,88.24,59.8,0,4.34,3.21,6.77,3.66,0.01
"347","Bailey Scott","NME","MID",44,230351,332300,-101949,13,61.8,61.85,3.54,76.47,60.8,0.08,5.01,2.86,5.54,3.72,0.86
"348","Bailey Scott","NME","FWD",44,230351,332300,-101949,13,61.8,61.85,3.54,76.47,60.8,0.08,5.01,2.86,5.54,3.72,0.86
"349","Sydney Stack","RIC","MID",44,229711,277600,-47889,9,51.7,80.12,3.52,52.94,57,0,8.52,2.83,3.08,3.5,0.01
"350","Sydney Stack","RIC","FWD",44,229711,277600,-47889,9,51.7,80.12,3.52,52.94,57,0,8.52,2.83,3.08,3.5,0.01
"351","Jye Caldwell","ESS","MID",43,227790,348600,-120810,9,64.9,64.89,4.24,52.94,84,0,5.6,4.03,3.08,5.07,0.01
"352","Jye Caldwell","ESS","FWD",43,227790,348600,-120810,9,64.9,64.89,4.24,52.94,84,0,5.6,4.03,3.08,5.07,0.01
"353","James Frawley","STK","DEF",43,227150,295900,-68750,14,55.1,68.36,2.77,82.35,61,0,6.26,1.58,6.16,3.73,0.01
"354","Harry McKay","CAR","FWD",43,226638,319900,-93262,13,59.5,67.53,2.65,76.47,77,0,6.11,1.38,5.54,4.66,0.01
"355","Tyson Stengle","ADE","FWD",43,225870,305300,-79430,12,56.8,62,3.45,70.59,67.25,0.08,5.04,2.71,4.93,4.1,0.86
"356","Jordan Roughead","COL","DEF",42,223053,311300,-88247,15,57.9,62.73,2.95,88.24,58.33,0,5.18,1.88,6.77,3.58,0.01
"357","Tom Cutler","ESS","MID",42,221644,364700,-143056,8,67.9,67.88,4.55,47.06,67.5,0,6.17,4.55,2.47,4.11,0.01
"358","Dean Kent","STK","FWD",42,220876,335200,-114324,13,62.4,63.69,3.24,76.47,41.33,0.13,5.37,2.36,5.54,2.59,1.39
"359","Matt Guelfi","ESS","DEF",42,220108,324300,-104192,11,60.4,61.4,4.18,64.71,65.67,0,4.93,3.93,4.31,4.01,0.01
"360","Max King","STK","FWD",41,217675,327400,-109725,16,60.9,61.11,2.6,94.12,56,0,4.87,1.29,7.39,3.44,0.01
"361","Daniel McStay","BRI","FWD",41,214218,333800,-119582,15,62.1,60.57,2.65,88.24,51.17,0.06,4.77,1.38,6.77,3.16,0.65
"362","Sam Frost","HAW","DEF",41,213321,304900,-91579,16,56.8,56.5,3.26,94.12,46.25,0,3.99,2.39,7.39,2.88,0.01
"363","Ben King","GCS","FWD",41,213065,298700,-85635,17,55.6,55.59,2.49,100,49.6,0.06,3.81,1.11,8,3.07,0.65
"364","Jake Aarts","RIC","FWD",41,212809,329400,-116591,13,61.3,60.64,3.32,76.47,62.17,0,4.78,2.49,5.54,3.8,0.01
"365","Joe Daniher","BRI","FWD",40,212041,233300,-21259,4,48.2,85.36,3.14,23.53,34,0.25,9.53,2.19,0.01,2.16,2.67
"366","Aaron Naughton","WBD","FWD",40,211913,329700,-117787,11,61.4,66.64,2.26,64.71,61.4,0.17,5.93,0.73,4.31,3.76,1.82
"367","Tom Atkins","GEE","FWD",40,210248,293500,-83252,11,54.6,64.12,3.14,64.71,73.4,0,5.45,2.19,4.31,4.46,0.01
"368","Lachie Fogarty","CAR","FWD",40,207815,319100,-111285,6,66,66,4.35,35.29,51,0.17,5.81,4.21,1.24,3.15,1.82
"369","Tom De Koning","CAR","RUC",39,207175,305500,-98325,7,56.9,56.86,4.795,41.18,62.5,0.14,4.06,4.95,1.85,3.82,1.5
"370","Dylan Stephens","SYD","MID",39,207047,337800,-130753,8,62.9,62.88,4.27,47.06,72.5,0,5.21,4.08,2.47,4.4,0.01
"371","Jack Lonie","STK","FWD",39,206535,351200,-144665,11,65.4,65.23,3.45,64.71,56,0,5.66,2.71,4.31,3.44,0.01
"372","Tom McCartin","SYD","FWD",39,206023,312800,-106777,14,58.2,58.21,2.9,82.35,62.4,0,4.31,1.79,6.16,3.82,0.01
"373","Lachlan Murphy","ADE","FWD",39,205895,328600,-122705,12,61.2,61.17,3.27,70.59,63,0,4.88,2.41,4.93,3.85,0.01
"374","Lewis Melican","SYD","DEF",39,204614,324700,-120086,9,60.4,64.33,3.38,52.94,59.4,0.11,5.49,2.59,3.08,3.64,1.18
"375","Josh Bruce","WBD","FWD",39,203846,275000,-71154,16,51.2,51.18,2.58,94.12,59.75,0.06,2.96,1.26,7.39,3.66,0.65
"376","Alex Neal-Bullen","MEL","FWD",38,201029,310100,-109071,7,57.7,77.67,3.04,41.18,61.5,0,8.05,2.03,1.85,3.76,0.01
"377","Adam Kennedy","GWS","MID",38,200773,300900,-100127,6,56,81.11,3.8,35.29,38.5,0,8.71,3.3,1.24,2.42,0.01
"378","Josh Rotham","WCE","DEF",38,198212,331500,-133288,10,61.7,63.25,3.74,58.82,53.6,0,5.28,3.19,3.7,3.3,0.01
"379","Jack Ross","RIC","MID",37,195779,333100,-137321,7,62,62.57,4.58,41.18,60,0,5.15,4.6,1.85,3.68,0.01
"380","Todd Marshall","POR","FWD",37,194755,377400,-182645,12,70.2,64.14,2.57,70.59,32.67,0.14,5.45,1.24,4.93,2.09,1.5
"381","Levi Greenwood","COL","MID",37,192962,276800,-83838,4,57.2,79.5,3.7,23.53,57.33,0,8.4,3.13,0.01,3.52,0.01
"382","Ben McKay","NME","DEF",37,192578,333600,-141022,11,62.1,62.09,3.09,64.71,57.8,0,5.06,2.11,4.31,3.55,0.01
"383","Tyler Brown","COL","MID",36,189377,311000,-121623,9,57.9,57.89,3.7,52.94,71,0,4.25,3.13,3.08,4.32,0.01
"384","Harry Schoenberg","ADE","FWD",36,188609,315600,-126991,8,58.8,58.75,4.16,47.06,64.4,0,4.42,3.9,2.47,3.93,0.01
"385","Ryan Burton","POR","DEF",36,188481,318800,-130319,6,59.3,74,4.09,35.29,15,0.12,7.35,3.78,1.24,1.06,1.29
"386","Zaine Cordy","WBD","DEF",36,188481,313700,-125219,13,58.4,64.47,2.72,76.47,34,0,5.52,1.49,5.54,2.16,0.01
"387","Dylan Clarke","ESS","MID",36,188225,348600,-160375,8,64.9,64.88,3.35,47.06,67,0,5.6,2.54,2.47,4.08,0.01
"388","Dylan Clarke","ESS","FWD",36,188225,348600,-160375,8,64.9,64.88,3.35,47.06,67,0,5.6,2.54,2.47,4.08,0.01
"389","Oleg Markov","GCS","DEF",36,187072,314300,-127228,6,65,65,3.91,35.29,70,0,5.62,3.48,1.24,4.26,0.01
"390","James Stewart","ESS","FWD",36,186688,295000,-108312,10,54.9,67.45,2.48,58.82,60.17,0,6.09,1.09,3.7,3.69,0.01
"391","Jake Stringer","ESS","FWD",35,185664,282600,-96936,10,52.6,71.64,2.41,58.82,47,0,6.89,0.98,3.7,2.92,0.01
"392","Noah Answerth","BRI","DEF",35,185408,304500,-119092,9,56.7,60.9,3.78,52.94,53.5,0,4.83,3.26,3.08,3.3,0.01
"393","Mabior Chol","RIC","RUC",35,183743,327200,-143457,10,60.9,60.09,3.6225,58.82,47.67,0,4.68,3,3.7,2.96,0.01
"394","Connor Budarick","GCS","DEF",35,182207,256500,-74293,15,47.7,47.73,3.22,88.24,45.33,0,2.3,2.33,6.77,2.82,0.01
"395","Darcy Fogarty","ADE","FWD",34,180670,286400,-105730,10,53.3,65.25,2.58,58.82,56.5,0,5.67,1.26,3.7,3.47,0.01
"396","Sam Weideman","MEL","FWD",34,179518,303800,-124282,13,56.5,58.82,2.59,76.47,44.33,0,4.43,1.28,5.54,2.76,0.01
"397","Mitch Crowden","FRE","FWD",34,178109,295500,-117391,10,55,62.8,2.8,58.82,54.8,0,5.2,1.63,3.7,3.37,0.01
"398","Kane Farrell","POR","MID",34,177725,309200,-131475,11,57.5,57.55,3,64.71,39,0.09,4.19,1.96,4.31,2.45,0.97
"399","Kane Farrell","POR","FWD",34,177725,309200,-131475,11,57.5,57.55,3,64.71,39,0.09,4.19,1.96,4.31,2.45,0.97
"400","Daniel Howe","HAW","DEF",34,177597,280500,-102903,5,58,75,3.37,29.41,50.5,0,7.54,2.58,0.62,3.12,0.01
"401","Daniel Howe","HAW","MID",34,177597,280500,-102903,5,58,75,3.37,29.41,50.5,0,7.54,2.58,0.62,3.12,0.01
"402","David Astbury","RIC","DEF",33,174652,400400,-225748,5,82.8,70.81,4.25,29.41,35,0,6.74,4.05,0.62,2.22,0.01
"403","Brayden Ham","ESS","MID",33,172859,277800,-104941,10,51.7,51.7,3.27,58.82,71,0,3.06,2.41,3.7,4.32,0.01
"404","Chayce Jones","ADE","MID",32,170683,236800,-66117,15,44.1,50,2.88,88.24,32,0,2.74,1.76,6.77,2.05,0.01
"405","Jake Waterman","WCE","FWD",32,169786,323600,-153814,9,60.2,59.6,3.6,52.94,42,0,4.58,2.96,3.08,2.63,0.01
"406","Mitch Lewis","HAW","FWD",32,169146,199500,-30354,8,37.1,67.58,1.83,47.06,76,0,6.11,0.01,2.47,4.61,0.01
"407","Jake Riccardi","GWS","FWD",32,167738,336500,-168762,5,69.6,69.6,3.48,29.41,52,0,6.5,2.76,0.62,3.21,0.01
"408","Roarke Smith","WBD","MID",31,165433,281400,-115967,5,58.2,60,3.76,29.41,72.5,0,4.66,3.23,0.62,4.4,0.01
"409","Roarke Smith","WBD","FWD",31,165433,281400,-115967,5,58.2,60,3.76,29.41,72.5,0,4.66,3.23,0.62,4.4,0.01
"410","Kysaiah Pickett","MEL","FWD",31,163384,256400,-93016,14,47.7,47.71,2.63,82.35,47.5,0,2.3,1.34,6.16,2.95,0.01
"411","Mason Cox","COL","FWD",31,161464,312200,-150736,9,58.1,63,1.99,52.94,65.5,0,5.24,0.28,3.08,4,0.01
"412","Bobby Hill","GWS","FWD",30,157878,287200,-129322,5,59.4,59.4,2.88,29.41,53,0.2,4.54,1.76,0.62,3.27,2.14
"413","Mitch McGovern","CAR","FWD",30,157878,283900,-126022,12,52.8,52.83,2.61,70.59,45,0,3.28,1.31,4.93,2.8,0.01
"414","Brandon Zerk-Thatcher","ESS","DEF",30,156726,255200,-98474,10,47.5,58,2.71,58.82,44.6,0,4.27,1.48,3.7,2.78,0.01
"415","Jarman Impey","HAW","FWD",30,156598,212800,-56202,5,39.6,74.12,2.92,29.41,38,0,7.37,1.83,0.62,2.4,0.01
"416","Mitch Brown","MEL","FWD",29,153525,280500,-126975,5,52.2,52.2,3.84,29.41,80,0,3.16,3.36,0.62,4.84,0.01
"417","Charlie Spargo","MEL","FWD",29,151860,298200,-146340,8,55.5,58.55,2.74,47.06,56.5,0,4.38,1.53,2.47,3.47,0.01
"418","Jarrod Brander","WCE","MID",29,150964,295500,-144536,8,55,55,3.89,47.06,34,0,3.7,3.45,2.47,2.16,0.01
"419","Jarrod Brander","WCE","FWD",29,150964,295500,-144536,8,55,55,3.89,47.06,34,0,3.7,3.45,2.47,2.16,0.01
"420","Mabior Chol","RIC","FWD",29,150580,327200,-176620,10,60.9,60.09,2.07,58.82,47.67,0,4.68,0.41,3.7,2.96,0.01
"421","Sam Wicks","SYD","FWD",28,149043,316200,-167157,7,58.9,58.86,2.83,41.18,59.75,0,4.44,1.68,1.85,3.66,0.01
"422","Nick Larkey","NME","FWD",28,147507,263800,-116293,10,49.1,60.42,2.07,58.82,42.5,0,4.74,0.41,3.7,2.66,0.01
"423","Changkuoth Jiath","HAW","DEF",28,147123,266500,-119377,5,49.6,67.5,3.05,29.41,43.5,0,6.1,2.04,0.62,2.72,0.01
"424","Tom Sparrow","MEL","MID",27,143281,337200,-193919,5,62.8,62.8,3.78,29.41,33,0,5.2,3.26,0.62,2.1,0.01
"425","Brayden Ainsworth","WCE","MID",26,138928,253900,-114972,8,47.2,54,2.99,47.06,47,0,3.51,1.94,2.47,2.92,0.01
"426","Brayden Ainsworth","WCE","FWD",26,138928,253900,-114972,8,47.2,54,2.99,47.06,47,0,3.51,1.94,2.47,2.92,0.01
"427","Jack Mahony","NME","FWD",26,136239,271900,-135661,10,50.6,50.6,2.8,58.82,39,0,2.85,1.63,3.7,2.45,0.01
"428","Bradley Close","GEE","FWD",26,135086,257200,-122114,8,53.2,53.25,2.82,47.06,49.33,0,3.36,1.66,2.47,3.05,0.01
"429","Josh Corbett","GCS","FWD",25,131501,273200,-141699,7,50.9,50.86,3.1,41.18,55,0,2.9,2.13,1.85,3.38,0.01
"430","Caleb Graham","GCS","DEF",25,130093,284800,-154707,7,53,54.67,2.5,41.18,57.67,0,3.63,1.13,1.85,3.54,0.01
"431","Darcy Cameron","COL","FWD",25,128812,302900,-174088,8,56.4,52.7,2.41,47.06,36,0.1,3.26,0.98,2.47,2.28,1.07
"432","Jack Payne","BRI","DEF",24,126508,255100,-128592,4,52.8,60.8,2.79,23.53,56,0,4.81,1.61,0.01,3.44,0.01
"433","Matthew Cottrell","CAR","MID",24,126123,262200,-136077,5,48.8,48.8,3.77,29.41,56.5,0,2.51,3.24,0.62,3.47,0.01
"434","Ryan Gardner","WBD","DEF",24,123563,232800,-109237,9,43.3,46.5,2.45,52.94,56.2,0,2.07,1.04,3.08,3.45,0.01
"435","James Bell","SYD","FWD",23,120233,267300,-147067,8,49.8,49.75,2.95,47.06,37,0,2.69,1.88,2.47,2.34,0.01
"436","Jacob Townsend","GCS","FWD",23,118825,238200,-119375,12,44.3,44.33,2.07,70.59,36,0,1.65,0.41,4.93,2.28,0.01
"437","Boyd Woodcock","POR","FWD",19,98850,261100,-162250,5,54,54,3.37,29.41,14,0,3.51,2.58,0.62,1,0.01
"438","Keidean Coleman","BRI","FWD",19,98722,299800,-201078,4,62,53,3.01,23.53,38,0,3.31,1.98,0.01,2.4,0.01
"439","Joel Smith","MEL","DEF",18,96545,211100,-114555,7,39.3,56.12,1.83,41.18,27,0,3.91,0.01,1.85,1.76,0.01
"440","Irving Mosquito","ESS","FWD",16,84893,264700,-179807,4,54.8,54.75,2.65,23.53,24,0,3.65,1.38,0.01,1.58,0.01
"441","Sean Lemmens","GCS","FWD",14,75674,253400,-177726,6,47.2,51.45,2.8,35.29,-3,0,3.02,1.63,1.24,0.01,0.01
"442","Sam Flanders","GCS","FWD",7,38157,192300,-154143,5,35.8,35.8,2.17,29.41,27,0,0.01,0.58,0.62,1.76,0.01
"443","Trey Ruscoe","COL","FWD",7,37901,206800,-168899,4,38.5,38.5,1.83,23.53,38,0,0.53,0.01,0.01,2.4,0.01
"444","James Sicily","HAW","DEF",NA,NA,552900,NA,11,102.9,NA,NA,NA,NA,NA,NA,NA,NA,NA,NA
"445","Jeremy Howe","COL","DEF",NA,NA,517900,NA,4,120.5,NA,NA,NA,NA,NA,NA,NA,NA,NA,NA
"446","Dane Rampe","SYD","DEF",NA,NA,492300,NA,11,91.6,NA,NA,NA,NA,NA,NA,NA,NA,NA,NA
"447","Tom Doedee","ADE","DEF",NA,NA,457900,NA,9,85.2,NA,NA,NA,NA,NA,NA,NA,NA,NA,NA
"448","Nic Newman","CAR","DEF",NA,NA,415400,NA,2,23.5,NA,NA,NA,NA,NA,NA,NA,NA,NA,NA
"449","Damon Greaves","HAW","DEF",NA,NA,389700,NA,3,90.7,NA,NA,NA,NA,NA,NA,NA,NA,NA,NA
"450","Cale Hooker","ESS","DEF",NA,NA,372700,NA,8,69.4,NA,NA,NA,NA,NA,NA,NA,NA,NA,NA
"451","Sam Mayes","POR","DEF",NA,NA,342500,NA,6,70.8,NA,NA,NA,NA,NA,NA,NA,NA,NA,NA
"452","Griffin Logue","FRE","DEF",NA,NA,339400,NA,5,70.2,NA,NA,NA,NA,NA,NA,NA,NA,NA,NA
"453","Sam Taylor","GWS","DEF",NA,NA,323400,NA,4,67,NA,NA,NA,NA,NA,NA,NA,NA,NA,NA
"454","Aaron Francis","ESS","DEF",NA,NA,320300,NA,8,59.6,NA,NA,NA,NA,NA,NA,NA,NA,NA,NA
"455","Michael Hartley","HAW","DEF",NA,NA,317800,NA,2,84.5,NA,NA,NA,NA,NA,NA,NA,NA,NA,NA
"456","Kyle Hartigan","HAW","DEF",NA,NA,314300,NA,12,58.5,NA,NA,NA,NA,NA,NA,NA,NA,NA,NA
"457","Wayne Milera","ADE","DEF",NA,NA,312200,NA,2,83,NA,NA,NA,NA,NA,NA,NA,NA,NA,NA
"458","Tobe Watson","FRE","DEF",NA,NA,303700,NA,3,70.7,NA,NA,NA,NA,NA,NA,NA,NA,NA,NA
"459","Marty Hore","MEL","DEF",NA,NA,303600,NA,0,0,NA,NA,NA,NA,NA,NA,NA,NA,NA,NA
"460","Sam J. Reid","GWS","DEF",NA,NA,297300,NA,3,30.3,NA,NA,NA,NA,NA,NA,NA,NA,NA,NA
"461","Phil Davis","GWS","DEF",NA,NA,290700,NA,10,54.1,NA,NA,NA,NA,NA,NA,NA,NA,NA,NA
"462","Bryce Gibbs","ADE","DEF",NA,NA,290100,NA,3,60,NA,NA,NA,NA,NA,NA,NA,NA,NA,NA
"463","Jay Lockhart","MEL","DEF",NA,NA,289600,NA,10,53.9,NA,NA,NA,NA,NA,NA,NA,NA,NA,NA
"464","Jarrod Lienert","POR","DEF",NA,NA,289200,NA,5,59.8,NA,NA,NA,NA,NA,NA,NA,NA,NA,NA
"465","Isaac Cumming","GWS","DEF",NA,NA,288000,NA,3,67,NA,NA,NA,NA,NA,NA,NA,NA,NA,NA
"466","Kyron Hayden","NME","DEF",NA,NA,281400,NA,8,52.4,NA,NA,NA,NA,NA,NA,NA,NA,NA,NA
"467","Hayden Young","FRE","DEF",NA,NA,279400,NA,5,52,NA,NA,NA,NA,NA,NA,NA,NA,NA,NA
"468","Caleb Marchbank","CAR","DEF",NA,NA,275400,NA,0,0,NA,NA,NA,NA,NA,NA,NA,NA,NA,NA
"469","Jimmy Webster","STK","DEF",NA,NA,274000,NA,0,0,NA,NA,NA,NA,NA,NA,NA,NA,NA,NA
"470","Joel Hamling","FRE","DEF",NA,NA,271000,NA,0,0,NA,NA,NA,NA,NA,NA,NA,NA,NA,NA
"471","Colin O'Riordan","SYD","DEF",NA,NA,268000,NA,8,49.9,NA,NA,NA,NA,NA,NA,NA,NA,NA,NA
"472","Jordan Murdoch","GCS","DEF",NA,NA,253000,NA,0,0,NA,NA,NA,NA,NA,NA,NA,NA,NA,NA
"473","Marcus Adams","BRI","DEF",NA,NA,250400,NA,1,28,NA,NA,NA,NA,NA,NA,NA,NA,NA,NA
"474","Aiden Bonar","NME","DEF",NA,NA,245400,NA,6,45.7,NA,NA,NA,NA,NA,NA,NA,NA,NA,NA
"475","Kaiden Brand","SYD","DEF",NA,NA,245000,NA,2,57,NA,NA,NA,NA,NA,NA,NA,NA,NA,NA
"476","Alex Pearce","FRE","DEF",NA,NA,235600,NA,0,0,NA,NA,NA,NA,NA,NA,NA,NA,NA,NA
"477","Jack Hombsch","GCS","DEF",NA,NA,230200,NA,0,0,NA,NA,NA,NA,NA,NA,NA,NA,NA,NA
"478","Daniel McKenzie","STK","DEF",NA,NA,222300,NA,0,0,NA,NA,NA,NA,NA,NA,NA,NA,NA,NA
"479","Patrick Ambrose","ESS","DEF",NA,NA,217800,NA,0,0,NA,NA,NA,NA,NA,NA,NA,NA,NA,NA
"480","Connor Idun","GWS","DEF",NA,NA,214900,NA,2,50,NA,NA,NA,NA,NA,NA,NA,NA,NA,NA
"481","Will Hamill","ADE","DEF",NA,NA,210900,NA,8,39.2,NA,NA,NA,NA,NA,NA,NA,NA,NA,NA
"482","Chris Burgess","GCS","DEF",NA,NA,210000,NA,0,0,NA,NA,NA,NA,NA,NA,NA,NA,NA,NA
"483","Connor Menadue","NME","DEF",NA,NA,201500,NA,0,0,NA,NA,NA,NA,NA,NA,NA,NA,NA,NA
"484","Jake Stein","GWS","DEF",NA,NA,200100,NA,0,0,NA,NA,NA,NA,NA,NA,NA,NA,NA,NA
"485","Lewis Young","WBD","DEF",NA,NA,198300,NA,0,0,NA,NA,NA,NA,NA,NA,NA,NA,NA,NA
"486","Flynn Perez","NME","DEF",NA,NA,193400,NA,3,45,NA,NA,NA,NA,NA,NA,NA,NA,NA,NA
"487","Louis Butler","WBD","DEF",NA,NA,191800,NA,2,51,NA,NA,NA,NA,NA,NA,NA,NA,NA,NA
"488","Joel Garner","POR","DEF",NA,NA,189900,NA,0,0,NA,NA,NA,NA,NA,NA,NA,NA,NA,NA
"489","Ryan Garthwaite","RIC","DEF",NA,NA,188000,NA,0,0,NA,NA,NA,NA,NA,NA,NA,NA,NA,NA
"490","Liam Stocker","CAR","DEF",NA,NA,186500,NA,0,0,NA,NA,NA,NA,NA,NA,NA,NA,NA,NA
"491","Neville Jetta","MEL","DEF",NA,NA,186300,NA,6,34.7,NA,NA,NA,NA,NA,NA,NA,NA,NA,NA
"492","Denver Grainger-Barras","HAW","DEF",NA,NA,184800,NA,0,0,NA,NA,NA,NA,NA,NA,NA,NA,NA,NA
"493","Tyson Goldsack","POR","DEF",NA,NA,182000,NA,0,0,NA,NA,NA,NA,NA,NA,NA,NA,NA,NA
"494","Darragh Joyce","STK","DEF",NA,NA,177300,NA,0,0,NA,NA,NA,NA,NA,NA,NA,NA,NA,NA
"495","Jordon Butts","ADE","DEF",NA,NA,176800,NA,2,47,NA,NA,NA,NA,NA,NA,NA,NA,NA,NA
"496","Zach Reid","ESS","DEF",NA,NA,166800,NA,0,0,NA,NA,NA,NA,NA,NA,NA,NA,NA,NA
"497","Matthew Ling","SYD","DEF",NA,NA,163000,NA,3,30.3,NA,NA,NA,NA,NA,NA,NA,NA,NA,NA
"498","Mark Keane","COL","DEF",NA,NA,158000,NA,1,42,NA,NA,NA,NA,NA,NA,NA,NA,NA,NA
"499","Heath Chapman","FRE","DEF",NA,NA,148800,NA,0,0,NA,NA,NA,NA,NA,NA,NA,NA,NA,NA
"500","Lachlan Jones","POR","DEF",NA,NA,139800,NA,0,0,NA,NA,NA,NA,NA,NA,NA,NA,NA,NA
"501","Dylan Roberton","STK","DEF",NA,NA,139700,NA,1,26,NA,NA,NA,NA,NA,NA,NA,NA,NA,NA
"502","Luke Foley","WCE","DEF",NA,NA,127900,NA,1,34,NA,NA,NA,NA,NA,NA,NA,NA,NA,NA
"503","Harry Edwards","WCE","DEF",NA,NA,123900,NA,1,10,NA,NA,NA,NA,NA,NA,NA,NA,NA,NA
"504","Jaxon Prior","BRI","DEF",NA,NA,123900,NA,0,0,NA,NA,NA,NA,NA,NA,NA,NA,NA,NA
"505","Brock Smith","BRI","DEF",NA,NA,123900,NA,0,0,NA,NA,NA,NA,NA,NA,NA,NA,NA,NA
"506","Nathan Murphy","COL","DEF",NA,NA,123900,NA,0,0,NA,NA,NA,NA,NA,NA,NA,NA,NA,NA
"507","Cian McBride","ESS","DEF",NA,NA,123900,NA,0,0,NA,NA,NA,NA,NA,NA,NA,NA,NA,NA
"508","Leno Thomas","FRE","DEF",NA,NA,123900,NA,0,0,NA,NA,NA,NA,NA,NA,NA,NA,NA,NA
"509","Sam De Koning","GEE","DEF",NA,NA,123900,NA,0,0,NA,NA,NA,NA,NA,NA,NA,NA,NA,NA
"510","Stefan Okunbor","GEE","DEF",NA,NA,123900,NA,0,0,NA,NA,NA,NA,NA,NA,NA,NA,NA,NA
"511","Jez McLennan","GCS","DEF",NA,NA,123900,NA,0,0,NA,NA,NA,NA,NA,NA,NA,NA,NA,NA
"512","Rory Thompson","GCS","DEF",NA,NA,123900,NA,0,0,NA,NA,NA,NA,NA,NA,NA,NA,NA,NA
"513","Luke Towey","GCS","DEF",NA,NA,123900,NA,0,0,NA,NA,NA,NA,NA,NA,NA,NA,NA,NA
"514","Callum M. Brown","GWS","DEF",NA,NA,123900,NA,0,0,NA,NA,NA,NA,NA,NA,NA,NA,NA,NA
"515","Jacob Koschitzke","HAW","DEF",NA,NA,123900,NA,0,0,NA,NA,NA,NA,NA,NA,NA,NA,NA,NA
"516","Harry Pepper","HAW","DEF",NA,NA,123900,NA,0,0,NA,NA,NA,NA,NA,NA,NA,NA,NA,NA
"517","Matt McGuinness","NME","DEF",NA,NA,123900,NA,0,0,NA,NA,NA,NA,NA,NA,NA,NA,NA,NA
"518","Martin Frederick","POR","DEF",NA,NA,123900,NA,0,0,NA,NA,NA,NA,NA,NA,NA,NA,NA,NA
"519","Jake Pasini","POR","DEF",NA,NA,123900,NA,0,0,NA,NA,NA,NA,NA,NA,NA,NA,NA,NA
"520","Ben Miller","RIC","DEF",NA,NA,123900,NA,0,0,NA,NA,NA,NA,NA,NA,NA,NA,NA,NA
"521","Oscar Clavarino","STK","DEF",NA,NA,123900,NA,0,0,NA,NA,NA,NA,NA,NA,NA,NA,NA,NA
"522","Will Gould","SYD","DEF",NA,NA,123900,NA,0,0,NA,NA,NA,NA,NA,NA,NA,NA,NA,NA
"523","Ben Johnson","WCE","DEF",NA,NA,123900,NA,0,0,NA,NA,NA,NA,NA,NA,NA,NA,NA,NA
"524","Buku Khamis","WBD","DEF",NA,NA,123900,NA,0,0,NA,NA,NA,NA,NA,NA,NA,NA,NA,NA
"525","Cody Brand","ESS","DEF",NA,NA,117300,NA,0,0,NA,NA,NA,NA,NA,NA,NA,NA,NA,NA
"526","Brandon Walker","FRE","DEF",NA,NA,117300,NA,0,0,NA,NA,NA,NA,NA,NA,NA,NA,NA,NA
"527","Cameron Fleeton","GWS","DEF",NA,NA,117300,NA,0,0,NA,NA,NA,NA,NA,NA,NA,NA,NA,NA
"528","Jacob Wehr","GWS","DEF",NA,NA,117300,NA,0,0,NA,NA,NA,NA,NA,NA,NA,NA,NA,NA
"529","Thomas Highmore","STK","DEF",NA,NA,117300,NA,0,0,NA,NA,NA,NA,NA,NA,NA,NA,NA,NA
"530","Nick Stevens","GEE","DEF",NA,NA,117200,NA,0,0,NA,NA,NA,NA,NA,NA,NA,NA,NA,NA
"531","James Borlase","ADE","DEF",NA,NA,102400,NA,0,0,NA,NA,NA,NA,NA,NA,NA,NA,NA,NA
"532","Deividas Uosis","BRI","DEF",NA,NA,102400,NA,0,0,NA,NA,NA,NA,NA,NA,NA,NA,NA,NA
"533","Luke Parks","CAR","DEF",NA,NA,102400,NA,0,0,NA,NA,NA,NA,NA,NA,NA,NA,NA,NA
"534","Joel Jeffrey","GCS","DEF",NA,NA,102400,NA,0,0,NA,NA,NA,NA,NA,NA,NA,NA,NA,NA
"535","Rhys Nicholls","GCS","DEF",NA,NA,102400,NA,0,0,NA,NA,NA,NA,NA,NA,NA,NA,NA,NA
"536","Will Shaw","GWS","DEF",NA,NA,102400,NA,0,0,NA,NA,NA,NA,NA,NA,NA,NA,NA,NA
"537","Patrick Walker","NME","DEF",NA,NA,102400,NA,0,0,NA,NA,NA,NA,NA,NA,NA,NA,NA,NA
"538","Malachy Carruthers","SYD","DEF",NA,NA,102400,NA,0,0,NA,NA,NA,NA,NA,NA,NA,NA,NA,NA
"539","Taylor Duryea","WBD","FWD",NA,NA,342200,NA,2,91,NA,NA,NA,NA,NA,NA,NA,NA,NA,NA
"540","Orazio Fantasia","POR","FWD",NA,NA,271800,NA,5,56.2,NA,NA,NA,NA,NA,NA,NA,NA,NA,NA
"541","Harrison Petty","MEL","FWD",NA,NA,228200,NA,0,0,NA,NA,NA,NA,NA,NA,NA,NA,NA,NA
"542","Matt Buntine","GWS","FWD",NA,NA,225900,NA,0,0,NA,NA,NA,NA,NA,NA,NA,NA,NA,NA
"543","Fischer Mcasey","ADE","FWD",NA,NA,199300,NA,10,37.1,NA,NA,NA,NA,NA,NA,NA,NA,NA,NA
"544","Nikolas Cox","ESS","FWD",NA,NA,175800,NA,0,0,NA,NA,NA,NA,NA,NA,NA,NA,NA,NA
"545","Ben Jarvis","GEE","FWD",NA,NA,139200,NA,1,37,NA,NA,NA,NA,NA,NA,NA,NA,NA,NA
"546","Josh Worrell","ADE","FWD",NA,NA,123900,NA,0,0,NA,NA,NA,NA,NA,NA,NA,NA,NA,NA
"547","James Madden","BRI","FWD",NA,NA,123900,NA,0,0,NA,NA,NA,NA,NA,NA,NA,NA,NA,NA
"548","Ross McQuillan","ESS","FWD",NA,NA,123900,NA,0,0,NA,NA,NA,NA,NA,NA,NA,NA,NA,NA
"549","Kieren Briggs","GWS","FWD",NA,NA,123900,NA,0,0,NA,NA,NA,NA,NA,NA,NA,NA,NA,NA
"550","Barry O'Connor","SYD","FWD",NA,NA,123900,NA,0,0,NA,NA,NA,NA,NA,NA,NA,NA,NA,NA
"551","Joshua Eyre","ESS","FWD",NA,NA,117300,NA,0,0,NA,NA,NA,NA,NA,NA,NA,NA,NA,NA
"552","Bailey Laurie","MEL","FWD",NA,NA,117300,NA,0,0,NA,NA,NA,NA,NA,NA,NA,NA,NA,NA
"553","Isaac Chugg","COL","FWD",NA,NA,102400,NA,0,0,NA,NA,NA,NA,NA,NA,NA,NA,NA,NA
"554","Taylor Duryea","WBD","DEF",NA,NA,342200,NA,2,91,NA,NA,NA,NA,NA,NA,NA,NA,NA,NA
"555","Orazio Fantasia","POR","DEF",NA,NA,271800,NA,5,56.2,NA,NA,NA,NA,NA,NA,NA,NA,NA,NA
"556","Harrison Petty","MEL","DEF",NA,NA,228200,NA,0,0,NA,NA,NA,NA,NA,NA,NA,NA,NA,NA
"557","Matt Buntine","GWS","DEF",NA,NA,225900,NA,0,0,NA,NA,NA,NA,NA,NA,NA,NA,NA,NA
"558","Fischer Mcasey","ADE","DEF",NA,NA,199300,NA,10,37.1,NA,NA,NA,NA,NA,NA,NA,NA,NA,NA
"559","Nikolas Cox","ESS","DEF",NA,NA,175800,NA,0,0,NA,NA,NA,NA,NA,NA,NA,NA,NA,NA
"560","Ben Jarvis","GEE","DEF",NA,NA,139200,NA,1,37,NA,NA,NA,NA,NA,NA,NA,NA,NA,NA
"561","Josh Worrell","ADE","DEF",NA,NA,123900,NA,0,0,NA,NA,NA,NA,NA,NA,NA,NA,NA,NA
"562","James Madden","BRI","DEF",NA,NA,123900,NA,0,0,NA,NA,NA,NA,NA,NA,NA,NA,NA,NA
"563","Ross McQuillan","ESS","DEF",NA,NA,123900,NA,0,0,NA,NA,NA,NA,NA,NA,NA,NA,NA,NA
"564","Kieren Briggs","GWS","DEF",NA,NA,123900,NA,0,0,NA,NA,NA,NA,NA,NA,NA,NA,NA,NA
"565","Barry O'Connor","SYD","DEF",NA,NA,123900,NA,0,0,NA,NA,NA,NA,NA,NA,NA,NA,NA,NA
"566","Joshua Eyre","ESS","DEF",NA,NA,117300,NA,0,0,NA,NA,NA,NA,NA,NA,NA,NA,NA,NA
"567","Bailey Laurie","MEL","DEF",NA,NA,117300,NA,0,0,NA,NA,NA,NA,NA,NA,NA,NA,NA,NA
"568","Jordan Clark","GEE","DEF",NA,NA,241800,NA,3,50,NA,NA,NA,NA,NA,NA,NA,NA,NA,NA
"569","Jack Buckley","GWS","DEF",NA,NA,223800,NA,2,59.5,NA,NA,NA,NA,NA,NA,NA,NA,NA,NA
"570","Lachie Young","NME","DEF",NA,NA,202000,NA,2,47,NA,NA,NA,NA,NA,NA,NA,NA,NA,NA
"571","Zach Guthrie","GEE","DEF",NA,NA,180500,NA,3,42,NA,NA,NA,NA,NA,NA,NA,NA,NA,NA
"572","Lachlan Gollant","ADE","DEF",NA,NA,123900,NA,0,0,NA,NA,NA,NA,NA,NA,NA,NA,NA,NA
"573","Trent Bianco","COL","DEF",NA,NA,123900,NA,0,0,NA,NA,NA,NA,NA,NA,NA,NA,NA,NA
"574","Leo Connolly","STK","DEF",NA,NA,123900,NA,0,0,NA,NA,NA,NA,NA,NA,NA,NA,NA,NA
"575","Harry Sharp","BRI","DEF",NA,NA,117300,NA,0,0,NA,NA,NA,NA,NA,NA,NA,NA,NA,NA
"576","Isiah Winder","WCE","DEF",NA,NA,117300,NA,0,0,NA,NA,NA,NA,NA,NA,NA,NA,NA,NA
"577","Aiden Fyfe","GCS","DEF",NA,NA,102400,NA,0,0,NA,NA,NA,NA,NA,NA,NA,NA,NA,NA
"578","Isaac Chugg","COL","DEF",NA,NA,102400,NA,0,0,NA,NA,NA,NA,NA,NA,NA,NA,NA,NA
"579","Jordan Clark","GEE","MID",NA,NA,241800,NA,3,50,NA,NA,NA,NA,NA,NA,NA,NA,NA,NA
"580","Jack Buckley","GWS","MID",NA,NA,223800,NA,2,59.5,NA,NA,NA,NA,NA,NA,NA,NA,NA,NA
"581","Lachie Young","NME","MID",NA,NA,202000,NA,2,47,NA,NA,NA,NA,NA,NA,NA,NA,NA,NA
"582","Zach Guthrie","GEE","MID",NA,NA,180500,NA,3,42,NA,NA,NA,NA,NA,NA,NA,NA,NA,NA
"583","Lachlan Gollant","ADE","MID",NA,NA,123900,NA,0,0,NA,NA,NA,NA,NA,NA,NA,NA,NA,NA
"584","Trent Bianco","COL","MID",NA,NA,123900,NA,0,0,NA,NA,NA,NA,NA,NA,NA,NA,NA,NA
"585","Leo Connolly","STK","MID",NA,NA,123900,NA,0,0,NA,NA,NA,NA,NA,NA,NA,NA,NA,NA
"586","Harry Sharp","BRI","MID",NA,NA,117300,NA,0,0,NA,NA,NA,NA,NA,NA,NA,NA,NA,NA
"587","Isiah Winder","WCE","MID",NA,NA,117300,NA,0,0,NA,NA,NA,NA,NA,NA,NA,NA,NA,NA
"588","Aiden Fyfe","GCS","MID",NA,NA,102400,NA,0,0,NA,NA,NA,NA,NA,NA,NA,NA,NA,NA
"589","Bigoa Nyuon","RIC","DEF",NA,NA,123900,NA,0,0,NA,NA,NA,NA,NA,NA,NA,NA,NA,NA
"590","Bigoa Nyuon","RIC","RUC",NA,NA,123900,NA,0,0,NA,NA,NA,NA,NA,NA,NA,NA,NA,NA
"591","Isaac Heeney","SYD","FWD",NA,NA,454500,NA,6,94,NA,NA,NA,NA,NA,NA,NA,NA,NA,NA
"592","Jack Higgins","STK","FWD",NA,NA,419600,NA,10,78.1,NA,NA,NA,NA,NA,NA,NA,NA,NA,NA
"593","Matt Taberner","FRE","FWD",NA,NA,403000,NA,16,75,NA,NA,NA,NA,NA,NA,NA,NA,NA,NA
"594","Tom J. Lynch","RIC","FWD",NA,NA,366700,NA,16,68.3,NA,NA,NA,NA,NA,NA,NA,NA,NA,NA
"595","Harry Himmelberg","GWS","FWD",NA,NA,355300,NA,16,66.1,NA,NA,NA,NA,NA,NA,NA,NA,NA,NA
"596","David Zaharakis","ESS","FWD",NA,NA,351400,NA,10,65.4,NA,NA,NA,NA,NA,NA,NA,NA,NA,NA
"597","Callum L. Brown","COL","FWD",NA,NA,349600,NA,14,65.1,NA,NA,NA,NA,NA,NA,NA,NA,NA,NA
"598","Josh J. Kennedy","WCE","FWD",NA,NA,346200,NA,16,64.4,NA,NA,NA,NA,NA,NA,NA,NA,NA,NA
"599","David Cuningham","CAR","FWD",NA,NA,340700,NA,12,63.4,NA,NA,NA,NA,NA,NA,NA,NA,NA,NA
"600","Nick Hind","ESS","FWD",NA,NA,331000,NA,10,61.6,NA,NA,NA,NA,NA,NA,NA,NA,NA,NA
"601","Nick Holman","GCS","FWD",NA,NA,328600,NA,12,61.2,NA,NA,NA,NA,NA,NA,NA,NA,NA,NA
"602","Tom McDonald","MEL","FWD",NA,NA,323000,NA,9,60.1,NA,NA,NA,NA,NA,NA,NA,NA,NA,NA
"603","Mitch Georgiades","POR","FWD",NA,NA,317000,NA,7,59,NA,NA,NA,NA,NA,NA,NA,NA,NA,NA
"604","Hayden McLean","SYD","FWD",NA,NA,317000,NA,6,59,NA,NA,NA,NA,NA,NA,NA,NA,NA,NA
"605","Curtis Taylor","NME","FWD",NA,NA,315800,NA,9,58.8,NA,NA,NA,NA,NA,NA,NA,NA,NA,NA
"606","Luke Jackson","MEL","FWD",NA,NA,312500,NA,6,58.2,NA,NA,NA,NA,NA,NA,NA,NA,NA,NA
"607","Lance Franklin","SYD","FWD",NA,NA,312000,NA,0,0,NA,NA,NA,NA,NA,NA,NA,NA,NA,NA
"608","Jesse Hogan","GWS","FWD",NA,NA,310800,NA,7,57.9,NA,NA,NA,NA,NA,NA,NA,NA,NA,NA
"609","Jayden Laverde","ESS","FWD",NA,NA,308000,NA,6,57.3,NA,NA,NA,NA,NA,NA,NA,NA,NA,NA
"610","Darcy MacPherson","GCS","FWD",NA,NA,306700,NA,12,57.1,NA,NA,NA,NA,NA,NA,NA,NA,NA,NA
"611","Dylan Moore","HAW","FWD",NA,NA,302300,NA,3,70.3,NA,NA,NA,NA,NA,NA,NA,NA,NA,NA
"612","Bailey Dale","WBD","FWD",NA,NA,298500,NA,9,55.6,NA,NA,NA,NA,NA,NA,NA,NA,NA,NA
"613","Lachlan Schultz","FRE","FWD",NA,NA,298000,NA,17,55.5,NA,NA,NA,NA,NA,NA,NA,NA,NA,NA
"614","Willie Rioli","WCE","FWD",NA,NA,296600,NA,0,0,NA,NA,NA,NA,NA,NA,NA,NA,NA,NA
"615","Charlie Curnow","CAR","FWD",NA,NA,294600,NA,0,0,NA,NA,NA,NA,NA,NA,NA,NA,NA,NA
"616","Peter Wright","ESS","FWD",NA,NA,292300,NA,0,0,NA,NA,NA,NA,NA,NA,NA,NA,NA,NA
"617","Tarryn Thomas","NME","FWD",NA,NA,290100,NA,6,54,NA,NA,NA,NA,NA,NA,NA,NA,NA,NA
"618","Bailey Banfield","FRE","FWD",NA,NA,288200,NA,5,59.6,NA,NA,NA,NA,NA,NA,NA,NA,NA,NA
"619","Billy Frampton","ADE","FWD",NA,NA,286100,NA,5,53.2,NA,NA,NA,NA,NA,NA,NA,NA,NA,NA
"620","Mitch Hannan","WBD","FWD",NA,NA,283600,NA,9,52.8,NA,NA,NA,NA,NA,NA,NA,NA,NA,NA
"621","Sam Switkowski","FRE","FWD",NA,NA,279400,NA,0,0,NA,NA,NA,NA,NA,NA,NA,NA,NA,NA
"622","Rhylee West","WBD","FWD",NA,NA,278000,NA,4,57.5,NA,NA,NA,NA,NA,NA,NA,NA,NA,NA
"623","Sam Gray","SYD","FWD",NA,NA,276300,NA,7,51.4,NA,NA,NA,NA,NA,NA,NA,NA,NA,NA
"624","Travis Colyer","FRE","FWD",NA,NA,275800,NA,9,51.3,NA,NA,NA,NA,NA,NA,NA,NA,NA,NA
"625","Ben Ronke","SYD","FWD",NA,NA,275600,NA,3,57,NA,NA,NA,NA,NA,NA,NA,NA,NA,NA
"626","Taylor Garner","NME","FWD",NA,NA,267400,NA,2,45,NA,NA,NA,NA,NA,NA,NA,NA,NA,NA
"627","Tristan Xerri","NME","FWD",NA,NA,265900,NA,4,49.5,NA,NA,NA,NA,NA,NA,NA,NA,NA,NA
"628","Lewis Taylor","SYD","FWD",NA,NA,265600,NA,9,49.4,NA,NA,NA,NA,NA,NA,NA,NA,NA,NA
"629","Sam Sturt","FRE","FWD",NA,NA,265100,NA,3,61.7,NA,NA,NA,NA,NA,NA,NA,NA,NA,NA
"630","Kayne Turner","NME","FWD",NA,NA,260800,NA,0,0,NA,NA,NA,NA,NA,NA,NA,NA,NA,NA
"631","Ben Brown","MEL","FWD",NA,NA,260300,NA,9,48.4,NA,NA,NA,NA,NA,NA,NA,NA,NA,NA
"632","Jack Ziebell","NME","FWD",NA,NA,257900,NA,8,48,NA,NA,NA,NA,NA,NA,NA,NA,NA,NA
"633","Jack Silvagni","CAR","FWD",NA,NA,257400,NA,3,35.3,NA,NA,NA,NA,NA,NA,NA,NA,NA,NA
"634","Shaun McKernan","STK","FWD",NA,NA,245900,NA,9,45.8,NA,NA,NA,NA,NA,NA,NA,NA,NA,NA
"635","Oliver Hanrahan","HAW","FWD",NA,NA,237200,NA,7,44.1,NA,NA,NA,NA,NA,NA,NA,NA,NA,NA
"636","Thomas Berry","BRI","FWD",NA,NA,235500,NA,6,43.8,NA,NA,NA,NA,NA,NA,NA,NA,NA,NA
"637","Zac Langdon","WCE","FWD",NA,NA,224900,NA,7,41.9,NA,NA,NA,NA,NA,NA,NA,NA,NA,NA
"638","Jack Petruccelle","WCE","FWD",NA,NA,217100,NA,5,40.4,NA,NA,NA,NA,NA,NA,NA,NA,NA,NA
"639","Josh Schache","WBD","FWD",NA,NA,214400,NA,2,39,NA,NA,NA,NA,NA,NA,NA,NA,NA,NA
"640","Ned McHenry","ADE","FWD",NA,NA,212900,NA,8,39.6,NA,NA,NA,NA,NA,NA,NA,NA,NA,NA
"641","Jamarra Ugle-Hagan","WBD","FWD",NA,NA,207300,NA,0,0,NA,NA,NA,NA,NA,NA,NA,NA,NA,NA
"642","Ben Cavarra","WBD","FWD",NA,NA,194900,NA,3,45.3,NA,NA,NA,NA,NA,NA,NA,NA,NA,NA
"643","Logan McDonald","SYD","FWD",NA,NA,193800,NA,0,0,NA,NA,NA,NA,NA,NA,NA,NA,NA,NA
"644","Conor Nash","HAW","FWD",NA,NA,193400,NA,2,40,NA,NA,NA,NA,NA,NA,NA,NA,NA,NA
"645","Ben Davis","ADE","FWD",NA,NA,191800,NA,1,51,NA,NA,NA,NA,NA,NA,NA,NA,NA,NA
"646","Jonathon Patton","HAW","FWD",NA,NA,189800,NA,6,35.3,NA,NA,NA,NA,NA,NA,NA,NA,NA,NA
"647","Liam Henry","FRE","FWD",NA,NA,184500,NA,3,34.3,NA,NA,NA,NA,NA,NA,NA,NA,NA,NA
"648","Jy Farrar","GCS","FWD",NA,NA,184300,NA,1,49,NA,NA,NA,NA,NA,NA,NA,NA,NA,NA
"649","Jamaine Jones","WCE","FWD",NA,NA,182400,NA,2,48.5,NA,NA,NA,NA,NA,NA,NA,NA,NA,NA
"650","Daniel Venables","WCE","FWD",NA,NA,179900,NA,0,0,NA,NA,NA,NA,NA,NA,NA,NA,NA,NA
"651","Minairo Frederick","FRE","FWD",NA,NA,175700,NA,10,32.7,NA,NA,NA,NA,NA,NA,NA,NA,NA,NA
"652","Atu Bosenavulagi","NME","FWD",NA,NA,175500,NA,3,32.7,NA,NA,NA,NA,NA,NA,NA,NA,NA,NA
"653","Cody Weightman","WBD","FWD",NA,NA,173700,NA,3,32.3,NA,NA,NA,NA,NA,NA,NA,NA,NA,NA
"654","Sam Philp","CAR","FWD",NA,NA,171100,NA,2,45.5,NA,NA,NA,NA,NA,NA,NA,NA,NA,NA
"655","Jayden Hunt","MEL","FWD",NA,NA,163300,NA,6,49,NA,NA,NA,NA,NA,NA,NA,NA,NA,NA
"656","Ned Cahill","ESS","FWD",NA,NA,161200,NA,3,30,NA,NA,NA,NA,NA,NA,NA,NA,NA,NA
"657","Kade Chandler","MEL","FWD",NA,NA,161200,NA,0,0,NA,NA,NA,NA,NA,NA,NA,NA,NA,NA
"658","Jarrod Cameron","WCE","FWD",NA,NA,153700,NA,5,28.6,NA,NA,NA,NA,NA,NA,NA,NA,NA,NA
"659","Connor Ballenden","BRI","FWD",NA,NA,146100,NA,2,34,NA,NA,NA,NA,NA,NA,NA,NA,NA,NA
"660","Josh Morris","HAW","FWD",NA,NA,145100,NA,4,27,NA,NA,NA,NA,NA,NA,NA,NA,NA,NA
"661","Conor Stone","GWS","FWD",NA,NA,144300,NA,0,0,NA,NA,NA,NA,NA,NA,NA,NA,NA,NA
"662","Chad Warner","SYD","FWD",NA,NA,144000,NA,2,33.5,NA,NA,NA,NA,NA,NA,NA,NA,NA,NA
"663","Toby Bedford","MEL","FWD",NA,NA,137000,NA,2,25.5,NA,NA,NA,NA,NA,NA,NA,NA,NA,NA
"664","Will Kelly","COL","FWD",NA,NA,135400,NA,1,36,NA,NA,NA,NA,NA,NA,NA,NA,NA,NA
"665","Oliver Henry","COL","FWD",NA,NA,135300,NA,0,0,NA,NA,NA,NA,NA,NA,NA,NA,NA,NA
"666","Harrison Jones","ESS","FWD",NA,NA,123900,NA,0,0,NA,NA,NA,NA,NA,NA,NA,NA,NA,NA
"667","Matthew Owies","CAR","FWD",NA,NA,123900,NA,1,15,NA,NA,NA,NA,NA,NA,NA,NA,NA,NA
"668","Connor McFadyen","BRI","FWD",NA,NA,123900,NA,0,0,NA,NA,NA,NA,NA,NA,NA,NA,NA,NA
"669","Anton Tohill","COL","FWD",NA,NA,123900,NA,0,0,NA,NA,NA,NA,NA,NA,NA,NA,NA,NA
"670","Tom Wilson","COL","FWD",NA,NA,123900,NA,0,0,NA,NA,NA,NA,NA,NA,NA,NA,NA,NA
"671","Oscar Brownless","GEE","FWD",NA,NA,123900,NA,0,0,NA,NA,NA,NA,NA,NA,NA,NA,NA,NA
"672","Francis Evans","GEE","FWD",NA,NA,123900,NA,0,0,NA,NA,NA,NA,NA,NA,NA,NA,NA,NA
"673","Nathan Kreuger","GEE","FWD",NA,NA,123900,NA,0,0,NA,NA,NA,NA,NA,NA,NA,NA,NA,NA
"674","Cameron Taheny","GEE","FWD",NA,NA,123900,NA,0,0,NA,NA,NA,NA,NA,NA,NA,NA,NA,NA
"675","Patrick Murtagh","GCS","FWD",NA,NA,123900,NA,0,0,NA,NA,NA,NA,NA,NA,NA,NA,NA,NA
"676","Malcolm Rosas","GCS","FWD",NA,NA,123900,NA,0,0,NA,NA,NA,NA,NA,NA,NA,NA,NA,NA
"677","Zach Sproule","GWS","FWD",NA,NA,123900,NA,0,0,NA,NA,NA,NA,NA,NA,NA,NA,NA,NA
"678","Emerson Jeka","HAW","FWD",NA,NA,123900,NA,0,0,NA,NA,NA,NA,NA,NA,NA,NA,NA,NA
"679","Miles Bergman","POR","FWD",NA,NA,123900,NA,0,0,NA,NA,NA,NA,NA,NA,NA,NA,NA,NA
"680","James Rowe","ADE","FWD",NA,NA,117300,NA,0,0,NA,NA,NA,NA,NA,NA,NA,NA,NA,NA
"681","Beau McCreery","COL","FWD",NA,NA,117300,NA,0,0,NA,NA,NA,NA,NA,NA,NA,NA,NA,NA
"682","Liam McMahon","COL","FWD",NA,NA,117300,NA,0,0,NA,NA,NA,NA,NA,NA,NA,NA,NA,NA
"683","Seamus Mitchell","HAW","FWD",NA,NA,117300,NA,0,0,NA,NA,NA,NA,NA,NA,NA,NA,NA,NA
"684","Eddie Ford","NME","FWD",NA,NA,117300,NA,0,0,NA,NA,NA,NA,NA,NA,NA,NA,NA,NA
"685","Ollie Lord","POR","FWD",NA,NA,117300,NA,0,0,NA,NA,NA,NA,NA,NA,NA,NA,NA,NA
"686","Matthew Allison","STK","FWD",NA,NA,117300,NA,0,0,NA,NA,NA,NA,NA,NA,NA,NA,NA,NA
"687","Dominic Bedendo","WBD","FWD",NA,NA,117300,NA,0,0,NA,NA,NA,NA,NA,NA,NA,NA,NA,NA
"688","Blake Coleman","BRI","FWD",NA,NA,117200,NA,0,0,NA,NA,NA,NA,NA,NA,NA,NA,NA,NA
"689","Marc Sheather","SYD","FWD",NA,NA,102400,NA,0,0,NA,NA,NA,NA,NA,NA,NA,NA,NA,NA
"690","Matt Rowell","GCS","MID",NA,NA,495100,NA,5,102.4,NA,NA,NA,NA,NA,NA,NA,NA,NA,NA
"691","Elliot Yeo","WCE","MID",NA,NA,483000,NA,10,89.9,NA,NA,NA,NA,NA,NA,NA,NA,NA,NA
"692","Ben Cunnington","NME","MID",NA,NA,439800,NA,3,102.3,NA,NA,NA,NA,NA,NA,NA,NA,NA,NA
"693","Jade Gresham","STK","MID",NA,NA,438100,NA,11,81.5,NA,NA,NA,NA,NA,NA,NA,NA,NA,NA
"694","Paul Seedsman","ADE","MID",NA,NA,429800,NA,9,80,NA,NA,NA,NA,NA,NA,NA,NA,NA,NA
"695","Callan Ward","GWS","MID",NA,NA,409900,NA,7,76.3,NA,NA,NA,NA,NA,NA,NA,NA,NA,NA
"696","Luke Dunstan","STK","MID",NA,NA,395400,NA,1,92,NA,NA,NA,NA,NA,NA,NA,NA,NA,NA
"697","George Hewett","SYD","MID",NA,NA,374700,NA,6,77.5,NA,NA,NA,NA,NA,NA,NA,NA,NA,NA
"698","Tom Green","GWS","MID",NA,NA,351400,NA,6,72.7,NA,NA,NA,NA,NA,NA,NA,NA,NA,NA
"699","Darcy Tucker","FRE","MID",NA,NA,347900,NA,8,64.8,NA,NA,NA,NA,NA,NA,NA,NA,NA,NA
"700","Dan Hannebery","STK","MID",NA,NA,338500,NA,6,70,NA,NA,NA,NA,NA,NA,NA,NA,NA,NA
"701","Josh Caddy","RIC","MID",NA,NA,335100,NA,8,62.4,NA,NA,NA,NA,NA,NA,NA,NA,NA,NA
"702","Mitchell Hinge","ADE","MID",NA,NA,328800,NA,1,102,NA,NA,NA,NA,NA,NA,NA,NA,NA,NA
"703","Dyson Heppell","ESS","MID",NA,NA,319100,NA,3,66,NA,NA,NA,NA,NA,NA,NA,NA,NA,NA
"704","Brayden Sier","COL","MID",NA,NA,313800,NA,3,73,NA,NA,NA,NA,NA,NA,NA,NA,NA,NA
"705","Willem Drew","POR","MID",NA,NA,310800,NA,0,0,NA,NA,NA,NA,NA,NA,NA,NA,NA,NA
"706","Quinton Narkle","GEE","MID",NA,NA,310400,NA,5,64.2,NA,NA,NA,NA,NA,NA,NA,NA,NA,NA
"707","Jackson Hately","ADE","MID",NA,NA,310300,NA,6,64.2,NA,NA,NA,NA,NA,NA,NA,NA,NA,NA
"708","Matt de Boer","GWS","MID",NA,NA,303700,NA,13,62.8,NA,NA,NA,NA,NA,NA,NA,NA,NA,NA
"709","Brayden Fiorini","GCS","MID",NA,NA,301700,NA,5,62.4,NA,NA,NA,NA,NA,NA,NA,NA,NA,NA
"710","Aaron vandenBerg","MEL","MID",NA,NA,301300,NA,12,56.1,NA,NA,NA,NA,NA,NA,NA,NA,NA,NA
"711","Oskar Baker","MEL","MID",NA,NA,290100,NA,3,60,NA,NA,NA,NA,NA,NA,NA,NA,NA,NA
"712","Jack Bytel","STK","MID",NA,NA,280500,NA,3,58,NA,NA,NA,NA,NA,NA,NA,NA,NA,NA
"713","Charlie Constable","GEE","MID",NA,NA,266500,NA,2,62,NA,NA,NA,NA,NA,NA,NA,NA,NA,NA
"714","Will Hayes","WBD","MID",NA,NA,249300,NA,2,47.5,NA,NA,NA,NA,NA,NA,NA,NA,NA,NA
"715","Rory Atkins","GCS","MID",NA,NA,244200,NA,4,50.5,NA,NA,NA,NA,NA,NA,NA,NA,NA,NA
"716","Dom Tyson","NME","MID",NA,NA,243900,NA,0,0,NA,NA,NA,NA,NA,NA,NA,NA,NA,NA
"717","Xavier O'Halloran","GWS","MID",NA,NA,227500,NA,2,60.5,NA,NA,NA,NA,NA,NA,NA,NA,NA,NA
"718","Will Phillips","NME","MID",NA,NA,198300,NA,0,0,NA,NA,NA,NA,NA,NA,NA,NA,NA,NA
"719","Finn Maginness","HAW","MID",NA,NA,195600,NA,1,52,NA,NA,NA,NA,NA,NA,NA,NA,NA,NA
"720","Lochie O'Brien","CAR","MID",NA,NA,180500,NA,1,42,NA,NA,NA,NA,NA,NA,NA,NA,NA,NA
"721","Patrick Naish","RIC","MID",NA,NA,180500,NA,1,42,NA,NA,NA,NA,NA,NA,NA,NA,NA,NA
"722","Luke Pedlar","ADE","MID",NA,NA,162300,NA,0,0,NA,NA,NA,NA,NA,NA,NA,NA,NA,NA
"723","Tanner Bruhn","GWS","MID",NA,NA,157800,NA,0,0,NA,NA,NA,NA,NA,NA,NA,NA,NA,NA
"724","Tom Powell","NME","MID",NA,NA,153300,NA,0,0,NA,NA,NA,NA,NA,NA,NA,NA,NA,NA
"725","Thomson Dow","RIC","MID",NA,NA,146100,NA,2,34,NA,NA,NA,NA,NA,NA,NA,NA,NA,NA
"726","Jeremy Sharp","GCS","MID",NA,NA,141800,NA,2,33,NA,NA,NA,NA,NA,NA,NA,NA,NA,NA
"727","Ryan Angwin","GWS","MID",NA,NA,130800,NA,0,0,NA,NA,NA,NA,NA,NA,NA,NA,NA,NA
"728","Ryan Byrnes","STK","MID",NA,NA,123900,NA,1,22,NA,NA,NA,NA,NA,NA,NA,NA,NA,NA
"729","Ronin O'Connor","ADE","MID",NA,NA,123900,NA,0,0,NA,NA,NA,NA,NA,NA,NA,NA,NA,NA
"730","Brodie Kemp","CAR","MID",NA,NA,123900,NA,0,0,NA,NA,NA,NA,NA,NA,NA,NA,NA,NA
"731","Sam Ramsay","CAR","MID",NA,NA,123900,NA,0,0,NA,NA,NA,NA,NA,NA,NA,NA,NA,NA
"732","Jay Rantall","COL","MID",NA,NA,123900,NA,0,0,NA,NA,NA,NA,NA,NA,NA,NA,NA,NA
"733","Tom Hird","ESS","MID",NA,NA,123900,NA,0,0,NA,NA,NA,NA,NA,NA,NA,NA,NA,NA
"734","Stefan Giro","FRE","MID",NA,NA,123900,NA,0,0,NA,NA,NA,NA,NA,NA,NA,NA,NA,NA
"735","Luke Valente","FRE","MID",NA,NA,123900,NA,0,0,NA,NA,NA,NA,NA,NA,NA,NA,NA,NA
"736","Cooper Stephens","GEE","MID",NA,NA,123900,NA,0,0,NA,NA,NA,NA,NA,NA,NA,NA,NA,NA
"737","Nick Shipley","GWS","MID",NA,NA,123900,NA,0,0,NA,NA,NA,NA,NA,NA,NA,NA,NA,NA
"738","James Jordon","MEL","MID",NA,NA,123900,NA,0,0,NA,NA,NA,NA,NA,NA,NA,NA,NA,NA
"739","Aaron Nietschke","MEL","MID",NA,NA,123900,NA,0,0,NA,NA,NA,NA,NA,NA,NA,NA,NA,NA
"740","Jackson Mead","POR","MID",NA,NA,123900,NA,0,0,NA,NA,NA,NA,NA,NA,NA,NA,NA,NA
"741","Riley Collier-Dawkins","RIC","MID",NA,NA,123900,NA,0,0,NA,NA,NA,NA,NA,NA,NA,NA,NA,NA
"742","Will Martyn","RIC","MID",NA,NA,123900,NA,0,0,NA,NA,NA,NA,NA,NA,NA,NA,NA,NA
"743","Riley Garcia","WBD","MID",NA,NA,123900,NA,0,0,NA,NA,NA,NA,NA,NA,NA,NA,NA,NA
"744","Sam Berry","ADE","MID",NA,NA,117300,NA,0,0,NA,NA,NA,NA,NA,NA,NA,NA,NA,NA
"745","Reef McInnes","COL","MID",NA,NA,117300,NA,0,0,NA,NA,NA,NA,NA,NA,NA,NA,NA,NA
"746","Nathan O'Driscoll","FRE","MID",NA,NA,117300,NA,0,0,NA,NA,NA,NA,NA,NA,NA,NA,NA,NA
"747","Joel Western","FRE","MID",NA,NA,117300,NA,0,0,NA,NA,NA,NA,NA,NA,NA,NA,NA,NA
"748","Connor Downie","HAW","MID",NA,NA,117300,NA,0,0,NA,NA,NA,NA,NA,NA,NA,NA,NA,NA
"749","Charlie Lazzaro","NME","MID",NA,NA,117300,NA,0,0,NA,NA,NA,NA,NA,NA,NA,NA,NA,NA
"750","Errol Gulden","SYD","MID",NA,NA,117300,NA,0,0,NA,NA,NA,NA,NA,NA,NA,NA,NA,NA
"751","Luke Edwards","WCE","MID",NA,NA,117300,NA,0,0,NA,NA,NA,NA,NA,NA,NA,NA,NA,NA
"752","Jack Carroll","CAR","MID",NA,NA,117200,NA,0,0,NA,NA,NA,NA,NA,NA,NA,NA,NA,NA
"753","Carter Michael","BRI","MID",NA,NA,102400,NA,0,0,NA,NA,NA,NA,NA,NA,NA,NA,NA,NA
"754","Alex Davies","GCS","MID",NA,NA,102400,NA,0,0,NA,NA,NA,NA,NA,NA,NA,NA,NA,NA
"755","Taj Schofield","POR","MID",NA,NA,102400,NA,0,0,NA,NA,NA,NA,NA,NA,NA,NA,NA,NA
"756","Zane Trew","WCE","MID",NA,NA,102400,NA,0,0,NA,NA,NA,NA,NA,NA,NA,NA,NA,NA
"757","Lachlan McNeil","WBD","MID",NA,NA,102400,NA,0,0,NA,NA,NA,NA,NA,NA,NA,NA,NA,NA
"758","Matthew Kennedy","CAR","MID",NA,NA,437500,NA,7,81.4,NA,NA,NA,NA,NA,NA,NA,NA,NA,NA
"759","Matthew Kennedy","CAR","FWD",NA,NA,437500,NA,7,81.4,NA,NA,NA,NA,NA,NA,NA,NA,NA,NA
"760","Isaac Smith","GEE","MID",NA,NA,397600,NA,10,74,NA,NA,NA,NA,NA,NA,NA,NA,NA,NA
"761","Isaac Smith","GEE","FWD",NA,NA,397600,NA,10,74,NA,NA,NA,NA,NA,NA,NA,NA,NA,NA
"762","Brett Bewley","FRE","MID",NA,NA,388200,NA,12,72.2,NA,NA,NA,NA,NA,NA,NA,NA,NA,NA
"763","Brett Bewley","FRE","FWD",NA,NA,388200,NA,12,72.2,NA,NA,NA,NA,NA,NA,NA,NA,NA,NA
"764","Rhys Mathieson","BRI","MID",NA,NA,365800,NA,1,97,NA,NA,NA,NA,NA,NA,NA,NA,NA,NA
"765","Rhys Mathieson","BRI","FWD",NA,NA,364800,NA,1,97,NA,NA,NA,NA,NA,NA,NA,NA,NA,NA
"766","Will Brodie","GCS","MID",NA,NA,344900,NA,1,36,NA,NA,NA,NA,NA,NA,NA,NA,NA,NA
"767","Will Brodie","GCS","FWD",NA,NA,344900,NA,1,36,NA,NA,NA,NA,NA,NA,NA,NA,NA,NA
"768","Cameron Ellis-Yolmen","BRI","MID",NA,NA,337800,NA,8,62.9,NA,NA,NA,NA,NA,NA,NA,NA,NA,NA
"769","Cameron Ellis-Yolmen","BRI","FWD",NA,NA,337800,NA,8,62.9,NA,NA,NA,NA,NA,NA,NA,NA,NA,NA
"770","Lin Jong","WBD","MID",NA,NA,318100,NA,3,74,NA,NA,NA,NA,NA,NA,NA,NA,NA,NA
"771","Lin Jong","WBD","FWD",NA,NA,318100,NA,3,74,NA,NA,NA,NA,NA,NA,NA,NA,NA,NA
"772","Laitham Vandermeer","WBD","MID",NA,NA,278900,NA,12,51.9,NA,NA,NA,NA,NA,NA,NA,NA,NA,NA
"773","Laitham Vandermeer","WBD","FWD",NA,NA,278900,NA,12,51.9,NA,NA,NA,NA,NA,NA,NA,NA,NA,NA
"774","Will Walker","NME","MID",NA,NA,244500,NA,2,65,NA,NA,NA,NA,NA,NA,NA,NA,NA,NA
"775","Will Walker","NME","FWD",NA,NA,244500,NA,2,65,NA,NA,NA,NA,NA,NA,NA,NA,NA,NA
"776","Xavier O'Neill","WCE","MID",NA,NA,233200,NA,5,43.4,NA,NA,NA,NA,NA,NA,NA,NA,NA,NA
"777","Xavier O'Neill","WCE","FWD",NA,NA,233200,NA,5,43.4,NA,NA,NA,NA,NA,NA,NA,NA,NA,NA
"778","Paddy Dow","CAR","MID",NA,NA,202400,NA,3,37.7,NA,NA,NA,NA,NA,NA,NA,NA,NA,NA
"779","Paddy Dow","CAR","FWD",NA,NA,202400,NA,3,37.7,NA,NA,NA,NA,NA,NA,NA,NA,NA,NA
"780","Braeden Campbell","SYD","MID",NA,NA,189300,NA,0,0,NA,NA,NA,NA,NA,NA,NA,NA,NA,NA
"781","Braeden Campbell","SYD","FWD",NA,NA,189300,NA,0,0,NA,NA,NA,NA,NA,NA,NA,NA,NA,NA
"782","Elijah Hollands","GCS","MID",NA,NA,180300,NA,0,0,NA,NA,NA,NA,NA,NA,NA,NA,NA,NA
"783","Elijah Hollands","GCS","FWD",NA,NA,180300,NA,0,0,NA,NA,NA,NA,NA,NA,NA,NA,NA,NA
"784","Deven Robertson","BRI","MID",NA,NA,176800,NA,1,47,NA,NA,NA,NA,NA,NA,NA,NA,NA,NA
"785","Deven Robertson","BRI","FWD",NA,NA,176800,NA,1,47,NA,NA,NA,NA,NA,NA,NA,NA,NA,NA
"786","Archie Perkins","ESS","MID",NA,NA,171300,NA,0,0,NA,NA,NA,NA,NA,NA,NA,NA,NA,NA
"787","Archie Perkins","ESS","FWD",NA,NA,171300,NA,0,0,NA,NA,NA,NA,NA,NA,NA,NA,NA,NA
"788","Mark Hutchings","WCE","MID",NA,NA,157600,NA,3,29.3,NA,NA,NA,NA,NA,NA,NA,NA,NA,NA
"789","Mark Hutchings","WCE","FWD",NA,NA,157600,NA,3,29.3,NA,NA,NA,NA,NA,NA,NA,NA,NA,NA
"790","Tom Hutchesson","GWS","MID",NA,NA,135400,NA,1,36,NA,NA,NA,NA,NA,NA,NA,NA,NA,NA
"791","Tom Hutchesson","GWS","FWD",NA,NA,135400,NA,1,36,NA,NA,NA,NA,NA,NA,NA,NA,NA,NA
"792","Finlay Macrae","COL","MID",NA,NA,126300,NA,0,0,NA,NA,NA,NA,NA,NA,NA,NA,NA,NA
"793","Finlay Macrae","COL","FWD",NA,NA,126300,NA,0,0,NA,NA,NA,NA,NA,NA,NA,NA,NA,NA
"794","Josh Honey","CAR","MID",NA,NA,123900,NA,1,16,NA,NA,NA,NA,NA,NA,NA,NA,NA,NA
"795","Nakia Cockatoo","BRI","MID",NA,NA,123900,NA,0,0,NA,NA,NA,NA,NA,NA,NA,NA,NA,NA
"796","Tom Joyce","BRI","MID",NA,NA,123900,NA,0,0,NA,NA,NA,NA,NA,NA,NA,NA,NA,NA
"797","Ely Smith","BRI","MID",NA,NA,123900,NA,0,0,NA,NA,NA,NA,NA,NA,NA,NA,NA,NA
"798","Lachlan Johnson","ESS","MID",NA,NA,123900,NA,0,0,NA,NA,NA,NA,NA,NA,NA,NA,NA,NA
"799","Trent Burgoyne","POR","MID",NA,NA,123900,NA,0,0,NA,NA,NA,NA,NA,NA,NA,NA,NA,NA
"800","Dylan Williams","POR","MID",NA,NA,123900,NA,0,0,NA,NA,NA,NA,NA,NA,NA,NA,NA,NA
"801","Noah Cumberland","RIC","MID",NA,NA,123900,NA,0,0,NA,NA,NA,NA,NA,NA,NA,NA,NA,NA
"802","Hugo Ralphsmith","RIC","MID",NA,NA,123900,NA,0,0,NA,NA,NA,NA,NA,NA,NA,NA,NA,NA
"803","Josh Honey","CAR","FWD",NA,NA,123900,NA,1,16,NA,NA,NA,NA,NA,NA,NA,NA,NA,NA
"804","Nakia Cockatoo","BRI","FWD",NA,NA,123900,NA,0,0,NA,NA,NA,NA,NA,NA,NA,NA,NA,NA
"805","Tom Joyce","BRI","FWD",NA,NA,123900,NA,0,0,NA,NA,NA,NA,NA,NA,NA,NA,NA,NA
"806","Ely Smith","BRI","FWD",NA,NA,123900,NA,0,0,NA,NA,NA,NA,NA,NA,NA,NA,NA,NA
"807","Lachlan Johnson","ESS","FWD",NA,NA,123900,NA,0,0,NA,NA,NA,NA,NA,NA,NA,NA,NA,NA
"808","Trent Burgoyne","POR","FWD",NA,NA,123900,NA,0,0,NA,NA,NA,NA,NA,NA,NA,NA,NA,NA
"809","Dylan Williams","POR","FWD",NA,NA,123900,NA,0,0,NA,NA,NA,NA,NA,NA,NA,NA,NA,NA
"810","Noah Cumberland","RIC","FWD",NA,NA,123900,NA,0,0,NA,NA,NA,NA,NA,NA,NA,NA,NA,NA
"811","Hugo Ralphsmith","RIC","FWD",NA,NA,123900,NA,0,0,NA,NA,NA,NA,NA,NA,NA,NA,NA,NA
"812","Max Holmes","GEE","MID",NA,NA,121800,NA,0,0,NA,NA,NA,NA,NA,NA,NA,NA,NA,NA
"813","Max Holmes","GEE","FWD",NA,NA,121800,NA,0,0,NA,NA,NA,NA,NA,NA,NA,NA,NA,NA
"814","Brayden Cook","ADE","FWD",NA,NA,117300,NA,0,0,NA,NA,NA,NA,NA,NA,NA,NA,NA,NA
"815","Caleb Poulter","COL","FWD",NA,NA,117300,NA,0,0,NA,NA,NA,NA,NA,NA,NA,NA,NA,NA
"816","Tyler Brockman","HAW","FWD",NA,NA,117300,NA,0,0,NA,NA,NA,NA,NA,NA,NA,NA,NA,NA
"817","Jake Bowey","MEL","FWD",NA,NA,117300,NA,0,0,NA,NA,NA,NA,NA,NA,NA,NA,NA,NA
"818","Fraser Rosman","MEL","FWD",NA,NA,117300,NA,0,0,NA,NA,NA,NA,NA,NA,NA,NA,NA,NA
"819","Phoenix Spicer","NME","FWD",NA,NA,117300,NA,0,0,NA,NA,NA,NA,NA,NA,NA,NA,NA,NA
"820","Maurice Rioli","RIC","FWD",NA,NA,117300,NA,0,0,NA,NA,NA,NA,NA,NA,NA,NA,NA,NA
"821","Brayden Cook","ADE","MID",NA,NA,117300,NA,0,0,NA,NA,NA,NA,NA,NA,NA,NA,NA,NA
"822","Corey Durdin","CAR","MID",NA,NA,117300,NA,0,0,NA,NA,NA,NA,NA,NA,NA,NA,NA,NA
"823","Caleb Poulter","COL","MID",NA,NA,117300,NA,0,0,NA,NA,NA,NA,NA,NA,NA,NA,NA,NA
"824","Tyler Brockman","HAW","MID",NA,NA,117300,NA,0,0,NA,NA,NA,NA,NA,NA,NA,NA,NA,NA
"825","Jake Bowey","MEL","MID",NA,NA,117300,NA,0,0,NA,NA,NA,NA,NA,NA,NA,NA,NA,NA
"826","Fraser Rosman","MEL","MID",NA,NA,117300,NA,0,0,NA,NA,NA,NA,NA,NA,NA,NA,NA,NA
"827","Phoenix Spicer","NME","MID",NA,NA,117300,NA,0,0,NA,NA,NA,NA,NA,NA,NA,NA,NA,NA
"828","Maurice Rioli","RIC","MID",NA,NA,117300,NA,0,0,NA,NA,NA,NA,NA,NA,NA,NA,NA,NA
"829","Corey Durdin","CAR","FWD",NA,NA,117200,NA,0,0,NA,NA,NA,NA,NA,NA,NA,NA,NA,NA
"830","Tariek Newchurch","ADE","FWD",NA,NA,102400,NA,0,0,NA,NA,NA,NA,NA,NA,NA,NA,NA,NA
"831","Jack Ginnivan","COL","FWD",NA,NA,102400,NA,0,0,NA,NA,NA,NA,NA,NA,NA,NA,NA,NA
"832","Hawego Paul Oea","GCS","MID",NA,NA,102400,NA,0,0,NA,NA,NA,NA,NA,NA,NA,NA,NA,NA
"833","Jack Saunders","HAW","FWD",NA,NA,102400,NA,0,0,NA,NA,NA,NA,NA,NA,NA,NA,NA,NA
"834","Tariek Newchurch","ADE","MID",NA,NA,102400,NA,0,0,NA,NA,NA,NA,NA,NA,NA,NA,NA,NA
"835","Jack Ginnivan","COL","MID",NA,NA,102400,NA,0,0,NA,NA,NA,NA,NA,NA,NA,NA,NA,NA
"836","Hawego Paul Oea","GCS","FWD",NA,NA,102400,NA,0,0,NA,NA,NA,NA,NA,NA,NA,NA,NA,NA
"837","Jack Saunders","HAW","MID",NA,NA,102400,NA,0,0,NA,NA,NA,NA,NA,NA,NA,NA,NA,NA
"838","Paddy Ryder","STK","RUC",NA,NA,505900,NA,13,94.2,NA,NA,NA,NA,NA,NA,NA,NA,NA,NA
"839","Darcy Fort","GEE","RUC",NA,NA,390700,NA,5,80.8,NA,NA,NA,NA,NA,NA,NA,NA,NA,NA
"840","Sam Naismith","SYD","RUC",NA,NA,376100,NA,2,100,NA,NA,NA,NA,NA,NA,NA,NA,NA,NA
"841","Andrew Phillips","ESS","RUC",NA,NA,353000,NA,5,73,NA,NA,NA,NA,NA,NA,NA,NA,NA,NA
"842","Braydon Preuss","GWS","RUC",NA,NA,303000,NA,3,62.7,NA,NA,NA,NA,NA,NA,NA,NA,NA,NA
"843","Stefan Martin","WBD","RUC",NA,NA,272200,NA,6,50.7,NA,NA,NA,NA,NA,NA,NA,NA,NA,NA
"844","Tom Hickey","SYD","RUC",NA,NA,261100,NA,3,54,NA,NA,NA,NA,NA,NA,NA,NA,NA,NA
"845","Nathan Vardy","WCE","RUC",NA,NA,228600,NA,0,0,NA,NA,NA,NA,NA,NA,NA,NA,NA,NA
"846","Archie Smith","BRI","RUC",NA,NA,217100,NA,5,40.4,NA,NA,NA,NA,NA,NA,NA,NA,NA,NA
"847","Zac Smith","GCS","RUC",NA,NA,216000,NA,0,0,NA,NA,NA,NA,NA,NA,NA,NA,NA,NA
"848","Nick Bryan","ESS","RUC",NA,NA,123900,NA,0,0,NA,NA,NA,NA,NA,NA,NA,NA,NA,NA
"849","Lloyd Meek","FRE","RUC",NA,NA,123900,NA,0,0,NA,NA,NA,NA,NA,NA,NA,NA,NA,NA
"850","Matt Conroy","GCS","RUC",NA,NA,123900,NA,0,0,NA,NA,NA,NA,NA,NA,NA,NA,NA,NA
"851","Matt Flynn","GWS","RUC",NA,NA,123900,NA,0,0,NA,NA,NA,NA,NA,NA,NA,NA,NA,NA
"852","Ned Reeves","HAW","RUC",NA,NA,123900,NA,0,0,NA,NA,NA,NA,NA,NA,NA,NA,NA,NA
"853","Austin Bradtke","MEL","RUC",NA,NA,123900,NA,0,0,NA,NA,NA,NA,NA,NA,NA,NA,NA,NA
"854","Sam Hayes","POR","RUC",NA,NA,123900,NA,0,0,NA,NA,NA,NA,NA,NA,NA,NA,NA,NA
"855","Sam Alabakis","STK","RUC",NA,NA,123900,NA,0,0,NA,NA,NA,NA,NA,NA,NA,NA,NA,NA
"856","Callum Jamieson","WCE","RUC",NA,NA,123900,NA,0,0,NA,NA,NA,NA,NA,NA,NA,NA,NA,NA
"857","Jordon Sweet","WBD","RUC",NA,NA,123900,NA,0,0,NA,NA,NA,NA,NA,NA,NA,NA,NA,NA
"858","Henry Smith","BRI","RUC",NA,NA,117300,NA,0,0,NA,NA,NA,NA,NA,NA,NA,NA,NA,NA
"859","Samson Ryan","RIC","RUC",NA,NA,117300,NA,0,0,NA,NA,NA,NA,NA,NA,NA,NA,NA,NA
"860","Paul Tsapatolis","GEE","RUC",NA,NA,102400,NA,0,0,NA,NA,NA,NA,NA,NA,NA,NA,NA,NA
"861","Mate Colina","RIC","RUC",NA,NA,102400,NA,0,0,NA,NA,NA,NA,NA,NA,NA,NA,NA,NA
"862","Esava Ratugolea","GEE","RUC",NA,NA,369400,NA,12,68.8,NA,NA,NA,NA,NA,NA,NA,NA,NA,NA
"863","Esava Ratugolea","GEE","FWD",NA,NA,369400,NA,12,68.8,NA,NA,NA,NA,NA,NA,NA,NA,NA,NA
"864","Josh Jenkins","GEE","RUC",NA,NA,323400,NA,1,86,NA,NA,NA,NA,NA,NA,NA,NA,NA,NA
"865","Josh Jenkins","GEE","FWD",NA,NA,323400,NA,1,86,NA,NA,NA,NA,NA,NA,NA,NA,NA,NA
"866","Keegan Brooksby","HAW","RUC",NA,NA,206900,NA,1,55,NA,NA,NA,NA,NA,NA,NA,NA,NA,NA
"867","Keegan Brooksby","HAW","FWD",NA,NA,206900,NA,1,55,NA,NA,NA,NA,NA,NA,NA,NA,NA,NA
"868","Riley Thilthorpe","ADE","RUC",NA,NA,202800,NA,0,0,NA,NA,NA,NA,NA,NA,NA,NA,NA,NA
"869","Riley Thilthorpe","ADE","FWD",NA,NA,202800,NA,0,0,NA,NA,NA,NA,NA,NA,NA,NA,NA,NA
"870","Joel Amartey","SYD","RUC",NA,NA,195600,NA,1,52,NA,NA,NA,NA,NA,NA,NA,NA,NA,NA
"871","Joel Amartey","SYD","FWD",NA,NA,195600,NA,1,52,NA,NA,NA,NA,NA,NA,NA,NA,NA,NA
"872","Bailey J. Williams","WCE","RUC",NA,NA,193400,NA,3,45,NA,NA,NA,NA,NA,NA,NA,NA,NA,NA
"873","Bailey J. Williams","WCE","FWD",NA,NA,193400,NA,3,45,NA,NA,NA,NA,NA,NA,NA,NA,NA,NA
"874","Callum Coleman-Jones","RIC","RUC",NA,NA,161200,NA,0,0,NA,NA,NA,NA,NA,NA,NA,NA,NA,NA
"875","Callum Coleman-Jones","RIC","FWD",NA,NA,161200,NA,0,0,NA,NA,NA,NA,NA,NA,NA,NA,NA,NA
"876","Tom Campbell","NME","RUC",NA,NA,154700,NA,1,36,NA,NA,NA,NA,NA,NA,NA,NA,NA,NA
"877","Tom Campbell","NME","FWD",NA,NA,154700,NA,1,36,NA,NA,NA,NA,NA,NA,NA,NA,NA,NA
"878","Kieran Strachan","ADE","RUC",NA,NA,146700,NA,1,39,NA,NA,NA,NA,NA,NA,NA,NA,NA,NA
"879","Kieran Strachan","ADE","FWD",NA,NA,146700,NA,1,39,NA,NA,NA,NA,NA,NA,NA,NA,NA,NA
"880","Tom Fullarton","BRI","RUC",NA,NA,128900,NA,2,30,NA,NA,NA,NA,NA,NA,NA,NA,NA,NA
"881","Tom Fullarton","BRI","FWD",NA,NA,128900,NA,2,30,NA,NA,NA,NA,NA,NA,NA,NA,NA,NA
"882","Max Lynch","COL","RUC",NA,NA,123900,NA,1,22,NA,NA,NA,NA,NA,NA,NA,NA,NA,NA
"883","Charlie Comben","NME","RUC",NA,NA,123900,NA,0,0,NA,NA,NA,NA,NA,NA,NA,NA,NA,NA
"884","Max Lynch","COL","FWD",NA,NA,123900,NA,1,22,NA,NA,NA,NA,NA,NA,NA,NA,NA,NA
"885","Charlie Comben","NME","FWD",NA,NA,123900,NA,0,0,NA,NA,NA,NA,NA,NA,NA,NA,NA,NA
"886","Shannon Neale","GEE","RUC",NA,NA,117300,NA,0,0,NA,NA,NA,NA,NA,NA,NA,NA,NA,NA
"887","Shannon Neale","GEE","FWD",NA,NA,117300,NA,0,0,NA,NA,NA,NA,NA,NA,NA,NA,NA,NA
"888","Josh Treacy","FRE","RUC",NA,NA,102400,NA,0,0,NA,NA,NA,NA,NA,NA,NA,NA,NA,NA
"889","Josh Treacy","FRE","FWD",NA,NA,102400,NA,0,0,NA,NA,NA,NA,NA,NA,NA,NA,NA,NA
