Name,Team,Position,Price,2020_Average,model_proj_score,manual_weight,Proj_Score,proj_salary,value,2020_Games,talent,opportunity,durability,form,consistency,weighted_talent,weighted_opportunity,weighted_durability,weighted_form,weighted_consistency,2021 Notes
Max Gawn,MEL,RUC,751400,139.9,133,20,153,728709,-22691,14,138.86,9.3625,82.35,134.33,0.86,20,12.65,6.59,8,4.58,CAPTAIN weighting
Lachie Neale,BRI,MID,721800,134.4,131,0,131,718162,-3638,17,132.74,9.62,100,112.86,0.79,19.12,13,8,6.75,4.2,calf niggles
Jake Lloyd,SYD,DEF,656400,122.2,128,0,128,701006,44606,17,121.18,8.82,100,125.4,0.94,17.45,11.92,8,7.48,5,
Brodie Grundy,COL,RUC,648200,120.6,123,0,123,676960,28760,17,128.85,7.9625,100,106,0.84,18.56,10.76,8,6.35,4.47,
Clayton Oliver,MEL,MID,656700,122.2,122,0,122,667257,10557,17,121.24,8.43,100,109.5,0.76,17.46,11.39,8,6.56,4.04,
Matt Crouch,ADE,MID,594700,110.7,121,-10,111,663460,68760,16,109.69,9.25,94.12,128.8,0.69,15.8,12.5,7.53,7.68,3.67,groin soreness + off season surgery
Jack Steele,STK,MID,658000,122.5,121,,121,661632,3632,17,119.58,7.51,100,129.86,0.74,17.22,10.15,8,7.74,3.94,
Zach Merrett,ESS,MID,620900,115.6,121,-1,120,660929,40029,16,114.56,8.68,94.12,127,0.69,16.5,11.73,7.53,7.57,3.67,groin tighness
Tom Mitchell,HAW,MID,610000,113.5,119,-10,109,653054,43054,17,123.04,8.01,100,107.4,0.65,17.72,10.83,8,6.43,3.46,off season surgery
Jack Macrae,WBD,MID,650100,121,119,-1,118,650944,844,17,120.44,8.52,100,97.6,0.67,17.35,11.51,8,5.86,3.57,treloar factor
Christian Petracca,MEL,MID,631400,117.5,118,0,118,647007,15607,17,116.53,7.94,100,107.67,0.76,16.79,10.73,8,6.45,4.04,
Patrick Dangerfield,GEE,MID,611900,113.9,116,0,116,637445,25545,17,125.12,6.69,100,116.56,0.62,18.02,9.04,8,6.97,3.3,
Patrick Dangerfield,GEE,FWD,611900,113.9,116,0,116,637445,25545,17,125.12,6.69,100,116.56,0.62,18.02,9.04,8,6.97,3.3,
Todd Goldstein,NME,RUC,601700,112,115,-3,112,631257,29557,17,112.88,8.715,100,84,0.71,16.26,11.78,8,5.07,3.78,off season surgery
Andrew Gaff,WCE,MID,570800,106.2,115,0,115,628585,57785,17,104.94,8.48,100,114.83,0.61,15.12,11.46,8,6.87,3.25,
Reilly O'Brien,ADE,RUC,570800,106.2,114,0,114,624367,53567,17,105.24,8.4525,100,111.6,0.59,15.16,11.42,8,6.68,3.14,
Jarryd Lyons,BRI,MID,604600,112.5,113,0,113,620289,15689,17,109.58,7.74,100,98.71,0.74,15.78,10.46,8,5.93,3.94,
Taylor Adams,COL,MID,588800,109.6,113,-4,109,620007,31207,17,109.63,7.19,100,106.43,0.79,15.79,9.72,8,6.38,4.2,out for first 2 weeks
Rory Laird,ADE,DEF,564800,105.1,112,0,112,615929,51129,17,104.12,8.1,100,117.6,0.53,15,10.95,8,7.03,2.82,
Rory Laird,ADE,MID,564800,105.1,112,0,112,615929,51129,17,104.12,8.1,100,117.6,0.53,15,10.95,8,7.03,2.82,
Luke Parker,SYD,MID,571100,106.3,112,-2,110,615226,44126,17,105.29,7.57,100,109.8,0.71,15.17,10.23,8,6.57,3.78,niggle
Lachie Whitfield,GWS,DEF,561600,104.5,112,-10,102,612554,50954,17,104.1,7.69,100,117.6,0.59,15,10.39,8,7.03,3.14,liver compaint
Nat Fyfe,FRE,MID,608300,113.2,111,-1,110,610164,1864,14,118.36,7.12,82.35,112.4,0.64,17.05,9.62,6.59,6.72,3.41,niggle
Marcus Bontempelli,WBD,MID,623900,116.1,111,0,111,609461,-14439,17,112.68,6.74,100,112.8,0.61,16.23,9.11,8,6.75,3.25,
Travis Boak,POR,MID,590400,109.9,111,0,111,609461,19061,17,107.47,7.43,100,112.5,0.58,15.48,10.04,8,6.73,3.09,
Rowan Marshall,STK,RUC,557200,103.7,111,-50,61,607773,50573,17,105.64,8.3825,100,102.86,0.47,15.22,11.33,8,6.17,2.5,broken something
Josh Kelly,GWS,MID,615600,114.6,111,-1,110,606508,-9092,14,113.57,7.39,82.35,107,0.71,16.36,9.99,6.59,6.41,3.78,niggle
Sam Menegola,GEE,MID,579000,107.8,110,0,110,602429,23429,17,105.71,6.83,100,110.33,0.71,15.23,9.23,8,6.6,3.78,
Nic Naitanui,WCE,RUC,593700,110.5,109,-2,107,599055,5355,16,110.41,6.895,94.12,112.2,0.59,15.9,9.32,7.53,6.71,3.14,2 week injury
Dustin Martin,RIC,MID,541600,100.8,109,0,109,598773,57173,16,112.89,7.12,94.12,108.67,0.5,16.26,9.62,7.53,6.51,2.66,
Dustin Martin,RIC,FWD,541600,100.8,109,0,109,598773,57173,16,112.89,7.12,94.12,108.67,0.5,16.26,9.62,7.53,6.51,2.66,
Mitch Duncan,GEE,MID,556700,103.6,109,-2,107,598070,41370,16,107.75,6.56,94.12,110.56,0.75,15.52,8.87,7.53,6.62,3.99,2 week injury
Tom Rockliff,POR,MID,573000,106.6,109,0,109,597508,24508,14,106.12,7.39,82.35,122.67,0.62,15.29,9.99,6.59,7.32,3.3,
Touk Miller,GCS,MID,569200,105.9,108,0,108,593430,24230,17,104.94,7.01,100,102.4,0.65,15.12,9.48,8,6.14,3.46,
Sam Walsh,CAR,MID,543300,101.1,108,-500,-392,591461,48161,17,100.12,7.3,100,121.8,0.47,14.42,9.87,8,7.27,2.5,
Caleb Daniel,WBD,DEF,545500,101.5,107,0,107,587523,42023,17,103.44,6.51,100,118.8,0.56,14.9,8.8,8,7.1,2.98,
Tim English,WBD,RUC,551200,102.6,107,0,107,587523,36323,17,101.06,7.595,100,105,0.5,14.56,10.27,8,6.29,2.66,
Cameron Guthrie,GEE,MID,554700,103.2,107,0,107,585273,30573,17,102.43,6.87,100,109.11,0.57,14.76,9.29,8,6.53,3.04,
Luke Ryan,FRE,DEF,576500,107.3,106,0,106,583867,7367,17,105.71,6.2,100,102.2,0.71,15.23,8.38,8,6.13,3.78,
Lachie Hunter,WBD,MID,618500,115.1,106,0,106,581617,-36883,9,110.9,8.16,52.94,115.75,0.6,15.97,11.03,4.24,6.92,3.2,
Jed Anderson,NME,MID,562300,104.7,106,0,106,581336,19036,15,103.67,7,88.24,118.4,0.53,14.93,9.46,7.06,7.07,2.82,
Patrick Cripps,CAR,MID,523700,97.5,105,0,105,577961,54261,17,112.58,6.99,100,81.6,0.47,16.22,9.45,8,4.93,2.5,
Stephen Coniglio,GWS,MID,528900,98.4,105,0,105,576977,48077,16,105.88,7.06,94.12,95.25,0.56,15.25,9.54,7.53,5.73,2.98,
Tom Liberatore,WBD,MID,569900,106.1,105,0,105,576555,6655,15,104,6.7,88.24,115.8,0.56,14.98,9.06,7.06,6.92,2.98,
Hugh Greenwood,GCS,MID,567300,105.6,105,0,105,576414,9114,17,104.59,6.22,100,111.8,0.53,15.07,8.41,8,6.69,2.82,
Hugh McCluggage,BRI,MID,545500,101.5,105,0,105,575008,29508,17,102.16,6.68,100,105.43,0.53,14.72,9.03,8,6.32,2.82,
Ollie Wines,POR,MID,560600,104.3,105,0,105,573180,12580,15,103.24,7.07,88.24,107.67,0.53,14.87,9.56,7.06,6.45,2.82,
Scott Pendlebury,COL,MID,592200,110.2,104,0,104,568117,-24083,13,107.83,7.47,76.47,102.6,0.47,15.53,10.1,6.12,6.15,2.5,
Dylan Shiel,ESS,MID,548000,102,103,0,103,566571,18571,15,101,7.65,88.24,97.17,0.47,14.55,10.34,7.06,5.84,2.5,
Steele Sidebottom,COL,MID,588000,109.4,103,0,103,562352,-25648,9,108.44,7.52,52.94,117,0.56,15.62,10.16,4.24,6.99,2.98,
Steele Sidebottom,COL,FWD,588000,109.4,103,0,103,562352,-25648,9,108.44,7.52,52.94,117,0.56,15.62,10.16,4.24,6.99,2.98,
Luke McDonald,NME,DEF,512900,95.5,102,0,102,559258,46358,17,94.47,6.74,100,114.8,0.41,13.61,9.11,8,6.86,2.19,
Andrew Brayshaw,FRE,MID,544200,101.3,102,0,102,557852,13652,17,99.71,6.63,100,91.8,0.53,14.36,8.96,8,5.53,2.82,
Adam Treloar,WBD,MID,587600,109.4,102,-2,100,556586,-31014,8,110.23,8.54,47.06,86,0.6,15.88,11.54,3.77,5.19,3.2,2 week calf injury
Jeremy Howe,COL,DEF,517900,120.5,101,0,101,555743,37843,4,119.5,6.83,23.53,120.5,0.75,17.21,9.23,1.89,7.2,3.99,
Jordan Ridley,ESS,DEF,547700,101.9,101,0,101,555602,7902,17,100.94,5.91,100,97.17,0.59,14.54,7.99,8,5.84,3.14,
Tom Stewart,GEE,DEF,538000,100.1,101,0,101,555461,17461,14,100.06,6.16,82.35,110.33,0.67,14.41,8.33,6.59,6.6,3.57,
Adam Saad,CAR,DEF,526200,97.9,101,0,101,553211,27011,17,96.94,6.24,100,96.33,0.59,13.97,8.44,8,5.79,3.14,
Tim Kelly,WCE,MID,517400,96.3,101,0,101,551383,33983,17,94.72,7.01,100,100,0.39,13.65,9.48,8,6,2.08,
Callum Mills,SYD,DEF,544800,101.4,100,0,100,550540,5740,15,100.4,6.17,88.24,108,0.53,14.46,8.34,7.06,6.47,2.82,
Jayden Short,RIC,DEF,519300,96.6,100,0,100,550399,31099,17,97.33,6.56,100,99.33,0.43,14.02,8.87,8,5.96,2.29,
Jack Crisp,COL,DEF,533200,99.2,100,0,100,547446,14246,17,97.16,6.07,100,108.29,0.42,14,8.21,8,6.48,2.24,
Trent Dumont,NME,MID,543300,101.2,99,0,99,545055,1755,17,100.24,6.7,100,89.4,0.35,14.44,9.06,8,5.39,1.87,
Shaun Higgins,GEE,MID,510400,95,99,0,99,544352,33952,17,97.2,7.12,100,81,0.41,14,9.62,8,4.9,2.19,
Josh P. Kennedy,SYD,MID,513500,95.6,99,0,99,541399,27899,12,102.63,7.06,70.59,105,0.42,14.78,9.54,5.65,6.29,2.24,
Jy Simpkin,NME,MID,499700,93,98,0,98,539993,40293,17,92,6.74,100,86.6,0.53,13.25,9.11,8,5.22,2.82,
Rowan Marshall,STK,FWD,557200,103.7,98,-50,48,539571,-17629,17,105.64,4.79,100,102.86,0.47,15.22,6.48,8,6.17,2.5,broken something
Bailey Smith,WBD,MID,494600,92.1,98,0,98,539290,44690,17,90.89,6.85,100,88.6,0.5,13.09,9.26,8,5.34,2.66,
Sam Docherty,CAR,DEF,496000,92.3,98,0,98,538868,42868,16,104.46,6.62,94.12,85,0.31,15.05,8.95,7.53,5.13,1.66,
Ed Curnow,CAR,MID,512600,95.4,98,0,98,538727,26127,17,95.48,6.69,100,93.8,0.35,13.76,9.04,8,5.64,1.87,
Dayne Zorko,BRI,MID,525800,97.9,98,0,98,538587,12787,15,101.92,6.02,88.24,93,0.53,14.68,8.14,7.06,5.6,2.82,
Dayne Zorko,BRI,FWD,525800,97.9,98,0,98,538587,12787,15,101.92,6.02,88.24,93,0.53,14.68,8.14,7.06,5.6,2.82,
Jack Viney,MEL,MID,534900,99.6,98,0,98,538305,3405,16,98.56,6.7,94.12,90.6,0.38,14.2,9.06,7.53,5.46,2.03,
Steven May,MEL,DEF,507900,94.5,98,0,98,537321,29421,17,93.53,5.4,100,110.67,0.53,13.47,7.3,8,6.62,2.82,
Josh Dunkley,WBD,MID,560200,104.3,98,0,98,537321,-22879,11,113.24,5.86,64.71,109.6,0.42,16.31,7.92,5.18,6.56,2.24,
Josh Dunkley,WBD,FWD,560200,104.3,98,0,98,537321,-22879,11,113.24,5.86,64.71,109.6,0.42,16.31,7.92,5.18,6.56,2.24,
David Mundy,FRE,MID,502000,93.4,98,0,98,537180,35180,16,96.4,6.06,94.12,104,0.44,13.89,8.19,7.53,6.24,2.35,
Brayden Maynard,COL,DEF,549900,102.4,97,0,97,533946,-15954,17,95.84,5.87,100,89.71,0.53,13.81,7.94,8,5.4,2.82,
Harry Perryman,GWS,MID,505000,94,97,0,97,532259,27259,16,93,6.16,94.12,98.75,0.5,13.4,8.33,7.53,5.93,2.66,
Tom Hawkins,GEE,FWD,568600,105.8,97,0,97,530290,-38310,17,105.43,3.97,100,101.89,0.57,15.19,5.37,8,6.11,3.04,
Jacob Hopper,GWS,MID,488600,90.9,96,0,96,528180,39580,17,93.2,6.44,100,97.8,0.29,13.43,8.71,8,5.87,1.55,
Andrew McGrath,ESS,MID,510000,94.9,95,0,95,521149,11149,14,93.93,7.32,82.35,78.67,0.43,13.53,9.89,6.59,4.76,2.29,
Michael Walters,FRE,MID,531100,98.9,95,-1,94,521009,-10091,14,99.67,5.88,82.35,84.67,0.57,14.36,7.95,6.59,5.11,3.04,niggle
Michael Walters,FRE,FWD,531100,98.9,95,-1,94,521009,-10091,14,99.67,5.88,82.35,84.67,0.57,14.36,7.95,6.59,5.11,3.04,niggle
Shannon Hurn,WCE,DEF,477800,88.9,95,0,95,520868,43068,16,99.74,5.57,94.12,101,0.29,14.37,7.53,7.53,6.06,1.55,
Nick Haynes,GWS,DEF,528400,98.4,95,0,95,520727,-7673,17,97.35,5.36,100,81.8,0.53,14.02,7.25,8,4.94,2.82,
Marc Murphy,CAR,MID,444700,82.8,95,-10,85,520446,75746,17,98.88,6.55,100,76.6,0.24,14.24,8.85,8,4.64,1.28,old
Robbie Gray,POR,FWD,491100,91.4,95,0,95,519884,28784,17,95.3,5.37,100,104.67,0.32,13.73,7.26,8,6.27,1.71,
Ed Langdon,MEL,MID,487300,90.7,95,0,95,519743,32443,17,89.71,6.77,100,93.33,0.24,12.92,9.15,8,5.61,1.28,
Jarrod Witts,GCS,RUC,501600,93.4,94,0,94,517774,16174,17,95.62,6.16,100,85.6,0.29,13.78,8.33,8,5.16,1.55,
Luke Shuey,WCE,MID,508600,94.7,94,0,94,516790,8190,12,99.19,6.61,70.59,82.67,0.54,14.29,8.94,5.65,4.99,2.88,
Elliot Yeo,WCE,MID,483000,89.9,94,-10,84,515806,32806,10,102.88,6.71,58.82,89.9,0.5,14.82,9.07,4.71,5.42,2.66,surgery
Daniel Rich,BRI,DEF,483100,89.9,94,0,94,513556,30456,13,92.46,6.11,76.47,118.25,0.33,13.32,8.26,6.12,7.06,1.76,
Brad Crouch,STK,MID,448600,83.5,94,-20,74,512993,64393,12,95.12,7.79,70.59,80,0.33,13.7,10.53,5.65,4.84,1.76,suspended 2 weeks
Jack Billings,STK,MID,514800,95.8,94,0,94,512712,-2088,17,92.42,6.35,100,80.29,0.32,13.31,8.58,8,4.86,1.71,
Christian Salem,MEL,DEF,469100,87.3,93,0,93,510603,41503,16,87.45,6.34,94.12,92.67,0.38,12.6,8.57,7.53,5.58,2.03,
Devon Smith,ESS,MID,458000,85.2,93,0,93,510321,52321,16,92.33,6.01,94.12,94.2,0.31,13.3,8.13,7.53,5.67,1.66,
Adam Cerra,FRE,MID,484800,90.2,93,0,93,509196,24396,17,88.76,5.79,100,100.6,0.29,12.79,7.83,8,6.04,1.55,
Dan Houston,POR,DEF,489300,91.1,93,0,93,508634,19334,15,90.53,5.58,88.24,105.75,0.41,13.04,7.54,7.06,6.34,2.19,
James Sicily,HAW,DEF,552900,102.9,92,-20,72,505962,-46938,11,101.18,5.66,64.71,102.9,0.45,14.58,7.65,5.18,6.17,2.4,out for season
Scott Lycett,POR,RUC,520700,96.9,92,0,92,504415,-16285,13,98.39,6.23,76.47,89.67,0.33,14.17,8.42,6.12,5.4,1.76,
Will Setterfield,CAR,MID,481900,89.7,92,0,92,502306,20406,16,88.69,5.42,94.12,100.75,0.38,12.78,7.33,7.53,6.05,2.03,
Rhys Stanley,GEE,RUC,551900,102.7,91,0,91,501181,-50719,7,97.45,7.2275,41.18,102.17,0.45,14.04,9.77,3.3,6.13,2.4,
Brad Sheppard,WCE,DEF,492700,91.7,91,0,91,501040,8340,17,88.89,5.55,100,86.83,0.39,12.81,7.5,8,5.24,2.08,
Dom Sheed,WCE,MID,478500,89.1,91,0,91,500478,21978,16,88.96,6.9,94.12,71.8,0.29,12.82,9.33,7.53,4.36,1.55,
Darcy Parish,ESS,MID,465800,86.7,91,0,91,498650,32850,17,85.71,6.34,100,92.5,0.18,12.35,8.57,8,5.57,0.97,
Sebastian Ross,STK,MID,417900,77.8,91,-5,86,497665,79765,14,99.13,6.13,82.35,86.4,0.19,14.28,8.29,6.59,5.21,1.02,bad
Joel Selwood,GEE,MID,445000,82.8,91,0,91,497103,52103,11,105.08,5.54,64.71,96.2,0.33,15.14,7.49,5.18,5.78,1.76,
Jaeger O'Meara,HAW,MID,488000,90.8,90,0,90,495978,7978,12,89.5,6.62,70.59,92,0.42,12.89,8.95,5.65,5.54,2.24,
Mark Blicavs,GEE,DEF,531600,98.9,90,-1,89,495837,-35763,17,95.62,4.03,100,95.56,0.43,13.78,5.45,8,5.74,2.29,niggle
Mark Blicavs,GEE,MID,531600,98.9,90,-1,89,495837,-35763,17,95.62,4.03,100,95.56,0.43,13.78,5.45,8,5.74,2.29,niggle
James Worpel,HAW,MID,474200,88.3,90,0,90,495134,20934,15,95.71,6.08,88.24,84,0.2,13.79,8.22,7.06,5.07,1.07,
Zak Jones,STK,MID,494700,92.1,89,0,89,490493,-4207,14,87.25,6.5,82.35,81,0.38,12.57,8.79,6.59,4.9,2.03,
Jordan Dawson,SYD,DEF,485700,85.4,89,0,89,488525,2825,16,84.38,5.55,94.12,98,0.31,12.16,7.5,7.53,5.89,1.66,
Brodie Smith,ADE,DEF,438200,81.6,89,0,89,486837,48637,16,84.92,6.08,94.12,82.5,0.31,12.23,8.22,7.53,4.98,1.66,
Brodie Smith,ADE,MID,438200,81.6,89,0,89,486837,48637,16,84.92,6.08,94.12,82.5,0.31,12.23,8.22,7.53,4.98,1.66,
Tim Taranto,GWS,MID,453700,84.5,89,6,95,485853,32153,11,100.57,6.46,64.71,77.8,0.27,14.49,8.73,5.18,4.71,1.44,return from injury
Lachie Weller,GCS,MID,436500,81.2,89,0,89,485431,48931,17,84.32,5.92,100,79.6,0.29,12.15,8,8,4.82,1.55,
Liam Duggan,WCE,DEF,448600,83.5,89,4,93,485290,36690,16,82.29,5.77,94.12,96,0.29,11.86,7.8,7.53,5.77,1.55,def to mid role change
Jarrod Berry,BRI,MID,521500,97.1,89,0,89,485290,-36210,15,89.76,5.7,88.24,81.8,0.35,12.93,7.71,7.06,4.94,1.87,
Jared Polec,NME,MID,477800,88.9,88,0,88,483322,5522,13,87.92,6.41,76.47,94.5,0.23,12.67,8.67,6.12,5.68,1.23,
Rory Sloane,ADE,MID,471900,87.8,88,0,88,483040,11140,12,104.19,5.6,70.59,86.33,0.17,15.01,7.57,5.65,5.21,0.91,
Bachar Houli,RIC,DEF,465600,86.7,88,0,88,481072,15472,9,105.17,6.41,52.94,74,0.31,15.15,8.67,4.24,4.49,1.66,
Toby Nankervis,RIC,RUC,442900,82.4,87,6,93,479384,36484,7,92.91,6.9125,41.18,102.4,0.36,13.39,9.34,3.3,6.14,1.92,more opportunity (Soldo out all year)
Trent Cotchin,RIC,MID,443500,82.5,87,0,87,479244,35744,13,94.29,6.3,76.47,75.5,0.24,13.58,8.52,6.12,4.58,1.28,
Rory Lobb,FRE,RUC,415000,77.2,87,0,87,478540,63540,17,84.07,5.9325,100,76.2,0.24,12.11,8.02,8,4.62,1.28,
Darcy Byrne-Jones,POR,DEF,441800,82.2,87,0,87,477978,36178,17,87,5.47,100,86.17,0.16,12.53,7.4,8,5.2,0.86,
David Swallow,GCS,MID,438400,81.6,87,0,87,477978,39578,15,86.12,6.31,88.24,87.75,0.13,12.41,8.53,7.06,5.29,0.7,
Ben McEvoy,HAW,RUC,456000,84.9,87,0,87,477837,21837,16,94.79,4.9,94.12,79.75,0.25,13.66,6.63,7.53,4.82,1.34,
Brandon Ellis,GCS,MID,450600,83.9,87,0,87,477275,26675,16,82.88,6.42,94.12,78.8,0.19,11.94,8.68,7.53,4.77,1.02,
Robbie Tarrant,NME,DEF,463100,86.2,87,0,87,477134,14034,16,85.19,5.21,94.12,90,0.31,12.27,7.05,7.53,5.42,1.66,
Shai Bolton,RIC,MID,462400,86.1,87,0,87,474322,11922,15,84.84,5.46,88.24,88.88,0.32,12.22,7.38,7.06,5.36,1.71,
Shai Bolton,RIC,FWD,462400,86.1,87,0,87,474322,11922,15,84.84,5.46,88.24,88.88,0.32,12.22,7.38,7.06,5.36,1.71,
Oscar McInerney,BRI,RUC,443400,82.5,86,0,86,473056,29656,17,82.21,5.4775,100,82.71,0.26,11.84,7.41,8,5,1.39,
Zac Williams,CAR,DEF,458600,85.4,86,6,92,471791,13191,11,98.62,5.66,64.71,75.75,0.36,14.21,7.65,5.18,4.59,1.92,Club change
Nick Vlastuin,RIC,DEF,483500,90,86,0,86,470806,-12694,16,88.62,4.7,94.12,81.89,0.35,12.77,6.36,7.53,4.95,1.87,
Ben Keays,ADE,MID,436200,81.2,86,0,86,470806,34606,16,80.19,5.86,94.12,85.2,0.25,11.55,7.92,7.53,5.14,1.34,
Bailey Williams,WBD,DEF,452600,84.2,86,0,86,470384,17784,17,84.39,5.34,100,80.8,0.22,12.16,7.22,8,4.89,1.18,
Kyle Langford,ESS,MID,436900,81.3,86,0,86,470384,33484,16,80.31,5.95,94.12,87.67,0.19,11.57,8.04,7.53,5.29,1.02,
Kyle Langford,ESS,FWD,436900,81.3,86,0,86,470384,33484,16,80.31,5.95,94.12,87.67,0.19,11.57,8.04,7.53,5.29,1.02,
Liam Shiels,HAW,MID,420100,78.2,86,0,86,469400,49300,16,84.84,5.68,94.12,76,0.25,12.22,7.68,7.53,4.61,1.34,
Jack Bowes,GCS,DEF,451300,84,85,0,85,467994,16694,17,83,5.98,100,70.2,0.18,11.96,8.08,8,4.27,0.97,
Angus Brayshaw,MEL,MID,435200,81,85,0,85,467713,32513,14,91.79,5.61,82.35,78.33,0.21,13.22,7.59,6.59,4.74,1.12,
Hunter Clark,STK,DEF,438900,81.7,85,0,85,467431,28531,16,80.28,5.89,94.12,77.33,0.28,11.57,7.96,7.53,4.68,1.5,
Noah Anderson,GCS,MID,411500,76.6,85,0,85,463775,52275,17,75.59,5.79,100,87.8,0.18,10.89,7.83,8,5.29,0.97,
Dane Rampe,SYD,DEF,492300,91.6,84,0,84,463213,-29087,11,94.19,5,64.71,91.6,0.36,13.57,6.76,5.18,5.51,1.92,
Kane Lambert,RIC,FWD,445900,83,84,0,84,461947,16047,16,83.24,5.38,94.12,78,0.25,11.99,7.27,7.53,4.72,1.34,
Chad Wingard,HAW,FWD,452300,84.2,84,-2,82,459978,7678,17,83.18,4.67,100,80.4,0.29,11.98,6.32,8,4.86,1.55,nigggke
Liam Ryan,WCE,FWD,409600,76.2,84,0,84,459697,50097,17,77.33,3.76,100,106.5,0.39,11.14,5.09,8,6.38,2.08,
Mitch Robinson,BRI,MID,418800,77.9,84,0,84,459416,40616,17,90.67,4.91,100,72.14,0.11,13.06,6.64,8,4.38,0.59,
Zak Butters,POR,FWD,471400,87.7,84,0,84,458572,-12828,15,84.82,4.73,88.24,83.75,0.35,12.22,6.4,7.06,5.06,1.87,
Josh Daicos,COL,MID,442200,82.3,84,0,84,458572,16372,16,79.22,5.5,94.12,83.57,0.22,11.41,7.44,7.53,5.05,1.18,
Jack Lukosius,GCS,DEF,430800,80.2,84,0,84,458150,27350,17,79.18,5.73,100,68,0.24,11.41,7.75,8,4.14,1.28,
Tom Lynch,ADE,FWD,407900,75.9,83,0,83,456603,48703,13,81.69,6.04,76.47,93,0.15,11.77,8.17,6.12,5.6,0.81,
Alex Witherden,WCE,DEF,456100,94.3,83,0,83,455760,-340,6,93.33,6.86,35.29,69,0.5,13.45,9.27,2.83,4.2,2.66,
Hamish Hartlett,POR,DEF,421900,78.5,83,0,83,453228,31328,17,86.42,4.79,100,73.17,0.16,12.45,6.48,8,4.44,0.86,
Sam Petrevski-Seton,CAR,DEF,401400,74.7,82,0,82,452244,50844,16,80.17,4.82,94.12,81,0.31,11.55,6.52,7.53,4.9,1.66,
Caleb Serong,FRE,MID,435600,81.1,82,0,82,452244,16644,14,79.79,5.62,82.35,88.8,0.21,11.5,7.6,6.59,5.35,1.12,
Jason Johannisen,WBD,DEF,448300,83.4,82,0,82,450416,2116,16,81.71,5.07,94.12,75.75,0.24,11.77,6.86,7.53,4.59,1.28,
Nick Coffield,STK,DEF,426500,79.4,82,0,82,450135,23635,16,78.94,5.21,94.12,85.29,0.17,11.37,7.05,7.53,5.15,0.91,
Trent McKenzie,POR,DEF,388300,72.3,82,0,82,449572,61272,15,107,3.75,88.24,72.83,0,15.41,5.07,7.06,4.42,0.01,
Toby Greene,GWS,FWD,448400,83.5,82,0,82,449572,1172,13,92.19,5.31,76.47,61,0.31,13.28,7.18,6.12,3.73,1.66,
Jack Gunston,HAW,FWD,438200,81.6,82,0,82,447744,9544,16,88.8,3.57,94.12,94.25,0.19,12.79,4.83,7.53,5.67,1.02,
Dion Prestia,RIC,MID,446800,92.4,81,-4,77,446338,-462,5,101.85,6.74,29.41,83,0.11,14.67,9.11,2.36,5.01,0.59,3 week injury
Sean Darcy,FRE,RUC,420100,78.2,81,0,81,444369,24269,15,76.53,5.215,88.24,89.4,0.2,11.03,7.05,7.06,5.39,1.07,
Karl Amon,POR,MID,431400,80.3,81,0,81,444088,12688,17,78,5.22,100,77.5,0.11,11.24,7.06,8,4.69,0.59,
Jade Gresham,STK,MID,438100,81.5,81,0,81,442963,4863,11,81.9,6.03,64.71,81.5,0.27,11.8,8.15,5.18,4.93,1.44,
Michael Hurley,ESS,DEF,431400,80.3,81,0,81,442400,11000,14,93.52,5.2,82.35,59,0.14,13.47,7.03,6.59,3.62,0.75,
Jack Redden,WCE,MID,377900,70.3,80,0,80,440994,63094,12,93.85,5.48,70.59,65,0.15,13.52,7.41,5.65,3.97,0.81,
Tom Doedee,ADE,DEF,457900,85.2,80,0,80,440853,-17047,9,84.22,5.07,52.94,85.2,0.56,12.13,6.86,4.24,5.14,2.98,
Charlie Dixon,POR,FWD,498700,92.8,80,0,80,440291,-58409,16,87.39,3.06,94.12,87.83,0.33,12.59,4.14,7.53,5.29,1.76,
James Harmes,MEL,DEF,344700,64.2,80,0,80,439869,95169,13,91.96,4.98,76.47,78.5,0.08,13.25,6.73,6.12,4.75,0.43,
Brandan Parfitt,GEE,MID,455100,84.7,80,0,80,439588,-15512,14,83.44,4.99,82.35,82.62,0.17,12.02,6.75,6.59,4.99,0.91,
Harris Andrews,BRI,DEF,469700,87.4,80,0,80,439307,-30393,14,86.56,3.82,82.35,88.75,0.31,12.47,5.17,6.59,5.35,1.66,
Jack Graham,RIC,MID,446400,83.1,80,0,80,438322,-8078,12,81.12,5.19,70.59,85.29,0.31,11.69,7.02,5.65,5.15,1.66,
Ben McEvoy,HAW,DEF,456000,84.9,80,0,80,437900,-18100,16,94.79,2.8,94.12,79.75,0.25,13.66,3.79,7.53,4.82,1.34,
James Aish,FRE,MID,404600,75.3,80,0,80,437197,32597,16,73.94,5.52,94.12,73,0.19,10.65,7.46,7.53,4.43,1.02,
Oliver Florent,SYD,MID,408300,76,80,0,80,437057,28757,17,75,5.61,100,60.6,0.18,10.81,7.59,8,3.71,0.97,
Tom Barrass,WCE,DEF,447200,83.2,80,0,80,436775,-10425,17,80.22,3.51,100,87,0.28,11.56,4.75,8,5.25,1.5,
Michael Hibberd,MEL,DEF,378000,70.4,80,0,80,436494,58494,14,91.1,5.16,82.35,65,0.07,13.12,6.98,6.59,3.97,0.38,
Jeremy Cameron,GEE,FWD,388100,72.2,80,2,82,436494,48394,17,88,3.47,100,77.4,0.18,12.68,4.7,8,4.69,0.97,
Ben Ainsworth,GCS,FWD,406300,75.6,79,0,79,435650,29350,16,74.62,4.97,94.12,88.5,0.12,10.75,6.72,7.53,5.33,0.65,
Tom Phillips,HAW,MID,402600,74.9,79,0,79,435650,33050,15,84.14,5.17,88.24,73,0.07,12.12,6.99,7.06,4.43,0.38,
Tom Phillips,HAW,FWD,402600,74.9,79,0,79,435650,33050,15,84.14,5.17,88.24,73,0.07,12.12,6.99,7.06,4.43,0.38,
Jack Darling,WCE,FWD,434900,80.9,79,0,79,434947,47,17,82.31,3.28,100,85,0.28,11.86,4.44,8,5.13,1.5,
Zach Tuohy,GEE,MID,405100,75.4,79,0,79,433541,28441,15,81.11,5.36,88.24,69.71,0.11,11.69,7.25,7.06,4.24,0.59,
Sam Powell-Pepper,POR,MID,404500,75.3,79,0,79,433541,29041,17,74.11,4.77,100,75.5,0.21,10.68,6.45,8,4.58,1.12,
Sam Powell-Pepper,POR,FWD,404500,75.3,79,0,79,433541,29041,17,74.11,4.77,100,75.5,0.21,10.68,6.45,8,4.58,1.12,
Callum Sinclair,SYD,RUC,414100,77.1,79,0,79,433400,19300,13,87.88,5.4775,76.47,62.5,0.15,12.66,7.41,6.12,3.82,0.81,
Harry Cunningham,SYD,DEF,410400,74.7,79,0,79,432697,22297,17,77.33,5.08,100,73,0.06,11.14,6.87,8,4.43,0.33,
Jeremy McGovern,WCE,DEF,462100,86,79,0,79,431432,-30668,11,89,4.57,64.71,85.5,0.25,12.82,6.18,5.18,5.16,1.34,
Rory Lobb,FRE,FWD,415000,77.2,78,0,78,430307,15307,17,84.07,3.39,100,76.2,0.24,12.11,4.59,8,4.62,1.28,
Jack Newnes,CAR,MID,401700,74.8,78,0,78,430026,28326,17,73.76,4.62,100,83.6,0.12,10.63,6.25,8,5.05,0.65,
Jack Newnes,CAR,FWD,401700,74.8,78,0,78,430026,28326,17,73.76,4.62,100,83.6,0.12,10.63,6.25,8,5.05,0.65,
Tom Papley,SYD,FWD,428600,79.8,78,0,78,429885,1285,17,78.76,4.02,100,74.2,0.24,11.35,5.44,8,4.5,1.28,
Marlion Pickett,RIC,MID,386500,71.9,78,0,78,429885,43385,15,93,4.21,88.24,62.67,0.11,13.4,5.69,7.06,3.83,0.59,
Zac Bailey,BRI,MID,420300,78.2,78,0,78,429604,9304,17,74.95,4.8,100,68,0.21,10.8,6.49,8,4.14,1.12,
Zac Bailey,BRI,FWD,420300,78.2,78,0,78,429604,9304,17,74.95,4.8,100,68,0.21,10.8,6.49,8,4.14,1.12,
Marc Pittonet,CAR,RUC,421500,78.5,78,0,78,428479,6979,13,77.46,5.215,76.47,88.5,0.15,11.16,7.05,6.12,5.33,0.81,
Peter Ladhams,POR,RUC,460000,85.6,78,0,78,428057,-31943,8,80.9,7.49,47.06,53.33,0.3,11.66,10.12,3.77,3.29,1.6,
Blake Acres,FRE,MID,453600,84.4,78,0,78,427916,-25684,7,83.43,6.38,41.18,69,0.43,12.02,8.62,3.3,4.2,2.29,
Liam Baker,RIC,DEF,419100,78,78,0,78,427776,8676,16,75.2,5.12,94.12,75.78,0.1,10.84,6.92,7.53,4.59,0.54,
Jack Martin,CAR,FWD,446300,83.1,78,0,78,427635,-18665,15,82.07,4.81,88.24,53,0.33,11.82,6.5,7.06,3.27,1.76,
Shaun Atley,NME,DEF,404200,75.2,78,0,78,426932,22732,17,74.24,5.25,100,64,0.12,10.7,7.1,8,3.91,0.65,
Hayden Crozier,WBD,DEF,409100,76.1,78,0,78,426791,17691,14,77,4.5,82.35,79.67,0.33,11.09,6.09,6.59,4.82,1.76,
Darcy Moore,COL,DEF,430200,80.1,78,0,78,425666,-4534,16,77.17,4.2,94.12,78.67,0.22,11.12,5.68,7.53,4.76,1.18,
Isaac Heeney,SYD,FWD,454500,94,78,0,78,425666,-28834,6,93,4.9,35.29,94,0.33,13.4,6.63,2.83,5.65,1.76,
Shane Mumford,GWS,RUC,420700,78.3,78,0,78,425526,4826,10,90.84,4.69,58.82,83.67,0.2,13.09,6.34,4.71,5.05,1.07,
Ben Cunnington,NME,MID,439800,102.3,77,14,91,423697,-16103,3,101.33,5.89,17.65,102.3,0,14.6,7.96,1.42,6.14,0.01,return from injury
Jacob Weitering,CAR,DEF,410400,74.7,77,0,77,422010,11610,17,73.71,3.93,100,84.4,0.18,10.62,5.32,8,5.1,0.97,
Jake Lever,MEL,DEF,419400,78.1,77,0,77,420323,923,17,77.06,3.53,100,83.5,0.18,11.1,4.78,8,5.04,0.97,
Paul Seedsman,ADE,MID,429800,80,77,0,77,420041,-9759,9,79,5.66,52.94,80,0.33,11.38,7.65,4.24,4.84,1.76,
Dan Butler,STK,FWD,416900,77.7,77,0,77,419479,2579,17,76.21,3.73,100,72.57,0.26,10.98,5.05,8,4.41,1.39,
Isaac Smith,GEE,MID,397600,74,76,0,76,418354,20754,10,80,5.49,58.82,74,0.3,11.53,7.42,4.71,4.49,1.6,
Isaac Smith,GEE,FWD,397600,74,76,0,76,418354,20754,10,80,5.49,58.82,74,0.3,11.53,7.42,4.71,4.49,1.6,
Tom Jonas,POR,DEF,373600,69.5,76,0,76,418073,44473,17,80.78,3.51,100,69.33,0.21,11.64,4.75,8,4.22,1.12,
Callan Ward,GWS,MID,409900,76.3,76,0,76,417932,8032,7,99.42,4.98,41.18,76.3,0.14,14.32,6.73,3.3,4.62,0.75,
James Rowbottom,SYD,MID,405600,75.5,76,0,76,416385,10785,16,74.5,5.06,94.12,63.25,0.12,10.73,6.84,7.53,3.86,0.65,
James Cousins,HAW,MID,412600,85.3,76,0,76,415682,3082,6,84.33,6.19,35.29,88,0.17,12.15,8.37,2.83,5.3,0.91,
Tim Membrey,STK,FWD,363700,67.7,76,0,76,415541,51841,16,79.67,3.5,94.12,80.83,0.17,11.48,4.74,7.53,4.89,0.91,
Sam Collins,GCS,DEF,422500,78.6,76,0,76,415260,-7240,17,77.65,3.61,100,74,0.18,11.19,4.88,8,4.49,0.97,
Ethan Hughes,FRE,DEF,381800,71.1,75,0,75,413854,32054,17,69.94,4.26,100,87.2,0.06,10.08,5.76,8,5.26,0.33,
Jamie Cripps,WCE,FWD,373600,69.5,75,0,75,412448,38848,13,75.53,4.17,76.47,99,0.14,10.88,5.64,6.12,5.94,0.75,
Luke Davies-Uniacke,NME,MID,432800,80.6,75,0,75,412026,-20774,9,79.56,5.78,52.94,86.25,0.11,11.46,7.81,4.24,5.2,0.59,
Michael Gibbons,CAR,FWD,401500,74.7,75,0,75,409776,8276,15,73.73,4.91,88.24,61.33,0.2,10.62,6.64,7.06,3.75,1.07,
Callum Wilkie,STK,DEF,409000,76.1,75,0,75,409354,354,17,72.47,4.32,100,65,0.16,10.44,5.84,8,3.97,0.86,
Shane Edwards,RIC,MID,416700,86.2,75,0,75,408932,-7768,6,86.04,5.93,35.29,69.5,0.3,12.4,8.02,2.83,4.23,1.6,
Gryan Miers,GEE,FWD,387100,72.1,74,0,74,408370,21270,17,70.57,4.39,100,68.67,0.14,10.17,5.94,8,4.18,0.75,
Will Snelling,ESS,FWD,368500,68.6,74,0,74,408229,39729,17,75.25,4.32,100,66,0.06,10.84,5.84,8,4.02,0.33,
Ivan Soldo,RIC,RUC,403000,75,74,-40,34,407245,4245,14,74,4.655,82.35,63.25,0.29,10.66,6.3,6.59,3.86,1.55,out for season
Jonathon Ceglar,HAW,RUC,388100,72.2,74,0,74,407104,19004,13,73.8,5.8625,76.47,56.33,0.15,10.63,7.93,6.12,3.46,0.81,
Luke Breust,HAW,FWD,428100,81.5,74,0,74,406963,-21137,13,83.62,3.44,76.47,88,0.15,12.05,4.66,6.12,5.3,0.81,
Toby McLean,WBD,FWD,366700,68.2,74,0,74,406541,39841,12,89.08,4.44,70.59,65.33,0.08,12.83,6.01,5.65,3.99,0.43,
Sam Naismith,SYD,RUC,376100,100,74,0,74,406260,30160,2,99,5.67,11.76,100,0,14.26,7.67,0.95,6,0.01,
Jack Scrimshaw,HAW,DEF,399600,74.4,74,0,74,406120,6520,13,73.31,4.93,76.47,84.4,0.08,10.56,6.67,6.12,5.1,0.43,
Luke Dunstan,STK,MID,395400,92,74,0,74,405698,10298,1,91,7.18,5.88,92,0,13.11,9.71,0.48,5.54,0.01,
Jackson Nelson,WCE,DEF,397600,74,74,0,74,404854,7254,14,71.33,4.75,82.35,66.6,0.27,10.28,6.42,6.59,4.06,1.44,
Dan Hannebery,STK,MID,338500,70,74,0,74,403729,65229,6,93,6.07,35.29,70,0,13.4,8.21,2.83,4.26,0.01,
John Noble,COL,DEF,393300,73.2,74,0,74,403588,10288,15,68,5.17,88.24,69,0.12,9.8,6.99,7.06,4.2,0.65,
Josh Jenkins,GEE,RUC,323400,86,73,0,73,402182,78782,1,85,7.8925,5.88,86,0,12.25,10.67,0.48,5.19,0.01,
Charlie Cameron,BRI,FWD,395400,73.6,73,0,73,401198,5798,17,73.81,3.33,100,70,0.21,10.64,4.51,8,4.26,1.12,
Bradley Hill,STK,MID,354000,65.9,73,0,73,400917,46917,17,61.74,5.27,100,69,0.05,8.9,7.13,8,4.2,0.28,
Brennan Cox,FRE,DEF,433500,80.7,73,0,73,399088,-34412,13,78.92,3.8,76.47,81.8,0.15,11.37,5.14,6.12,4.94,0.81,
Jack Higgins,STK,FWD,419600,78.1,73,0,73,399088,-20512,10,77.1,5,58.82,78.1,0.2,11.11,6.76,4.71,4.73,1.07,
Matthew Kennedy,CAR,MID,437500,81.4,73,0,73,398245,-39255,7,80.43,5.74,41.18,81.4,0.14,11.59,7.76,3.3,4.92,0.75,
Matthew Kennedy,CAR,FWD,437500,81.4,73,0,73,398245,-39255,7,80.43,5.74,41.18,81.4,0.14,11.59,7.76,3.3,4.92,0.75,
Blake Hardwick,HAW,DEF,373100,69.4,73,0,73,398104,25004,16,75.62,4.09,94.12,66,0.06,10.9,5.53,7.53,4.02,0.33,
Dougal Howard,STK,DEF,355200,66.1,73,0,73,397963,42763,17,68.16,3.55,100,79.71,0.16,9.82,4.8,8,4.82,0.86,
Aaron Hall,NME,FWD,392200,73,72,0,72,396838,4638,15,72,4.87,88.24,50.67,0.2,10.37,6.59,7.06,3.13,1.07,
Kamdyn McIntosh,RIC,MID,381500,71,72,0,72,396838,15338,14,69.72,4.67,82.35,71.56,0.17,10.05,6.32,6.59,4.35,0.91,
Connor Rozee,POR,FWD,377200,70.2,72,0,72,396557,19357,14,75.71,4.17,82.35,66.33,0.19,10.91,5.64,6.59,4.04,1.02,
David Zaharakis,ESS,FWD,351400,65.4,72,0,72,396417,45017,10,87.37,4.7,58.82,65.4,0.1,12.59,6.36,4.71,3.99,0.54,
Mitch Wallis,WBD,FWD,379900,70.7,72,0,72,395713,15813,17,85.89,2.98,100,55.4,0.06,12.37,4.03,8,3.41,0.33,
Nathan Wilson,FRE,DEF,395100,73.5,72,0,72,394729,-371,15,73.3,4.56,88.24,70.2,0,10.56,6.17,7.06,4.27,0.01,
Jack Riewoldt,RIC,FWD,344500,64.1,72,0,72,394448,49948,17,82.54,2.84,100,66.22,0.05,11.89,3.84,8,4.04,0.28,
Shaun Burgoyne,HAW,FWD,378600,70.5,72,0,72,393885,15285,13,83.81,3.4,76.47,79,0.08,12.08,4.6,6.12,4.78,0.43,
Bayley Fritsch,MEL,FWD,359300,66.9,72,0,72,393885,34585,16,73.79,3.71,94.12,79.6,0,10.63,5.02,7.53,4.82,0.01,
Ryan Clarke,SYD,MID,407800,75.9,72,0,72,393604,-14196,10,74.9,5.64,58.82,71,0.1,10.79,7.63,4.71,4.32,0.54,
Xavier Duursma,POR,MID,398400,74.2,72,0,72,392620,-5780,13,73.86,4.25,76.47,77.8,0.13,10.64,5.75,6.12,4.71,0.7,
Oscar Allen,WCE,FWD,422100,78.6,71,0,71,390932,-31168,14,76.67,3.07,82.35,75.2,0.27,11.05,4.16,6.59,4.56,1.44,
Patrick Lipinski,WBD,MID,429800,80,71,0,71,389667,-40133,12,76.5,5.24,70.59,64.5,0,11.02,7.09,5.65,3.94,0.01,
Wil Powell,GCS,DEF,358900,66.8,71,0,71,388823,29923,15,65.8,4.6,88.24,74.4,0.07,9.48,6.22,7.06,4.51,0.38,
Luke Brown,ADE,DEF,363400,67.6,71,0,71,387979,24579,17,66.65,4.1,100,67.4,0.06,9.6,5.55,8,4.11,0.33,
David Mackay,ADE,DEF,393300,73.2,71,0,71,386714,-6586,10,72.2,5.49,58.82,82,0,10.4,7.42,4.71,4.96,0.01,
Luke Dahlhaus,GEE,FWD,375200,69.8,70,0,70,386292,11092,12,78.75,4.37,70.59,64,0.12,11.35,5.91,5.65,3.91,0.65,
Levi Casboult,CAR,FWD,349900,65.1,70,0,70,386292,36392,17,71.59,3.16,100,58.6,0.24,10.32,4.28,8,3.59,1.28,
Jack Sinclair,STK,MID,426600,79.4,70,0,70,385870,-40730,10,76.42,4.84,58.82,78.29,0.08,11.01,6.55,4.71,4.74,0.43,
Cameron Rayner,BRI,FWD,392900,73.1,70,0,70,385729,-7171,15,70.65,3.51,88.24,79.2,0.12,10.18,4.75,7.06,4.79,0.65,
Darcy Gardiner,BRI,DEF,362800,67.5,70,0,70,385448,22648,17,66.33,3.96,100,73.83,0,9.56,5.36,8,4.48,0.01,
Eric Hipwood,BRI,FWD,391300,72.8,70,0,70,385307,-5993,17,68.47,3.52,100,68.71,0.11,9.87,4.76,8,4.18,0.59,
Jamie Elliott,COL,MID,362700,67.5,70,0,70,384464,21764,16,69.94,4,94.12,70.83,0,10.08,5.41,7.53,4.31,0.01,
Jamie Elliott,COL,FWD,362700,67.5,70,0,70,384464,21764,16,69.94,4,94.12,70.83,0,10.08,5.41,7.53,4.31,0.01,
Aidan Corr,NME,DEF,381100,70.9,70,0,70,383479,2379,15,69.93,4.02,88.24,59,0.2,10.08,5.44,7.06,3.62,1.07,
Damon Greaves,HAW,DEF,389700,90.7,70,0,70,383198,-6502,3,89.67,5.5,17.65,90.7,0,12.92,7.44,1.42,5.46,0.01,
Mark O'Connor,GEE,DEF,380800,70.9,70,0,70,382776,1976,17,67.9,3.65,100,61.33,0.14,9.78,4.94,8,3.75,0.75,
Stephen Hill,FRE,DEF,338000,62.9,70,0,70,382776,44776,12,81,4.36,70.59,65.4,0,11.67,5.9,5.65,3.99,0.01,
Jarryn Geary,STK,DEF,320400,59.6,70,0,70,382495,62095,14,75.59,3.55,82.35,75.67,0.06,10.89,4.8,6.59,4.59,0.33,
Ben Long,STK,DEF,384100,71.5,70,0,70,382214,-1886,14,68.53,4.2,82.35,71.33,0.13,9.88,5.68,6.59,4.33,0.7,
Liam Jones,CAR,DEF,387500,72.1,70,0,70,381932,-5568,17,71.12,2.82,100,84.2,0,10.25,3.82,8,5.08,0.01,
Ryan Lester,BRI,DEF,380200,70.8,70,0,70,381792,1592,13,71.07,4.22,76.47,77.6,0.07,10.24,5.71,6.12,4.7,0.38,
Rhys Mathieson,BRI,MID,365800,97,69,0,69,378698,12898,1,96,5.01,5.88,97,0,13.83,6.78,0.48,5.83,0.01,
Rhys Mathieson,BRI,FWD,364800,97,69,0,69,378698,13898,1,96,5.01,5.88,97,0,13.83,6.78,0.48,5.83,0.01,
Ben Paton,STK,DEF,344200,64.1,69,0,69,378276,34076,17,60.58,4.27,100,57.57,0.16,8.73,5.78,8,3.53,0.86,
Dylan Grimes,RIC,DEF,382800,71.2,69,0,69,377151,-5649,16,70.5,3.39,94.12,60.88,0.15,10.16,4.59,7.53,3.73,0.81,
Brett Bewley,FRE,MID,388200,72.2,69,0,69,377011,-11189,12,71,4.83,70.59,72.2,0,10.23,6.53,5.65,4.39,0.01,
Brett Bewley,FRE,FWD,388200,72.2,69,0,69,377011,-11189,12,71,4.83,70.59,72.2,0,10.23,6.53,5.65,4.39,0.01,
Lincoln McCarthy,BRI,FWD,354600,66,69,0,69,376448,21848,15,67.71,3.47,88.24,70.4,0.18,9.76,4.7,7.06,4.28,0.97,
Darcy Fort,GEE,RUC,390700,80.8,69,0,69,375886,-14814,5,79.2,5.18,29.41,80.8,0.2,11.41,7,2.36,4.89,1.07,
Esava Ratugolea,GEE,RUC,369400,68.8,69,0,69,375745,6345,12,68.33,4.8825,70.59,68.8,0.08,9.85,6.6,5.65,4.19,0.43,
Brent Daniels,GWS,FWD,356600,66.4,68,0,68,375323,18723,16,65.38,4.06,94.12,69.75,0,9.42,5.49,7.53,4.24,0.01,
Lachie Henderson,GEE,DEF,377700,70.3,68,0,68,375182,-2518,10,74.36,4.21,58.82,79.67,0.14,10.71,5.69,4.71,4.82,0.75,
Callum Ah Chee,BRI,DEF,353300,65.8,68,0,68,374901,21601,16,64.33,4.11,94.12,65.14,0.06,9.27,5.56,7.53,3.97,0.33,
Jason Castagna,RIC,FWD,341000,63.5,68,0,68,374620,33620,17,63.27,3.91,100,64.78,0.05,9.12,5.29,8,3.95,0.28,
Reece Conca,FRE,DEF,370300,68.9,68,0,68,373917,3617,14,67.5,4.74,82.35,63,0,9.73,6.41,6.59,3.85,0.01,
Brody Mihocek,COL,FWD,366000,68.1,68,0,68,373214,7214,16,69.17,2.79,94.12,71.67,0.17,9.97,3.78,7.53,4.35,0.91,
Will Day,HAW,DEF,384400,71.5,68,0,68,373073,-11327,11,70.09,4.97,64.71,74.5,0,10.1,6.72,5.18,4.52,0.01,
Will Hoskin-Elliott,COL,FWD,337500,62.8,68,0,68,372933,35433,16,71.29,3.44,94.12,66.5,0,10.27,4.66,7.53,4.05,0.01,
Lachie Plowman,CAR,DEF,354900,66.1,68,0,68,372511,17611,16,69.74,3.62,94.12,60,0.06,10.05,4.9,7.53,3.68,0.33,
Sam Reid,SYD,FWD,328300,61.1,68,0,68,372370,44070,10,98,2.87,58.82,61.2,0,14.12,3.89,4.71,3.75,0.01,
Jake Kelly,ADE,DEF,309800,57.7,68,0,68,371808,62008,15,73.71,2.95,88.24,72.25,0.07,10.62,3.99,7.06,4.39,0.38,
Stefan Martin,WBD,RUC,272200,50.7,68,8,76,371667,99467,6,99.46,4.5325,35.29,50.7,0,14.33,6.13,2.83,3.13,0.01,
Darcy MacPherson,GCS,FWD,306700,57.1,68,0,68,370823,64123,12,78.92,4,70.59,57.1,0.08,11.37,5.41,5.65,3.51,0.43,
Anthony McDonald-Tipungwuti,ESS,FWD,370400,68.9,68,0,68,370542,142,17,68.68,2.86,100,69.83,0.06,9.9,3.87,8,4.25,0.33,
Chris Mayne,COL,MID,373400,69.5,68,0,68,370542,-2858,12,73.13,4.6,70.59,58,0.07,10.54,6.22,5.65,3.56,0.38,
Justin McInerney,SYD,MID,384400,71.6,67,0,67,369558,-14842,9,70.56,4.74,52.94,80.5,0.11,10.17,6.41,4.24,4.87,0.59,
Jeremy Finlayson,GWS,FWD,346700,64.5,67,0,67,369136,22436,15,76.4,2.75,88.24,67,0.07,11.01,3.72,7.06,4.08,0.38,
Robbie Fox,SYD,DEF,385700,71.8,67,0,67,368292,-17408,14,70.79,3.51,82.35,63.8,0.14,10.2,4.75,6.59,3.9,0.75,
Harry Morrison,HAW,DEF,358500,66.7,67,0,67,368011,9511,11,70,4.5,64.71,71,0.09,10.09,6.09,5.18,4.32,0.49,
Harry Morrison,HAW,MID,358500,66.7,67,0,67,368011,9511,11,70,4.5,64.71,71,0.09,10.09,6.09,5.18,4.32,0.49,
Aliir Aliir,POR,DEF,321200,59.8,67,0,67,367589,46389,14,75.17,3.29,82.35,70,0,10.83,4.45,6.59,4.26,0.01,
Grant Birchall,BRI,DEF,375300,69.9,67,0,67,367308,-7992,14,66.5,4.54,82.35,62.2,0,9.58,6.14,6.59,3.8,0.01,
Gary Rohan,GEE,FWD,392200,73,67,0,67,367308,-24892,15,69.26,2.8,88.24,68.43,0.21,9.98,3.79,7.06,4.17,1.12,
Peter Ladhams,POR,FWD,460000,85.6,67,0,67,367167,-92833,8,80.9,4.28,47.06,53.33,0.3,11.66,5.79,3.77,3.29,1.6,
Taylin Duman,FRE,DEF,354600,66,67,0,67,366745,12145,15,64.6,3.8,88.24,68.8,0.07,9.31,5.14,7.06,4.19,0.38,
Tom Scully,HAW,MID,290500,54.1,67,0,67,366183,75683,14,63.26,4.31,82.35,74,0,9.12,5.83,6.59,4.49,0.01,
Tom Scully,HAW,FWD,290500,54.1,67,0,67,366183,75683,14,63.26,4.31,82.35,74,0,9.12,5.83,6.59,4.49,0.01,
Izak Rankine,GCS,FWD,371600,69.2,67,0,67,365901,-5699,12,68.17,4.03,70.59,61.4,0.25,9.82,5.45,5.65,3.76,1.34,
George Hewett,SYD,MID,374700,77.5,66,0,66,360839,-13861,6,81.54,4.72,35.29,77.5,0,11.75,6.38,2.83,4.69,0.01,
Mason Redman,ESS,DEF,330200,61.5,66,0,66,360698,30498,13,75.5,4.04,76.47,51.33,0,10.88,5.47,6.12,3.17,0.01,
Jarrod Harbrow,GCS,DEF,309100,57.5,66,0,66,360698,51598,13,75.86,4.34,76.47,43.5,0,10.93,5.87,6.12,2.72,0.01,
Jack Henry,GEE,DEF,325500,60.6,66,0,66,359573,34073,17,63.19,3.14,100,64.44,0.05,9.11,4.25,8,3.93,0.28,
Jake Carlisle,STK,DEF,372500,69.3,66,0,66,359292,-13208,12,74.11,3.84,70.59,58.5,0.08,10.68,5.2,5.65,3.59,0.43,
Bryce Gibbs,ADE,DEF,290100,60,66,0,66,359292,69192,3,90.96,5.43,17.65,60,0,13.1,7.34,1.42,3.68,0.01,
Shane McAdam,ADE,FWD,354600,66,66,0,66,359151,4551,13,65,3.32,76.47,85,0.08,9.37,4.49,6.12,5.13,0.43,
Isaac Quaynor,COL,DEF,405300,75.4,65,0,65,358870,-46430,9,71.18,4.27,52.94,78.5,0.09,10.26,5.78,4.24,4.75,0.49,
Daniel Rioli,RIC,FWD,341500,63.6,65,0,65,358870,17370,14,64.83,3.75,82.35,74.38,0,9.34,5.07,6.59,4.51,0.01,
Trent Rivers,MEL,DEF,350400,65.2,65,0,65,358589,8189,9,64.22,4.61,52.94,86,0.11,9.25,6.23,4.24,5.19,0.59,
Noah Balta,RIC,DEF,373600,69.5,65,0,65,357745,-15855,13,66.12,3.73,76.47,67.11,0.12,9.53,5.05,6.12,4.09,0.65,
Taylor Duryea,WBD,FWD,342200,91,65,0,65,357605,15405,2,84.33,5.06,11.76,91,0,12.15,6.84,0.95,5.48,0.01,
Taylor Duryea,WBD,DEF,342200,91,65,0,65,357605,15405,2,84.33,5.06,11.76,91,0,12.15,6.84,0.95,5.48,0.01,
Tom Clurey,POR,DEF,335500,62.4,65,0,65,357464,21964,16,70.48,3.17,94.12,50.2,0.06,10.16,4.29,7.53,3.11,0.33,
Tom McDonald,MEL,FWD,323000,60.1,65,0,65,356480,33480,9,89.73,2.89,52.94,60.1,0.11,12.93,3.91,4.24,3.68,0.59,
Tom Green,GWS,MID,351400,72.7,65,30,95,356480,5080,6,71.67,5.08,35.29,72.7,0.17,10.33,6.87,2.83,4.41,0.91,
Nathan Jones,MEL,MID,292100,54.4,65,0,65,354792,62692,8,91.11,4.38,47.06,38,0,13.13,5.92,3.77,2.4,0.01,
Nathan Jones,MEL,FWD,292100,54.4,65,0,65,354792,62692,8,91.11,4.38,47.06,38,0,13.13,5.92,3.77,2.4,0.01,
Lachlan Keeffe,GWS,DEF,372800,69.4,65,0,65,354089,-18711,13,68.38,2.99,76.47,78.2,0.08,9.85,4.05,6.12,4.73,0.43,
Josh Battle,STK,MID,362900,67.5,65,0,65,354089,-8811,13,69.29,3.47,76.47,59.17,0.14,9.98,4.7,6.12,3.63,0.75,
Josh Battle,STK,FWD,362900,67.5,65,0,65,354089,-8811,13,69.29,3.47,76.47,59.17,0.14,9.98,4.7,6.12,3.63,0.75,
David Cuningham,CAR,FWD,340700,63.4,64,0,64,352964,12264,12,63.44,4.09,70.59,63.4,0.17,9.14,5.53,5.65,3.87,0.91,
Andrew McPherson,ADE,DEF,368300,68.6,64,0,64,352823,-15477,9,67.56,4.48,52.94,83.5,0,9.74,6.06,4.24,5.04,0.01,
Dyson Heppell,ESS,MID,319100,66,64,21,85,352823,33723,3,94.96,4.41,17.65,66,0,13.68,5.96,1.42,4.02,0.01,return from injury
Steven Motlop,POR,FWD,308500,57.4,64,0,64,352683,44183,12,64.71,3.42,70.59,78,0.14,9.33,4.63,5.65,4.72,0.75,
Will Hayward,SYD,FWD,327100,60.9,64,0,64,351698,24598,16,59.88,3.44,94.12,63.2,0.06,8.63,4.66,7.53,3.86,0.33,
Jack Madgen,COL,DEF,380500,70.8,64,0,64,351277,-29223,11,67.15,3.79,64.71,68.71,0.15,9.68,5.13,5.18,4.18,0.81,
Jed Bews,GEE,DEF,341800,63.6,64,0,64,351277,9477,16,59.9,3.51,94.12,62,0.05,8.63,4.75,7.53,3.79,0.28,
Wayne Milera,ADE,DEF,312200,83,64,-40,24,350995,38795,2,82,5.31,11.76,83,0,11.81,7.18,0.95,5.01,0.01,patella injury
Sam Mayes,POR,DEF,342500,70.8,64,0,64,350714,8214,6,69.83,4.43,35.29,70.8,0.33,10.06,5.99,2.83,4.3,1.76,
Zac Fisher,CAR,FWD,394200,73.4,64,0,64,350714,-43486,8,72.38,4.76,47.06,59.5,0.12,10.43,6.44,3.77,3.65,0.65,
Nick Blakey,SYD,MID,318700,59.3,64,0,64,350292,31592,16,58.31,3.46,94.12,65,0.06,8.4,4.68,7.53,3.97,0.33,
Nick Blakey,SYD,FWD,318700,59.3,64,0,64,350292,31592,16,58.31,3.46,94.12,65,0.06,8.4,4.68,7.53,3.97,0.33,
Sam Day,GCS,FWD,298300,55.5,64,0,64,350011,51711,17,65.1,3.03,100,49.8,0.06,9.38,4.1,8,3.08,0.33,
Josh Caddy,RIC,MID,335100,62.4,64,0,64,349308,14208,8,79.17,4.31,47.06,62.4,0,11.41,5.83,3.77,3.82,0.01,
Tom Cole,WCE,DEF,364600,67.9,64,0,64,349027,-15573,14,65.27,3.66,82.35,63.17,0,9.41,4.95,6.59,3.86,0.01,
Elliott Himmelberg,ADE,FWD,358000,66.6,64,0,64,348745,-9255,11,65.64,3.41,64.71,83.8,0.09,9.46,4.61,5.18,5.06,0.49,
Josh Walker,NME,DEF,329600,61.4,64,0,64,348183,18583,17,60.35,3.57,100,46.6,0.06,8.7,4.83,8,2.9,0.33,
Jordan De Goey,COL,FWD,435200,81,64,0,64,348183,-87017,8,79.67,4.26,47.06,52,0.1,11.48,5.76,3.77,3.21,0.54,
Andrew Phillips,ESS,RUC,353000,73,64,0,64,348183,-4817,5,72,4.0425,29.41,73,0.4,10.37,5.47,2.36,4.43,2.13,
Jake Melksham,MEL,FWD,296800,55.2,63,0,63,348042,51242,17,65.13,3.17,100,49.5,0,9.39,4.29,8,3.06,0.01,
Taylor Walker,ADE,FWD,298200,55.5,63,0,63,347198,48998,14,76,2.65,82.35,51.5,0.07,10.95,3.59,6.59,3.18,0.38,
Tim O'Brien,HAW,FWD,297500,55.4,63,0,63,346777,49277,16,69.33,2.3,94.12,65.8,0,9.99,3.12,7.53,4.01,0.01,
Brendon Ah Chee,WCE,FWD,310200,57.7,63,0,63,346355,36155,15,67,3.38,88.24,54,0,9.66,4.57,7.06,3.33,0.01,
Cameron Zurhaar,NME,FWD,337800,62.9,63,0,63,345652,7852,16,62.81,3.25,94.12,53,0.06,9.05,4.4,7.53,3.27,0.33,
Alex Keath,WBD,DEF,323900,60.3,63,0,63,345230,21330,17,58.83,3.21,100,55.2,0.06,8.48,4.34,8,3.4,0.33,
Lachie Ash,GWS,DEF,320600,59.7,63,0,63,345089,24489,12,58.67,3.8,70.59,87.5,0,8.46,5.14,5.65,5.28,0.01,
Brayden Fiorini,GCS,MID,301700,62.4,63,0,63,344245,42545,5,84.13,4.56,29.41,62.4,0,12.12,6.17,2.36,3.82,0.01,
Alex Sexton,GCS,FWD,330000,61.4,63,0,63,344105,14105,14,60.43,3.28,82.35,71.67,0.07,8.71,4.44,6.59,4.35,0.38,
Adam Tomlinson,MEL,DEF,324000,60.3,63,0,63,343824,19824,13,59.31,4.2,76.47,67.17,0,8.55,5.68,6.12,4.09,0.01,
Adam Tomlinson,MEL,MID,324000,60.3,63,0,63,343824,19824,13,59.31,4.2,76.47,67.17,0,8.55,5.68,6.12,4.09,0.01,
Sam Draper,ESS,RUC,378100,70.4,63,0,63,343402,-34698,8,69.38,4.7775,47.06,57.75,0.12,10,6.46,3.77,3.54,0.65,
Sam Simpson,GEE,FWD,350600,72.5,62,0,62,342558,-8042,6,72.78,4.47,35.29,72.5,0.11,10.49,6.05,2.83,4.4,0.59,
Nathan Broad,RIC,DEF,349200,65,62,0,62,341292,-7908,13,63.25,3.77,76.47,58.75,0.06,9.12,5.1,6.12,3.6,0.33,
Jye Caldwell,ESS,MID,348600,64.9,62,5,67,341292,-7308,9,63.89,4.24,52.94,84,0,9.21,5.74,4.24,5.07,0.01,Club change
Jye Caldwell,ESS,FWD,348600,64.9,62,5,67,341292,-7308,9,63.89,4.24,52.94,84,0,9.21,5.74,4.24,5.07,0.01,Club change
Darcy Tucker,FRE,MID,347900,64.8,62,0,62,339464,-8436,8,70.04,4.67,47.06,64.8,0,10.09,6.32,3.77,3.95,0.01,
Daniel Talia,ADE,DEF,354600,66,62,0,62,339324,-15276,14,67.77,3.14,82.35,44.5,0.14,9.77,4.25,6.59,2.77,0.75,
Michael Hartley,HAW,DEF,317800,84.5,62,0,62,339042,21242,2,83.5,4.45,11.76,84.5,0,12.03,6.02,0.95,5.1,0.01,
Brandon Starcevich,BRI,DEF,307300,57.2,62,0,62,339042,31742,16,55.67,3.34,94.12,60.67,0.06,8.02,4.52,7.53,3.71,0.33,
Lachlan Sholl,ADE,DEF,343200,63.9,62,0,62,338902,-4298,8,62.88,4.65,47.06,71.2,0.12,9.06,6.29,3.77,4.33,0.65,
Lachlan Sholl,ADE,MID,343200,63.9,62,0,62,338902,-4298,8,62.88,4.65,47.06,71.2,0.12,9.06,6.29,3.77,4.33,0.65,
Tom Williamson,CAR,DEF,313400,58.3,62,0,62,338339,24939,15,57.33,3.75,88.24,59.8,0,8.26,5.07,7.06,3.66,0.01,
Daniel Lloyd,GWS,FWD,330900,61.6,62,0,62,338058,7158,12,60.58,3.43,70.59,75.67,0.08,8.73,4.64,5.65,4.59,0.43,
Josh Jenkins,GEE,FWD,323400,86,62,0,62,337917,14517,1,85,4.51,5.88,86,0,12.25,6.1,0.48,5.19,0.01,
Charlie Ballard,GCS,DEF,307600,57.2,62,0,62,337495,29895,16,58.91,3.46,94.12,53.4,0,8.49,4.68,7.53,3.29,0.01,
Josh Thomas,COL,FWD,305800,56.9,61,0,61,336371,30571,12,70.21,3.36,70.59,58.57,0,10.12,4.55,5.65,3.59,0.01,
Ed Richards,WBD,MID,309300,57.6,61,0,61,336089,26789,16,56.71,3.47,94.12,56.8,0,8.17,4.7,7.53,3.49,0.01,
Ed Richards,WBD,FWD,309300,57.6,61,0,61,336089,26789,16,56.71,3.47,94.12,56.8,0,8.17,4.7,7.53,3.49,0.01,
Esava Ratugolea,GEE,FWD,369400,68.8,61,0,61,336089,-33311,12,68.33,2.79,70.59,68.8,0.08,9.85,3.78,5.65,4.19,0.43,
Cale Hooker,ESS,DEF,372700,69.4,61,0,61,335949,-36751,8,75.71,3.68,47.06,69.4,0,10.91,4.98,3.77,4.22,0.01,
Nick Holman,GCS,FWD,328600,61.2,61,0,61,335667,7067,12,64.25,3.53,70.59,61.2,0.08,9.26,4.78,5.65,3.75,0.43,
Bailey Scott,NME,MID,332300,61.8,61,0,61,335105,2805,13,60.85,3.54,76.47,60.8,0.08,8.77,4.79,6.12,3.72,0.43,
Bailey Scott,NME,FWD,332300,61.8,61,0,61,335105,2805,13,60.85,3.54,76.47,60.8,0.08,8.77,4.79,6.12,3.72,0.43,
Tom Cutler,ESS,MID,364700,67.9,61,0,61,332996,-31704,8,66.88,4.55,47.06,67.5,0,9.64,6.15,3.77,4.11,0.01,
Brayden Sier,COL,MID,313800,73,61,0,61,332855,19055,3,72,5.5,17.65,73,0,10.37,7.44,1.42,4.43,0.01,
Martin Gleeson,ESS,DEF,293400,54.6,61,0,61,332574,39174,13,68.33,3.56,76.47,45.8,0,9.85,4.82,6.12,2.85,0.01,
Sydney Stack,RIC,MID,277600,51.7,61,0,61,332152,54552,9,77.12,3.52,52.94,57,0,11.11,4.76,4.24,3.5,0.01,
Sydney Stack,RIC,FWD,277600,51.7,61,0,61,332152,54552,9,77.12,3.52,52.94,57,0,11.11,4.76,4.24,3.5,0.01,
Charlie Constable,GEE,MID,266500,62,60,0,60,330042,63542,2,77,5.64,11.76,62,0,11.09,7.63,0.95,3.79,0.01,
Jaidyn Stephenson,NME,FWD,354100,65.9,60,0,60,329480,-24620,12,77.29,2.99,70.59,41.25,0,11.14,4.05,5.65,2.58,0.01,
Matt Guelfi,ESS,DEF,324300,60.4,60,0,60,329199,4899,11,59.36,4.18,64.71,65.67,0,8.56,5.65,5.18,4.01,0.01,
Quinton Narkle,GEE,MID,310400,64.2,60,0,60,329199,18799,5,77,3.67,29.41,64.2,0.2,11.09,4.97,2.36,3.92,1.07,
Tyson Stengle,ADE,FWD,305300,56.8,60,0,60,328355,23055,12,59,3.45,70.59,67.25,0.08,8.5,4.67,5.65,4.1,0.43,
Jordan Roughead,COL,DEF,311300,57.9,60,0,60,326949,15649,15,59.73,2.95,88.24,58.33,0,8.61,3.99,7.06,3.58,0.01,
Harry McKay,CAR,FWD,319900,59.5,60,0,60,326949,7049,13,61.53,2.65,76.47,77,0,8.87,3.59,6.12,4.66,0.01,
Griffin Logue,FRE,DEF,339400,70.2,59,0,59,325683,-13717,5,69.2,3.27,29.41,70.2,0.4,9.97,4.43,2.36,4.27,2.13,
Max King,STK,FWD,327400,60.9,59,0,59,325683,-1717,16,60.11,2.6,94.12,56,0,8.66,3.52,7.53,3.44,0.01,
Riley Bonner,POR,DEF,318200,59.2,59,0,59,324699,6499,9,67.67,4.39,52.94,51,0,9.75,5.94,4.24,3.15,0.01,
James Frawley,STK,DEF,295900,55.1,59,0,59,324418,28518,14,62.36,2.77,82.35,61,0,8.99,3.75,6.59,3.73,0.01,
Jake Aarts,RIC,FWD,329400,61.3,59,0,59,323714,-5686,13,59.64,3.32,76.47,62.17,0,8.6,4.49,6.12,3.8,0.01,
Jake Kolodjashnij,GEE,DEF,330200,61.5,59,0,59,323152,-7048,13,58.65,3.35,76.47,57.88,0.06,8.45,4.53,6.12,3.55,0.33,
Jarrod Lienert,POR,DEF,289200,59.8,59,0,59,322730,33530,5,79.14,4.08,29.41,59.8,0,11.4,5.52,2.36,3.66,0.01,
Jackson Hately,ADE,MID,310300,64.2,59,13,72,322730,12430,6,63.17,4.58,35.29,64.2,0.17,9.1,6.19,2.83,3.92,0.91,Club change
Dylan Stephens,SYD,MID,337800,62.9,59,0,59,321746,-16054,8,61.88,4.27,47.06,72.5,0,8.92,5.78,3.77,4.4,0.01,
Easton Wood,WBD,DEF,297700,55.4,59,0,59,321605,23905,12,71.04,3.08,70.59,37.67,0.08,10.24,4.17,5.65,2.38,0.43,
Sam Frost,HAW,DEF,304900,56.8,59,0,59,321043,16143,16,55.5,3.26,94.12,46.25,0,8,4.41,7.53,2.88,0.01,
Phil Davis,GWS,DEF,290700,54.1,58,0,58,320339,29639,10,72.14,2.81,58.82,54.1,0.1,10.4,3.8,4.71,3.33,0.54,
Connor Blakely,FRE,MID,295000,61,58,0,58,320339,25339,5,80.18,5,29.41,33,0,11.55,6.76,2.36,2.1,0.01,
Tom Atkins,GEE,FWD,293500,54.6,58,0,58,319355,25855,11,61.12,3.14,64.71,73.4,0,8.81,4.25,5.18,4.46,0.01,
Jack Ziebell,NME,FWD,257900,48,58,23,81,319355,61455,8,86.04,2.62,47.06,48,0,12.4,3.55,3.77,2.98,0.01,Role change
Eddie Betts,CAR,FWD,308800,57.5,58,0,58,319214,10414,15,56.47,3.15,88.24,46,0.07,8.14,4.26,7.06,2.86,0.38,
Aaron Francis,ESS,DEF,320300,59.6,58,0,58,318371,-1929,8,74.8,3.27,47.06,59.6,0,10.78,4.43,3.77,3.65,0.01,
Ben King,GCS,FWD,298700,55.6,58,0,58,318371,19671,17,54.59,2.49,100,49.6,0.06,7.87,3.37,8,3.07,0.33,
Lachlan Murphy,ADE,FWD,328600,61.2,58,0,58,317949,-10651,12,60.17,3.27,70.59,63,0,8.67,4.43,5.65,3.85,0.01,
Tom McCartin,SYD,FWD,312800,58.2,58,0,58,317808,5008,14,57.21,2.9,82.35,62.4,0,8.25,3.93,6.59,3.82,0.01,
Dean Kent,STK,FWD,335200,62.4,58,0,58,317105,-18095,13,60.69,3.24,76.47,41.33,0.13,8.75,4.39,6.12,2.59,0.7,
Daniel McStay,BRI,FWD,333800,62.1,57,0,57,315136,-18664,15,57.41,2.65,88.24,51.17,0.06,8.27,3.59,7.06,3.16,0.33,
Lin Jong,WBD,MID,318100,74,57,0,57,314996,-3104,3,73,4.41,17.65,74,0,10.52,5.96,1.42,4.49,0.01,
Lin Jong,WBD,FWD,318100,74,57,0,57,314996,-3104,3,73,4.41,17.65,74,0,10.52,5.96,1.42,4.49,0.01,
Tom De Koning,CAR,RUC,305500,56.9,57,0,57,314996,9496,7,55.86,4.795,41.18,62.5,0.14,8.05,6.48,3.3,3.82,0.75,
Jack Lonie,STK,FWD,351200,65.4,57,0,57,313449,-37751,11,62.38,3.45,64.71,56,0,8.99,4.67,5.18,3.44,0.01,
Josh Bruce,WBD,FWD,275000,51.2,57,0,57,312746,37746,16,50.18,2.58,94.12,59.75,0.06,7.23,3.49,7.53,3.66,0.33,
Lachie Fogarty,CAR,FWD,319100,66,57,0,57,311340,-7760,6,65,4.35,35.29,51,0.17,9.37,5.88,2.83,3.15,0.91,
Aaron Naughton,WBD,FWD,329700,61.4,57,0,57,310496,-19204,11,63.64,2.26,64.71,61.4,0.17,9.17,3.06,5.18,3.76,0.91,
Jack Ross,RIC,MID,333100,62,56,0,56,308949,-24151,7,61,4.58,41.18,60,0,8.79,6.19,3.3,3.68,0.01,
Josh Rotham,WCE,DEF,331500,61.7,56,0,56,306980,-24520,10,60.7,3.74,58.82,53.6,0,8.75,5.06,4.71,3.3,0.01,
Tyler Brown,COL,MID,311000,57.9,56,0,56,306277,-4723,9,56.89,3.7,52.94,71,0,8.2,5.01,4.24,4.32,0.01,
Ben McKay,NME,DEF,333600,62.1,56,0,56,305433,-28167,11,61.09,3.09,64.71,57.8,0,8.8,4.18,5.18,3.55,0.01,
Harry Schoenberg,ADE,FWD,315600,58.8,56,0,56,304590,-11010,8,57.75,4.16,47.06,64.4,0,8.32,5.63,3.77,3.93,0.01,
Lewis Melican,SYD,DEF,324700,60.4,55,0,55,303887,-20813,9,59.44,3.38,52.94,59.4,0.11,8.57,4.57,4.24,3.64,0.59,
Oleg Markov,GCS,DEF,314300,65,55,0,55,303887,-10413,6,64,3.91,35.29,70,0,9.22,5.29,2.83,4.26,0.01,
Dylan Clarke,ESS,MID,348600,64.9,55,0,55,303746,-44854,8,63.88,3.35,47.06,67,0,9.21,4.53,3.77,4.08,0.01,
Dylan Clarke,ESS,FWD,348600,64.9,55,0,55,303746,-44854,8,63.88,3.35,47.06,67,0,9.21,4.53,3.77,4.08,0.01,
Alex Neal-Bullen,MEL,FWD,310100,57.7,55,0,55,302480,-7620,7,71.67,3.04,41.18,61.5,0,10.33,4.11,3.3,3.76,0.01,
Ben Brown,MEL,FWD,260300,48.4,55,0,55,301215,40915,9,76.67,2.3,52.94,48.4,0,11.05,3.12,4.24,3,0.01,
Dylan Moore,HAW,FWD,302300,70.3,55,0,55,301074,-1226,3,69.33,4.23,17.65,70.3,0,9.99,5.72,1.42,4.27,0.01,
Curtis Taylor,NME,FWD,315800,58.8,55,0,55,300652,-15148,9,57.78,3.41,52.94,58.8,0.11,8.33,4.61,4.24,3.61,0.59,
Adam Kennedy,GWS,MID,300900,56,54,0,54,298402,-2498,6,75.11,3.8,35.29,38.5,0,10.82,5.14,2.83,2.42,0.01,
Orazio Fantasia,POR,FWD,271800,56.2,54,0,54,296855,25055,5,75.67,3.24,29.41,56.2,0,10.9,4.39,2.36,3.45,0.01,
Orazio Fantasia,POR,DEF,271800,56.2,54,0,54,296855,25055,5,75.67,3.24,29.41,56.2,0,10.9,4.39,2.36,3.45,0.01,
Mabior Chol,RIC,RUC,327200,60.9,54,0,54,296715,-30485,10,59.09,3.6225,58.82,47.67,0,8.52,4.9,4.71,2.96,0.01,
Todd Marshall,POR,FWD,377400,70.2,54,0,54,296293,-81107,12,63.14,2.57,70.59,32.67,0.14,9.1,3.48,5.65,2.09,0.75,
Noah Answerth,BRI,DEF,304500,56.7,54,0,54,295449,-9051,9,57.9,3.78,52.94,53.5,0,8.35,5.11,4.24,3.3,0.01,
Connor Budarick,GCS,DEF,256500,47.7,54,0,54,295168,38668,15,46.73,3.22,88.24,45.33,0,6.74,4.36,7.06,2.82,0.01,
Matt Rowell,GCS,MID,495100,102.4,54,41,95,294465,-200635,5,102.4,0,0.294117647,102.4,0,14.75,0.01,0.03,6.14,0.01,return from injury
Mitchell Hinge,ADE,MID,328800,102,53,0,53,293059,-35741,1,102,0,0.058823529,102,0,14.69,0.01,0.01,6.12,0.01,
Shaun McKernan,STK,FWD,245900,45.8,53,0,53,292777,46877,9,70.33,2.65,52.94,45.8,0,10.13,3.59,4.24,2.85,0.01,
Brayden Ham,ESS,MID,277800,51.7,53,0,53,292215,14415,10,50.7,3.27,58.82,71,0,7.31,4.43,4.71,4.32,0.01,
Braydon Preuss,GWS,RUC,303000,62.7,53,0,53,290809,-12191,3,64.43,4.5325,17.65,62.7,0,9.29,6.13,1.42,3.83,0.01,
Darcy Fogarty,ADE,FWD,286400,53.3,53,0,53,290387,3987,10,62.25,2.58,58.82,56.5,0,8.97,3.49,4.71,3.47,0.01,
Joe Daniher,BRI,FWD,233300,48.2,53,17,70,290246,56946,4,76.36,3.14,23.53,34,0.25,11,4.25,1.89,2.16,1.34,return from injury
James Stewart,ESS,FWD,295000,54.9,53,0,53,290106,-4894,10,61.45,2.48,58.82,60.17,0,8.86,3.36,4.71,3.69,0.01,
Will Brodie,GCS,MID,344900,36,53,0,53,288840,-56060,1,77.25,4.91,5.88,36,0,11.13,6.64,0.48,2.28,0.01,
Will Brodie,GCS,FWD,344900,36,53,0,53,288840,-56060,1,77.25,4.91,5.88,36,0,11.13,6.64,0.48,2.28,0.01,
Bailey Dale,WBD,FWD,298500,55.6,53,0,53,288277,-10223,9,61.08,2.98,52.94,55.6,0,8.8,4.03,4.24,3.42,0.01,
Mitch Crowden,FRE,FWD,295500,55,53,0,53,288277,-7223,10,59.8,2.8,58.82,54.8,0,8.62,3.79,4.71,3.37,0.01,
Laitham Vandermeer,WBD,MID,278900,51.9,52,0,52,287715,8815,12,50.92,3.15,70.59,51.9,0,7.34,4.26,5.65,3.2,0.01,
Laitham Vandermeer,WBD,FWD,278900,51.9,52,0,52,287715,8815,12,50.92,3.15,70.59,51.9,0,7.34,4.26,5.65,3.2,0.01,
Sam Weideman,MEL,FWD,303800,56.5,52,0,52,287574,-16226,13,55.82,2.59,76.47,44.33,0,8.05,3.51,6.12,2.76,0.01,
Jake Stringer,ESS,FWD,282600,52.6,52,0,52,287293,4693,10,66.14,2.41,58.82,47,0,9.53,3.26,4.71,2.92,0.01,
Roarke Smith,WBD,MID,281400,58.2,52,0,52,286309,4909,5,59,3.76,29.41,72.5,0,8.5,5.09,2.36,4.4,0.01,
Roarke Smith,WBD,FWD,281400,58.2,52,0,52,286309,4909,5,59,3.76,29.41,72.5,0,8.5,5.09,2.36,4.4,0.01,
Kane Farrell,POR,MID,309200,57.5,52,0,52,285887,-23313,11,56.55,3,64.71,39,0.09,8.15,4.06,5.18,2.45,0.49,
Kane Farrell,POR,FWD,309200,57.5,52,0,52,285887,-23313,11,56.55,3,64.71,39,0.09,8.15,4.06,5.18,2.45,0.49,
Isaac Cumming,GWS,DEF,288000,67,52,0,52,285606,-2394,3,66,3.91,17.65,67,0,9.51,5.29,1.42,4.08,0.01,
Ryan Burton,POR,DEF,318800,59.3,52,0,52,285465,-33335,6,71,4.09,35.29,15,0.12,10.23,5.53,2.83,1.06,0.65,
Tobe Watson,FRE,DEF,303700,70.7,52,0,52,285184,-18516,3,69.67,3.33,17.65,70.7,0,10.04,4.51,1.42,4.3,0.01,
David Astbury,RIC,DEF,400400,82.8,52,0,52,285043,-115357,5,68.89,4.25,29.41,35,0,9.93,5.75,2.36,2.22,0.01,
Daniel Howe,HAW,DEF,280500,58,52,0,52,284340,3840,5,70.58,3.37,29.41,50.5,0,10.17,4.56,2.36,3.12,0.01,
Daniel Howe,HAW,MID,280500,58,52,0,52,284340,3840,5,70.58,3.37,29.41,50.5,0,10.17,4.56,2.36,3.12,0.01,
Jake Waterman,WCE,FWD,323600,60.2,52,0,52,284059,-39541,9,58.6,3.6,52.94,42,0,8.45,4.87,4.24,2.63,0.01,
Jake Riccardi,GWS,FWD,336500,69.6,52,0,52,283777,-52723,5,68.6,3.48,29.41,52,0,9.89,4.71,2.36,3.21,0.01,
Will Walker,NME,MID,244500,65,51,0,51,281387,36887,2,64,4.33,11.76,65,0,9.22,5.86,0.95,3.97,0.01,
Will Walker,NME,FWD,244500,65,51,0,51,281387,36887,2,64,4.33,11.76,65,0,9.22,5.86,0.95,3.97,0.01,
Nic Newman,CAR,DEF,415400,23.5,51,0,51,281246,-134154,2,96.27,2.67,11.76,23.5,0,13.87,3.62,0.95,1.55,0.01,
Zaine Cordy,WBD,DEF,313700,58.4,51,0,51,280824,-32876,13,55.47,2.72,76.47,34,0,8,3.68,6.12,2.16,0.01,
Colin O'Riordan,SYD,DEF,268000,49.9,51,0,51,279981,11981,8,60,3.24,47.06,49.9,0,8.65,4.39,3.77,3.09,0.01,
Kysaiah Pickett,MEL,FWD,256400,47.7,51,0,51,278996,22596,14,46.71,2.63,82.35,47.5,0,6.73,3.56,6.59,2.95,0.01,
Oskar Baker,MEL,MID,290100,60,51,0,51,278996,-11104,3,59,4.61,17.65,60,0,8.5,6.23,1.42,3.68,0.01,
Chayce Jones,ADE,MID,236800,44.1,51,0,51,278434,41634,15,47,2.88,88.24,32,0,6.78,3.9,7.06,2.05,0.01,
Mitch Brown,MEL,FWD,280500,52.2,51,0,51,278293,-2207,5,51.2,3.84,29.41,80,0,7.38,5.2,2.36,4.84,0.01,
Levi Greenwood,COL,MID,276800,57.2,51,0,51,277449,649,4,64.5,3.7,23.53,57.33,0,9.3,5.01,1.89,3.52,0.01,
Jay Lockhart,MEL,DEF,289600,53.9,51,0,51,276887,-12713,10,52.9,2.97,58.82,53.9,0,7.63,4.02,4.71,3.32,0.01,
Kyron Hayden,NME,DEF,281400,52.4,50,0,50,274356,-7044,8,51.38,3.29,47.06,52.4,0.12,7.41,4.45,3.77,3.23,0.65,
Mitch McGovern,CAR,FWD,283900,52.8,50,0,50,273653,-10247,12,51.83,2.61,70.59,45,0,7.47,3.53,5.65,2.8,0.01,
Paddy Ryder,STK,RUC,505900,94.2,50,0,50,271824,-234076,13,94.2,0,0.764705882,94.2,0,13.57,0.01,0.07,5.67,0.01,
Jack Bytel,STK,MID,280500,58,49,0,49,270418,-10082,3,57,4.45,17.65,58,0,8.22,6.02,1.42,3.56,0.01,
Archie Smith,BRI,RUC,217100,40.4,49,0,49,269715,52615,5,67.33,3.3775,29.41,40.4,0,9.7,4.57,2.36,2.54,0.01,
Mason Cox,COL,FWD,312200,58.1,49,0,49,269575,-42625,9,57,1.99,52.94,65.5,0,8.22,2.7,4.24,4,0.01,
Sam Wicks,SYD,FWD,316200,58.9,49,0,49,269153,-47047,7,57.86,2.83,41.18,59.75,0,8.34,3.83,3.3,3.66,0.01,
Sam Taylor,GWS,DEF,323400,67,49,0,49,268871,-54529,4,66,2.68,23.53,67,0,9.51,3.63,1.89,4.08,0.01,
Brandon Zerk-Thatcher,ESS,DEF,255200,47.5,49,0,49,268590,13390,10,55,2.71,58.82,44.6,0,7.93,3.67,4.71,2.78,0.01,
Bobby Hill,GWS,FWD,287200,59.4,49,0,49,267465,-19735,5,58.4,2.88,29.41,53,0.2,8.42,3.9,2.36,3.27,1.07,
Mabior Chol,RIC,FWD,327200,60.9,49,0,49,267325,-59875,10,59.09,2.07,58.82,47.67,0,8.52,2.81,4.71,2.96,0.01,
Jarrod Brander,WCE,MID,295500,55,49,0,49,266903,-28597,8,54,3.89,47.06,34,0,7.78,5.26,3.77,2.16,0.01,
Jarrod Brander,WCE,FWD,295500,55,49,0,49,266903,-28597,8,54,3.89,47.06,34,0,7.78,5.26,3.77,2.16,0.01,
Jarman Impey,HAW,FWD,212800,39.6,49,21,70,266762,53962,5,71.12,2.92,29.41,38,0,10.25,3.95,2.36,2.4,0.01,return from injury
Charlie Spargo,MEL,FWD,298200,55.5,48,0,48,264653,-33547,8,54.5,2.74,47.06,56.5,0,7.86,3.71,3.77,3.47,0.01,
Rhylee West,WBD,FWD,278000,57.5,48,0,48,264512,-13488,4,56.5,3.87,23.53,57.5,0,8.14,5.24,1.89,3.53,0.01,
Travis Colyer,FRE,FWD,275800,51.3,48,0,48,263668,-12132,9,50.8,2.96,52.94,51.3,0,7.32,4.01,4.24,3.17,0.01,
Jayden Laverde,ESS,FWD,308000,57.3,48,0,48,263528,-44472,6,62,2.54,35.29,57.3,0,8.94,3.44,2.83,3.52,0.01,
Bailey Banfield,FRE,FWD,288200,59.6,48,0,48,263106,-25094,5,58.6,3.13,29.41,59.6,0,8.45,4.24,2.36,3.65,0.01,
Sam Gray,SYD,FWD,276300,51.4,48,0,48,263106,-13194,7,50.43,3.66,41.18,51.4,0,7.27,4.95,3.3,3.18,0.01,
Mitch Hannan,WBD,FWD,283600,52.8,48,0,48,262965,-20635,9,52.27,2.7,52.94,52.8,0,7.53,3.66,4.24,3.26,0.01,
Hayden McLean,SYD,FWD,317000,59,48,0,48,262262,-54738,6,58,2.16,35.29,59,0.17,8.36,2.93,2.83,3.62,0.91,
Luke Jackson,MEL,FWD,312500,58.2,48,0,48,261559,-50941,6,57.17,2.92,35.29,58.2,0,8.24,3.95,2.83,3.57,0.01,
Changkuoth Jiath,HAW,DEF,266500,49.6,47,0,47,260434,-6066,5,64.5,3.05,29.41,43.5,0,9.3,4.13,2.36,2.72,0.01,
Hayden Young,FRE,DEF,279400,52,47,0,47,260153,-19247,5,51,3.33,29.41,52,0.2,7.35,4.51,2.36,3.21,1.07,
Jordan Clark,GEE,DEF,241800,50,47,0,47,260153,18353,3,58.7,4.08,17.65,50,0,8.46,5.52,1.42,3.09,0.01,
Jordan Clark,GEE,MID,241800,50,47,0,47,260153,18353,3,58.7,4.08,17.65,50,0,8.46,5.52,1.42,3.09,0.01,
Tom Sparrow,MEL,MID,337200,62.8,47,0,47,260012,-77188,5,61.8,3.78,29.41,33,0,8.91,5.11,2.36,2.1,0.01,
Nick Larkey,NME,FWD,263800,49.1,47,0,47,259731,-4069,10,57.42,2.07,58.82,42.5,0,8.28,2.81,4.71,2.66,0.01,
Lewis Taylor,SYD,FWD,265600,49.4,47,0,47,257340,-8260,9,48.44,2.96,52.94,49.4,0,6.98,4.01,4.24,3.06,0.01,
Tarryn Thomas,NME,FWD,290100,54,47,0,47,256215,-33885,6,59.09,2.61,35.29,54,0,8.52,3.53,2.83,3.33,0.01,
Bradley Close,GEE,FWD,257200,53.2,47,0,47,255653,-1547,8,52.25,2.82,47.06,49.33,0,7.53,3.82,3.77,3.05,0.01,
Jack Mahony,NME,FWD,271900,50.6,46,0,46,254668,-17232,10,49.6,2.8,58.82,39,0,7.15,3.79,4.71,2.45,0.01,
Josh Corbett,GCS,FWD,273200,50.9,46,0,46,254247,-18953,7,49.86,3.1,41.18,55,0,7.19,4.2,3.3,3.38,0.01,
Matthew Cottrell,CAR,MID,262200,48.8,46,0,46,250731,-11469,5,47.8,3.77,29.41,56.5,0,6.89,5.1,2.36,3.47,0.01,
Oliver Hanrahan,HAW,FWD,237200,44.1,46,0,46,250169,12969,7,49.44,3.4,41.18,44.1,0,7.13,4.6,3.3,2.75,0.01,
Caleb Graham,GCS,DEF,284800,53,45,0,45,249465,-35335,7,52,2.5,41.18,57.67,0,7.5,3.39,3.3,3.54,0.01,
Jack Payne,BRI,DEF,255100,52.8,45,0,45,249465,-5635,4,59.8,2.79,23.53,56,0,8.62,3.78,1.89,3.44,0.01,
Brayden Ainsworth,WCE,MID,253900,47.2,45,0,45,248481,-5419,8,48,2.99,47.06,47,0,6.92,4.05,3.77,2.92,0.01,
Brayden Ainsworth,WCE,FWD,253900,47.2,45,0,45,248481,-5419,8,48,2.99,47.06,47,0,6.92,4.05,3.77,2.92,0.01,
Ryan Gardner,WBD,DEF,232800,43.3,45,0,45,247215,14415,9,45.5,2.45,52.94,56.2,0,6.56,3.32,4.24,3.45,0.01,
Ben Ronke,SYD,FWD,275600,57,45,0,45,246090,-29510,3,56.2,3.3,17.65,57,0,8.1,4.47,1.42,3.5,0.01,
Sam Sturt,FRE,FWD,265100,61.7,45,0,45,244825,-20275,3,60.67,2.56,17.65,61.7,0,8.74,3.47,1.42,3.77,0.01,
Jack Buckley,GWS,DEF,223800,59.5,44,0,44,243840,20040,2,58.5,3.18,11.76,59.5,0,8.43,4.3,0.95,3.65,0.01,
Jack Buckley,GWS,MID,223800,59.5,44,0,44,243840,20040,2,58.5,3.18,11.76,59.5,0,8.43,4.3,0.95,3.65,0.01,
Darcy Cameron,COL,FWD,302900,56.4,44,0,44,243278,-59622,8,51.7,2.41,47.06,36,0.1,7.45,3.26,3.77,2.28,0.54,
James Bell,SYD,FWD,267300,49.8,44,0,44,241028,-26272,8,48.75,2.95,47.06,37,0,7.03,3.99,3.77,2.34,0.01,
Taylor Garner,NME,FWD,267400,45,44,0,44,239622,-27778,2,59.22,3.5,11.76,45,0,8.54,4.74,0.95,2.8,0.01,
Billy Frampton,ADE,FWD,286100,53.2,44,0,44,239059,-47041,5,52.2,2.83,29.41,53.2,0,7.52,3.83,2.36,3.28,0.01,
Jacob Townsend,GCS,FWD,238200,44.3,44,0,44,239059,859,12,43.33,2.07,70.59,36,0,6.25,2.81,5.65,2.28,0.01,
Kaiden Brand,SYD,DEF,245000,57,43,0,43,234700,-10300,2,56,3.07,11.76,57,0,8.07,4.16,0.95,3.5,0.01,
Ned McHenry,ADE,FWD,212900,39.6,42,0,42,228794,15894,8,38.62,3.27,47.06,39.6,0,5.57,4.43,3.77,2.49,0.01,
Aiden Bonar,NME,DEF,245400,45.7,41,0,41,226403,-18997,6,44.67,2.94,35.29,45.7,0,6.44,3.98,2.83,2.84,0.01,
Keidean Coleman,BRI,FWD,299800,62,41,0,41,223169,-76631,4,52,3.01,23.53,38,0,7.5,4.07,1.89,2.4,0.01,
Will Hamill,ADE,DEF,210900,39.2,41,0,41,222747,11847,8,38.25,3.01,47.06,39.2,0,5.52,4.07,3.77,2.47,0.01,
Will Hayes,WBD,MID,249300,47.5,40,0,40,221903,-27397,2,52,3.23,11.76,47.5,0,7.5,4.37,0.95,2.95,0.01,
Boyd Woodcock,POR,FWD,261100,54,40,0,40,218950,-42150,5,53,3.37,29.41,14,0,7.64,4.56,2.36,1,0.01,
Matt Taberner,FRE,FWD,403000,75,40,0,40,217544,-185456,16,75,0,0.941176471,75,0,10.81,0.01,0.09,4.55,0.01,
Jack Petruccelle,WCE,FWD,217100,40.4,39,0,39,212622,-4478,5,47.95,2.44,29.41,40.4,0,6.91,3.3,2.36,2.54,0.01,
Connor Idun,GWS,DEF,214900,50,38,0,38,210513,-4387,2,49,2.85,11.76,50,0,7.06,3.86,0.95,3.09,0.01,
Irving Mosquito,ESS,FWD,264700,54.8,38,0,38,208403,-56297,4,53.75,2.65,23.53,24,0,7.75,3.59,1.89,1.58,0.01,
Joel Smith,MEL,DEF,211100,39.3,38,0,38,207841,-3259,7,50.12,1.83,41.18,27,0,7.23,2.48,3.3,1.76,0.01,
Jack Silvagni,CAR,FWD,257400,35.3,36,0,36,198560,-58840,3,54.63,1.9,17.65,35.3,0,7.87,2.58,1.42,2.24,0.01,
Tom J. Lynch,RIC,FWD,366700,68.3,36,0,36,198419,-168281,16,68.3,0,0.941176471,68.3,0,9.84,0.01,0.09,4.16,0.01,
Tristan Xerri,NME,FWD,265900,49.5,36,0,36,198138,-67762,4,48.5,1.58,23.53,49.5,0,6.99,2.14,1.89,3.06,0.01,
Josh Schache,WBD,FWD,214400,39,36,0,36,197154,-17246,2,53.86,2.1,11.76,39,0,7.76,2.85,0.95,2.45,0.01,
Harry Himmelberg,GWS,FWD,355300,66.1,35,0,35,192232,-163068,16,66.1,0,0.941176471,66.1,0,9.53,0.01,0.09,4.03,0.01,
Callum L. Brown,COL,FWD,349600,65.1,34,0,34,189138,-160462,14,65.1,0,0.823529412,65.1,0,9.38,0.01,0.08,3.97,0.01,
Lance Franklin,SYD,FWD,312000,0,34,0,34,189138,-122862,0,91.9,0,0,0,0,13.24,0.01,0.01,0.18,0.01,
Josh J. Kennedy,WCE,FWD,346200,64.4,34,0,34,187310,-158890,16,64.4,0,0.941176471,64.4,0,9.28,0.01,0.09,3.93,0.01,
Sean Lemmens,GCS,FWD,253400,47.2,34,0,34,187029,-66371,6,46.17,2.8,35.29,-3,0,6.66,3.79,2.83,0.01,0.01,
Matt de Boer,GWS,MID,303700,62.8,33,0,33,182529,-121171,13,62.8,0,0.764705882,62.8,0,9.05,0.01,0.07,3.84,0.01,
Cameron Ellis-Yolmen,BRI,MID,337800,62.9,33,0,33,182388,-155412,8,62.9,0,0.470588235,62.9,0,9.06,0.01,0.05,3.84,0.01,
Cameron Ellis-Yolmen,BRI,FWD,337800,62.9,33,0,33,182388,-155412,8,62.9,0,0.470588235,62.9,0,9.06,0.01,0.05,3.84,0.01,
Nick Hind,ESS,FWD,331000,61.6,33,0,33,179013,-151987,10,61.6,0,0.588235294,61.6,0,8.88,0.01,0.06,3.77,0.01,
Xavier O'Halloran,GWS,MID,227500,60.5,32,0,32,175216,-52284,2,60.5,0,0.117647059,60.5,0,8.72,0.01,0.02,3.7,0.01,
Marcus Adams,BRI,DEF,250400,28,31,0,31,171560,-78840,1,51.8,1.79,5.88,28,0,7.47,2.43,0.48,1.81,0.01,
Mitch Georgiades,POR,FWD,317000,59,31,0,31,171279,-145721,7,59,0,0.411764706,59,0,8.5,0.01,0.04,3.62,0.01,
Kyle Hartigan,HAW,DEF,314300,58.5,31,0,31,170295,-144005,12,58.5,0,0.705882353,58.5,0,8.43,0.01,0.07,3.59,0.01,
Jimmy Webster,STK,DEF,274000,0,31,0,31,169591,-104409,0,82.26,0,0,0,0,11.85,0.01,0.01,0.18,0.01,
Jesse Hogan,GWS,FWD,310800,57.9,31,0,31,168185,-142615,7,57.9,0,0.411764706,57.9,0,8.35,0.01,0.04,3.55,0.01,
Aaron vandenBerg,MEL,MID,301300,56.1,30,0,30,163545,-137755,12,56.1,0,0.705882353,56.1,0,8.09,0.01,0.07,3.45,0.01,
Lachlan Schultz,FRE,FWD,298000,55.5,30,0,30,161998,-136002,17,55.5,0,1,55.5,0,8,0.01,0.09,3.41,0.01,
Tom Hickey,SYD,RUC,261100,54,29,54,83,156795,-104305,3,54,0,0.176470588,54,0,7.78,0.01,0.02,3.33,0.01,
Rory Atkins,GCS,MID,244200,50.5,27,0,27,146951,-97249,4,50.5,0,0.235294118,50.5,0,7.28,0.01,0.03,3.12,0.01,
Charlie Curnow,CAR,FWD,294600,0,26,0,26,144139,-150461,0,69.64,0,0,0,0,10.04,0.01,0.01,0.18,0.01,
Willem Drew,POR,MID,310800,0,26,0,26,143436,-167364,0,69.3,0,0,0,0,9.99,0.01,0.01,0.18,0.01,
Sam Switkowski,FRE,FWD,279400,0,26,0,26,141748,-137652,0,68.5,0,0,0,0,9.87,0.01,0.01,0.18,0.01,
Marty Hore,MEL,DEF,303600,0,26,0,26,140061,-163539,0,67.64,0,0,0,0,9.75,0.01,0.01,0.18,0.01,
Dom Tyson,NME,MID,243900,0,25,0,25,137389,-106511,0,66.33,0,0,0,0,9.56,0.01,0.01,0.18,0.01,
Willie Rioli,WCE,FWD,296600,0,25,0,25,136967,-159633,0,66.12,0,0,0,0,9.53,0.01,0.01,0.18,0.01,
Joel Hamling,FRE,DEF,271000,0,25,0,25,135701,-135299,0,65.5,0,0,0,0,9.44,0.01,0.01,0.18,0.01,
Zac Smith,GCS,RUC,216000,0,24,0,24,132326,-83674,0,63.82,0,0,0,0,9.2,0.01,0.01,0.18,0.01,
Thomas Berry,BRI,FWD,235500,43.8,23,0,23,128108,-107392,6,43.8,0,0.352941176,43.8,0,6.32,0.01,0.04,2.73,0.01,
Xavier O'Neill,WCE,MID,233200,43.4,23,0,23,126842,-106358,5,43.4,0,0.294117647,43.4,0,6.26,0.01,0.03,2.71,0.01,
Xavier O'Neill,WCE,FWD,233200,43.4,23,0,23,126842,-106358,5,43.4,0,0.294117647,43.4,0,6.26,0.01,0.03,2.71,0.01,
Caleb Marchbank,CAR,DEF,275400,0,23,0,23,126701,-148699,0,61.08,0,0,0,0,8.8,0.01,0.01,0.18,0.01,
Daniel McKenzie,STK,DEF,222300,0,22,0,22,123045,-99255,0,59.27,0,0,0,0,8.54,0.01,0.01,0.18,0.01,
Zac Langdon,WCE,FWD,224900,41.9,22,0,22,122623,-102277,7,41.9,0,0.411764706,41.9,0,6.04,0.01,0.04,2.62,0.01,
Nathan Vardy,WCE,RUC,228600,0,22,0,22,122483,-106117,0,59,0,0,0,0,8.5,0.01,0.01,0.18,0.01,
Kayne Turner,NME,FWD,260800,0,22,0,22,117983,-142817,0,56.74,0,0,0,0,8.18,0.01,0.01,0.18,0.01,
Jordan Murdoch,GCS,DEF,253000,0,21,0,21,116155,-136845,0,55.86,0,0,0,0,8.05,0.01,0.01,0.18,0.01,
Matt Buntine,GWS,FWD,225900,0,20,0,20,110108,-115792,0,52.86,0,0,0,0,7.62,0.01,0.01,0.18,0.01,
Matt Buntine,GWS,DEF,225900,0,20,0,20,110108,-115792,0,52.86,0,0,0,0,7.62,0.01,0.01,0.18,0.01,
Alex Pearce,FRE,DEF,235600,0,20,0,20,107999,-127601,0,51.82,0,0,0,0,7.47,0.01,0.01,0.18,0.01,
Patrick Ambrose,ESS,DEF,217800,0,19,0,19,105749,-112051,0,50.68,0,0,0,0,7.31,0.01,0.01,0.18,0.01,
Jack Hombsch,GCS,DEF,230200,0,19,0,19,105467,-124733,0,50.56,0,0,0,0,7.29,0.01,0.01,0.18,0.01,
Chris Burgess,GCS,DEF,210000,0,17,0,17,94217,-115783,0,45,0,0,0,0,6.49,0.01,0.01,0.18,0.01,
Sam J. Reid,GWS,DEF,297300,30.3,16,0,16,89436,-207864,3,30.3,0,0.176470588,30.3,0,4.37,0.01,0.02,1.95,0.01,
Harrison Petty,MEL,FWD,228200,0,1,0,1,3094,-225106,0,0,0,0,0,0,0.01,0.01,0.01,0.18,0.01,
Harrison Petty,MEL,DEF,228200,0,1,0,1,3094,-225106,0,0,0,0,0,0,0.01,0.01,0.01,0.18,0.01,
Peter Wright,ESS,FWD,292300,0,1,0,1,3094,-289206,0,0,0,0,0,0,0.01,0.01,0.01,0.18,0.01,
Jamarra Ugle-Hagan,WBD,FWD,207300,0,50,0,50,0,0,0,0,0,0,0,0,0,0,0,0,0,
Keegan Brooksby,HAW,RUC,206900,0,50,0,50,0,0,0,0,0,0,0,0,0,0,0,0,0,
Trey Ruscoe,COL,FWD,206800,0,60,0,60,0,0,0,0,0,0,0,0,0,0,0,0,0,
Riley Thilthorpe,ADE,FWD,202800,0,48,0,48,0,0,0,0,0,0,0,0,0,0,0,0,0,
Riley Thilthorpe,ADE,RUC,202800,0,48,0,48,0,0,0,0,0,0,0,0,0,0,0,0,0,
Paddy Dow,CAR,MID,202400,0,55,0,55,0,0,0,0,0,0,0,0,0,0,0,0,0,
Paddy Dow,CAR,FWD,202400,0,55,0,55,0,0,0,0,0,0,0,0,0,0,0,0,0,
Lachie Young,NME,DEF,202000,0,55,0,55,0,0,0,0,0,0,0,0,0,0,0,0,0,
Lachie Young,NME,MID,202000,0,55,0,55,0,0,0,0,0,0,0,0,0,0,0,0,0,
Connor Menadue,NME,DEF,201500,0,45,0,45,0,0,0,0,0,0,0,0,0,0,0,0,0,
Jake Stein,GWS,DEF,200100,0,50,0,50,0,0,0,0,0,0,0,0,0,0,0,0,0,
Mitch Lewis,HAW,FWD,199500,0,65,0,65,0,0,0,0,0,0,0,0,0,0,0,0,0,
Fischer Mcasey,ADE,DEF,199300,0,50,0,50,0,0,0,0,0,0,0,0,0,0,0,0,0,
Lewis Young,WBD,MID,198300,0,50,0,50,0,0,0,0,0,0,0,0,0,0,0,0,0,
Lewis Young,WBD,DEF,198300,0,50,0,50,0,0,0,0,0,0,0,0,0,0,0,0,0,
Will Phillips,NME,MID,198300,0,64,0,64,0,0,0,0,0,0,0,0,0,0,0,0,0,
Finn Maginness,HAW,MID,195600,0,55,0,55,0,0,0,0,0,0,0,0,0,0,0,0,0,
Joel Amartey,SYD,RUC,195600,0,45,0,45,0,0,0,0,0,0,0,0,0,0,0,0,0,
Ben Cavarra,WBD,MID,194900,0,45,0,45,0,0,0,0,0,0,0,0,0,0,0,0,0,
Ben Cavarra,WBD,FWD,194900,0,45,0,45,0,0,0,0,0,0,0,0,0,0,0,0,0,
Logan McDonald,SYD,FWD,193800,0,45,0,45,0,0,0,0,0,0,0,0,0,0,0,0,0,
Bailey J. Williams,WCE,RUC,193400,0,60,0,60,0,0,0,0,0,0,0,0,0,0,0,0,0,
Bailey J. Williams,WCE,FWD,193400,0,60,0,60,0,0,0,0,0,0,0,0,0,0,0,0,0,
Conor Nash,HAW,FWD,193400,0,55,0,55,0,0,0,0,0,0,0,0,0,0,0,0,0,
Flynn Perez,NME,MID,193400,0,45,0,45,0,0,0,0,0,0,0,0,0,0,0,0,0,
Flynn Perez,NME,DEF,193400,0,45,0,45,0,0,0,0,0,0,0,0,0,0,0,0,0,
Sam Flanders,GCS,FWD,192300,0,60,0,60,0,0,0,0,0,0,0,0,0,0,0,0,0,
Ben Davis,ADE,FWD,191800,0,50,0,50,0,0,0,0,0,0,0,0,0,0,0,0,0,
Louis Butler,WBD,DEF,191800,0,55,0,55,0,0,0,0,0,0,0,0,0,0,0,0,0,
Joel Garner,POR,DEF,189900,0,50,0,50,0,0,0,0,0,0,0,0,0,0,0,0,0,
Jonathon Patton,HAW,FWD,189800,0,60,0,60,0,0,0,0,0,0,0,0,0,0,0,0,0,
Braeden Campbell,SYD,MID,189300,0,64,0,64,0,0,0,0,0,0,0,0,0,0,0,0,0,
Braeden Campbell,SYD,FWD,189300,0,64,0,64,0,0,0,0,0,0,0,0,0,0,0,0,0,
Ryan Garthwaite,RIC,DEF,188000,0,45,0,45,0,0,0,0,0,0,0,0,0,0,0,0,0,
Liam Stocker,CAR,DEF,186500,0,50,0,50,0,0,0,0,0,0,0,0,0,0,0,0,0,
Neville Jetta,MEL,DEF,186300,0,60,0,60,0,0,0,0,0,0,0,0,0,0,0,0,0,
Denver Grainger-Barras,HAW,DEF,184800,0,50,0,50,0,0,0,0,0,0,0,0,0,0,0,0,0,
Liam Henry,FRE,FWD,184500,0,50,0,50,0,0,0,0,0,0,0,0,0,0,0,0,0,
Jy Farrar,GCS,FWD,184300,0,45,0,45,0,0,0,0,0,0,0,0,0,0,0,0,0,
Jamaine Jones,WCE,FWD,182400,0,45,0,45,0,0,0,0,0,0,0,0,0,0,0,0,0,
Jamaine Jones,WCE,MID,182400,0,45,0,45,0,0,0,0,0,0,0,0,0,0,0,0,0,
Tyson Goldsack,POR,DEF,182000,0,45,0,45,0,0,0,0,0,0,0,0,0,0,0,0,0,
Lochie O'Brien,CAR,MID,180500,0,50,0,50,0,0,0,0,0,0,0,0,0,0,0,0,0,
Patrick Naish,RIC,MID,180500,0,55,0,55,0,0,0,0,0,0,0,0,0,0,0,0,0,
Zach Guthrie,GEE,DEF,180500,0,50,0,50,0,0,0,0,0,0,0,0,0,0,0,0,0,
Elijah Hollands,GCS,FWD,180300,0,45,0,45,0,0,0,0,0,0,0,0,0,0,0,0,0,
Daniel Venables,WCE,FWD,179900,0,45,0,45,0,0,0,0,0,0,0,0,0,0,0,0,0,
Darragh Joyce,STK,DEF,177300,0,45,0,45,0,0,0,0,0,0,0,0,0,0,0,0,0,
Deven Robertson,BRI,FWD,176800,0,55,0,55,0,0,0,0,0,0,0,0,0,0,0,0,0,
Jordon Butts,ADE,DEF,176800,0,50,0,50,0,0,0,0,0,0,0,0,0,0,0,0,0,
Nikolas Cox,ESS,DEF,175800,0,50,0,50,0,0,0,0,0,0,0,0,0,0,0,0,0,
Minairo Frederick,FRE,FWD,175700,0,55,0,55,0,0,0,0,0,0,0,0,0,0,0,0,0,
Atu Bosenavulagi,NME,FWD,175500,0,55,0,55,0,0,0,0,0,0,0,0,0,0,0,0,0,
Cody Weightman,WBD,FWD,173700,0,55,0,55,0,0,0,0,0,0,0,0,0,0,0,0,0,
Archie Perkins,ESS,FWD,171300,0,64,0,64,0,0,0,0,0,0,0,0,0,0,0,0,0,
Archie Perkins,ESS,MID,171300,0,64,0,64,0,0,0,0,0,0,0,0,0,0,0,0,0,
Sam Philp,CAR,FWD,171100,0,50,0,50,0,0,0,0,0,0,0,0,0,0,0,0,0,
Zach Reid,ESS,MID,166800,0,50,0,50,0,0,0,0,0,0,0,0,0,0,0,0,0,
Zach Reid,ESS,DEF,166800,0,50,0,50,0,0,0,0,0,0,0,0,0,0,0,0,0,
Jayden Hunt,MEL,FWD,163300,0,50,0,50,0,0,0,0,0,0,0,0,0,0,0,0,0,
Matthew Ling,SYD,DEF,163000,0,50,0,50,0,0,0,0,0,0,0,0,0,0,0,0,0,
Luke Pedlar,ADE,MID,162300,0,50,0,50,0,0,0,0,0,0,0,0,0,0,0,0,0,
Callum Coleman-Jones,RIC,RUC,161200,0,50,0,50,0,0,0,0,0,0,0,0,0,0,0,0,0,
Callum Coleman-Jones,RIC,FWD,161200,0,50,0,50,0,0,0,0,0,0,0,0,0,0,0,0,0,
Kade Chandler,MEL,DEF,161200,0,50,0,50,0,0,0,0,0,0,0,0,0,0,0,0,0,
Kade Chandler,MEL,FWD,161200,0,50,0,50,0,0,0,0,0,0,0,0,0,0,0,0,0,
Ned Cahill,ESS,FWD,161200,0,55,0,55,0,0,0,0,0,0,0,0,0,0,0,0,0,
Mark Keane,COL,DEF,158000,0,50,0,50,0,0,0,0,0,0,0,0,0,0,0,0,0,
Tanner Bruhn,GWS,MID,157800,0,50,0,50,0,0,0,0,0,0,0,0,0,0,0,0,0,
Tom Campbell,NME,RUC,154700,0,55,0,55,0,0,0,0,0,0,0,0,0,0,0,0,0,
Tom Campbell,NME,FWD,154700,0,55,0,55,0,0,0,0,0,0,0,0,0,0,0,0,0,
Jarrod Cameron,WCE,FWD,153700,0,45,0,45,0,0,0,0,0,0,0,0,0,0,0,0,0,
Tom Powell,NME,MID,153300,0,64,0,64,0,0,0,0,0,0,0,0,0,0,0,0,0,
Kieran Strachan,ADE,RUC,146700,0,55,0,55,0,0,0,0,0,0,0,0,0,0,0,0,0,
Kieran Strachan,ADE,FWD,146700,0,55,0,55,0,0,0,0,0,0,0,0,0,0,0,0,0,
Connor Ballenden,BRI,FWD,146100,0,50,0,50,0,0,0,0,0,0,0,0,0,0,0,0,0,
Thomson Dow,RIC,MID,146100,0,50,0,50,0,0,0,0,0,0,0,0,0,0,0,0,0,
Josh Morris,HAW,FWD,145100,0,50,0,50,0,0,0,0,0,0,0,0,0,0,0,0,0,
Conor Stone,GWS,FWD,144300,0,50,0,50,0,0,0,0,0,0,0,0,0,0,0,0,0,
Chad Warner,SYD,FWD,144000,0,50,0,50,0,0,0,0,0,0,0,0,0,0,0,0,0,
Jeremy Sharp,GCS,MID,141800,0,55,0,55,0,0,0,0,0,0,0,0,0,0,0,0,0,
Lachlan Jones,POR,DEF,139800,0,60,0,60,0,0,0,0,0,0,0,0,0,0,0,0,0,
Dylan Roberton,STK,DEF,139700,0,55,0,55,0,0,0,0,0,0,0,0,0,0,0,0,0,
Ben Jarvis,GEE,FWD,139200,0,50,0,50,0,0,0,0,0,0,0,0,0,0,0,0,0,
Ben Jarvis,GEE,DEF,139200,0,50,0,50,0,0,0,0,0,0,0,0,0,0,0,0,0,
Toby Bedford,MEL,FWD,137000,0,50,0,50,0,0,0,0,0,0,0,0,0,0,0,0,0,
Tom Hutchesson,GWS,MID,135400,0,50,0,50,0,0,0,0,0,0,0,0,0,0,0,0,0,
Tom Hutchesson,GWS,FWD,135400,0,50,0,50,0,0,0,0,0,0,0,0,0,0,0,0,0,
Oliver Henry,COL,MID,135300,0,50,0,50,0,0,0,0,0,0,0,0,0,0,0,0,0,
Oliver Henry,COL,FWD,135300,0,50,0,50,0,0,0,0,0,0,0,0,0,0,0,0,0,
Ryan Angwin,GWS,MID,130800,0,50,0,50,0,0,0,0,0,0,0,0,0,0,0,0,0,
Luke Foley,WCE,DEF,127900,0,50,0,50,0,0,0,0,0,0,0,0,0,0,0,0,0,
Aaron Nietschke,MEL,MID,123900,0,50,0,50,0,0,0,0,0,0,0,0,0,0,0,0,0,
Anton Tohill,COL,FWD,123900,0,50,0,50,0,0,0,0,0,0,0,0,0,0,0,0,0,
Austin Bradtke,MEL,RUC,123900,0,50,0,50,0,0,0,0,0,0,0,0,0,0,0,0,0,
Barry O'Connor,SYD,FWD,123900,0,50,0,50,0,0,0,0,0,0,0,0,0,0,0,0,0,
Barry O'Connor,SYD,DEF,123900,0,50,0,50,0,0,0,0,0,0,0,0,0,0,0,0,0,
Ben Johnson,WCE,DEF,123900,0,50,0,50,0,0,0,0,0,0,0,0,0,0,0,0,0,
Ben Miller,RIC,DEF,123900,0,50,0,50,0,0,0,0,0,0,0,0,0,0,0,0,0,
Bigoa Nyuon,RIC,RUC,123900,0,50,0,50,0,0,0,0,0,0,0,0,0,0,0,0,0,
Brock Smith,BRI,MID,123900,0,50,0,50,0,0,0,0,0,0,0,0,0,0,0,0,0,
Brock Smith,BRI,DEF,123900,0,50,0,50,0,0,0,0,0,0,0,0,0,0,0,0,0,
Brodie Kemp,CAR,MID,123900,0,50,0,50,0,0,0,0,0,0,0,0,0,0,0,0,0,
Buku Khamis,WBD,DEF,123900,0,50,0,50,0,0,0,0,0,0,0,0,0,0,0,0,0,
Callum Jamieson,WCE,RUC,123900,0,50,0,50,0,0,0,0,0,0,0,0,0,0,0,0,0,
Callum M. Brown,GWS,DEF,123900,0,50,0,50,0,0,0,0,0,0,0,0,0,0,0,0,0,
Cameron Taheny,GEE,FWD,123900,0,50,0,50,0,0,0,0,0,0,0,0,0,0,0,0,0,
Charlie Comben,NME,RUC,123900,0,50,0,50,0,0,0,0,0,0,0,0,0,0,0,0,0,
Cian McBride,ESS,DEF,123900,0,50,0,50,0,0,0,0,0,0,0,0,0,0,0,0,0,
Connor McFadyen,BRI,FWD,123900,0,50,0,50,0,0,0,0,0,0,0,0,0,0,0,0,0,
Cooper Stephens,GEE,MID,123900,0,55,0,55,0,0,0,0,0,0,0,0,0,0,0,0,0,
Dylan Williams,POR,MID,123900,0,55,0,55,0,0,0,0,0,0,0,0,0,0,0,0,0,
Dylan Williams,POR,FWD,123900,0,55,0,55,0,0,0,0,0,0,0,0,0,0,0,0,0,
Ely Smith,BRI,MID,123900,0,55,0,55,0,0,0,0,0,0,0,0,0,0,0,0,0,
Ely Smith,BRI,FWD,123900,0,55,0,55,0,0,0,0,0,0,0,0,0,0,0,0,0,
Emerson Jeka,HAW,FWD,123900,0,50,0,50,0,0,0,0,0,0,0,0,0,0,0,0,0,
Francis Evans,GEE,MID,123900,0,50,0,50,0,0,0,0,0,0,0,0,0,0,0,0,0,
Francis Evans,GEE,FWD,123900,0,50,0,50,0,0,0,0,0,0,0,0,0,0,0,0,0,
Harrison Jones,ESS,FWD,123900,0,60,0,60,0,0,0,0,0,0,0,0,0,0,0,0,0,
Harry Edwards,WCE,MID,123900,0,50,0,50,0,0,0,0,0,0,0,0,0,0,0,0,0,
Harry Edwards,WCE,DEF,123900,0,50,0,50,0,0,0,0,0,0,0,0,0,0,0,0,0,
Harry Pepper,HAW,DEF,123900,0,50,0,50,0,0,0,0,0,0,0,0,0,0,0,0,0,
Hugo Ralphsmith,RIC,MID,123900,0,50,0,50,0,0,0,0,0,0,0,0,0,0,0,0,0,
Jackson Mead,POR,MID,123900,0,50,0,50,0,0,0,0,0,0,0,0,0,0,0,0,0,
Jacob Koschitzke,HAW,DEF,123900,0,50,0,50,0,0,0,0,0,0,0,0,0,0,0,0,0,
Jake Pasini,POR,MID,123900,0,50,0,50,0,0,0,0,0,0,0,0,0,0,0,0,0,
Jake Pasini,POR,DEF,123900,0,50,0,50,0,0,0,0,0,0,0,0,0,0,0,0,0,
James Jordon,MEL,MID,123900,0,50,0,50,0,0,0,0,0,0,0,0,0,0,0,0,0,
James Madden,BRI,FWD,123900,0,50,0,50,0,0,0,0,0,0,0,0,0,0,0,0,0,
James Madden,BRI,DEF,123900,0,50,0,50,0,0,0,0,0,0,0,0,0,0,0,0,0,
Jaxon Prior,BRI,DEF,123900,0,50,0,50,0,0,0,0,0,0,0,0,0,0,0,0,0,
Jay Rantall,COL,MID,123900,0,50,0,50,0,0,0,0,0,0,0,0,0,0,0,0,0,
Jez McLennan,GCS,DEF,123900,0,50,0,50,0,0,0,0,0,0,0,0,0,0,0,0,0,
Jordon Sweet,WBD,RUC,123900,0,50,0,50,0,0,0,0,0,0,0,0,0,0,0,0,0,
Josh Honey,CAR,MID,123900,0,50,0,50,0,0,0,0,0,0,0,0,0,0,0,0,0,
Josh Worrell,ADE,DEF,123900,0,50,0,50,0,0,0,0,0,0,0,0,0,0,0,0,0,
Kieren Briggs,GWS,DEF,123900,0,50,0,50,0,0,0,0,0,0,0,0,0,0,0,0,0,
Kieren Briggs,GWS,FWD,123900,0,50,0,50,0,0,0,0,0,0,0,0,0,0,0,0,0,
Lachlan Gollant,ADE,DEF,123900,0,50,0,50,0,0,0,0,0,0,0,0,0,0,0,0,0,
Lachlan Johnson,ESS,FWD,123900,0,50,0,50,0,0,0,0,0,0,0,0,0,0,0,0,0,
Lachlan Johnson,ESS,MID,123900,0,50,0,50,0,0,0,0,0,0,0,0,0,0,0,0,0,
Leno Thomas,FRE,FWD,123900,0,50,0,50,0,0,0,0,0,0,0,0,0,0,0,0,0,
Leno Thomas,FRE,DEF,123900,0,50,0,50,0,0,0,0,0,0,0,0,0,0,0,0,0,
Leo Connolly,STK,DEF,123900,0,50,0,50,0,0,0,0,0,0,0,0,0,0,0,0,0,
Lloyd Meek,FRE,RUC,123900,0,55,0,55,0,0,0,0,0,0,0,0,0,0,0,0,0,
Luke Towey,GCS,DEF,123900,0,50,0,50,0,0,0,0,0,0,0,0,0,0,0,0,0,
Malcolm Rosas,GCS,FWD,123900,0,50,0,50,0,0,0,0,0,0,0,0,0,0,0,0,0,
Martin Frederick,POR,DEF,123900,0,50,0,50,0,0,0,0,0,0,0,0,0,0,0,0,0,
Matt Conroy,GCS,RUC,123900,0,50,0,50,0,0,0,0,0,0,0,0,0,0,0,0,0,
Matt Flynn,GWS,RUC,123900,0,70,0,70,0,0,0,0,0,0,0,0,0,0,0,0,0,
Matt McGuinness,NME,DEF,123900,0,50,0,50,0,0,0,0,0,0,0,0,0,0,0,0,0,
Matthew Owies,CAR,FWD,123900,0,50,0,50,0,0,0,0,0,0,0,0,0,0,0,0,0,
Max Lynch,COL,FWD,123900,0,50,0,50,0,0,0,0,0,0,0,0,0,0,0,0,0,
Max Lynch,COL,RUC,123900,0,50,0,50,0,0,0,0,0,0,0,0,0,0,0,0,0,
Max Lynch,COL,FWD,123900,0,50,0,50,0,0,0,0,0,0,0,0,0,0,0,0,0,
Miles Bergman,POR,FWD,123900,0,55,0,55,0,0,0,0,0,0,0,0,0,0,0,0,0,
Nakia Cockatoo,BRI,MID,123900,0,55,0,55,0,0,0,0,0,0,0,0,0,0,0,0,0,
Nakia Cockatoo,BRI,FWD,123900,0,55,0,55,0,0,0,0,0,0,0,0,0,0,0,0,0,
Nathan Kreuger,GEE,FWD,123900,0,50,0,50,0,0,0,0,0,0,0,0,0,0,0,0,0,
Nathan Murphy,COL,DEF,123900,0,55,0,55,0,0,0,0,0,0,0,0,0,0,0,0,0,
Ned Reeves,HAW,RUC,123900,0,50,0,50,0,0,0,0,0,0,0,0,0,0,0,0,0,
Nick Bryan,ESS,RUC,123900,0,50,0,50,0,0,0,0,0,0,0,0,0,0,0,0,0,
Nick Shipley,GWS,MID,123900,0,50,0,50,0,0,0,0,0,0,0,0,0,0,0,0,0,
Noah Cumberland,RIC,FWD,123900,0,50,0,50,0,0,0,0,0,0,0,0,0,0,0,0,0,
Noah Cumberland,RIC,MID,123900,0,50,0,50,0,0,0,0,0,0,0,0,0,0,0,0,0,
Oscar Brownless,GEE,FWD,123900,0,50,0,50,0,0,0,0,0,0,0,0,0,0,0,0,0,
Oscar Clavarino,STK,DEF,123900,0,50,0,50,0,0,0,0,0,0,0,0,0,0,0,0,0,
Patrick Murtagh,GCS,FWD,123900,0,50,0,50,0,0,0,0,0,0,0,0,0,0,0,0,0,
Riley Collier-Dawkins,RIC,MID,123900,0,55,0,55,0,0,0,0,0,0,0,0,0,0,0,0,0,
Riley Garcia,WBD,MID,123900,0,50,0,50,0,0,0,0,0,0,0,0,0,0,0,0,0,
Ronin O'Connor,ADE,MID,123900,0,50,0,50,0,0,0,0,0,0,0,0,0,0,0,0,0,
Rory Thompson,GCS,DEF,123900,0,52,0,52,0,0,0,0,0,0,0,0,0,0,0,0,0,
Ross McQuillan,ESS,FWD,123900,0,50,0,50,0,0,0,0,0,0,0,0,0,0,0,0,0,
Ross McQuillan,ESS,DEF,123900,0,50,0,50,0,0,0,0,0,0,0,0,0,0,0,0,0,
Ryan Byrnes,STK,MID,123900,0,55,0,55,0,0,0,0,0,0,0,0,0,0,0,0,0,
Sam Alabakis,STK,RUC,123900,0,45,0,45,0,0,0,0,0,0,0,0,0,0,0,0,0,
Sam De Koning,GEE,DEF,123900,0,50,0,50,0,0,0,0,0,0,0,0,0,0,0,0,0,
Sam Hayes,POR,RUC,123900,0,50,0,50,0,0,0,0,0,0,0,0,0,0,0,0,0,
Sam Ramsay,CAR,MID,123900,0,50,0,50,0,0,0,0,0,0,0,0,0,0,0,0,0,
Stefan Giro,FRE,MID,123900,0,55,0,55,0,0,0,0,0,0,0,0,0,0,0,0,0,
Stefan Okunbor,GEE,FWD,123900,0,50,0,50,0,0,0,0,0,0,0,0,0,0,0,0,0,
Stefan Okunbor,GEE,DEF,123900,0,50,0,50,0,0,0,0,0,0,0,0,0,0,0,0,0,
Tom Hird,ESS,MID,123900,0,50,0,50,0,0,0,0,0,0,0,0,0,0,0,0,0,
Tom Joyce,BRI,MID,123900,0,50,0,50,0,0,0,0,0,0,0,0,0,0,0,0,0,
Tom Wilson,COL,MID,123900,0,50,0,50,0,0,0,0,0,0,0,0,0,0,0,0,0,
Tom Wilson,COL,FWD,123900,0,50,0,50,0,0,0,0,0,0,0,0,0,0,0,0,0,
Trent Bianco,COL,DEF,123900,0,50,0,50,0,0,0,0,0,0,0,0,0,0,0,0,0,
Trent Burgoyne,POR,FWD,123900,0,50,0,50,0,0,0,0,0,0,0,0,0,0,0,0,0,
Trent Burgoyne,POR,MID,123900,0,50,0,50,0,0,0,0,0,0,0,0,0,0,0,0,0,
Will Gould,SYD,DEF,123900,0,64,0,64,0,0,0,0,0,0,0,0,0,0,0,0,0,
Will Martyn,RIC,MID,123900,0,50,0,50,0,0,0,0,0,0,0,0,0,0,0,0,0,
Zach Sproule,GWS,FWD,123900,0,50,0,50,0,0,0,0,0,0,0,0,0,0,0,0,0,
Max Holmes,GEE,FWD,121800,0,50,0,50,0,0,0,0,0,0,0,0,0,0,0,0,0,
Max Holmes,GEE,MID,121800,0,50,0,50,0,0,0,0,0,0,0,0,0,0,0,0,0,
Bailey Laurie,MEL,DEF,117300,0,50,0,50,0,0,0,0,0,0,0,0,0,0,0,0,0,
Beau McCreery,COL,DEF,117300,0,50,0,50,0,0,0,0,0,0,0,0,0,0,0,0,0,
Beau McCreery,COL,FWD,117300,0,50,0,50,0,0,0,0,0,0,0,0,0,0,0,0,0,
Brandon Walker,FRE,DEF,117300,0,50,0,50,0,0,0,0,0,0,0,0,0,0,0,0,0,
Brayden Cook,ADE,FWD,117300,0,50,0,50,0,0,0,0,0,0,0,0,0,0,0,0,0,
Caleb Poulter,COL,FWD,117300,0,50,0,50,0,0,0,0,0,0,0,0,0,0,0,0,0,
Cameron Fleeton,GWS,DEF,117300,0,50,0,50,0,0,0,0,0,0,0,0,0,0,0,0,0,
Charlie Lazzaro,NME,FWD,117300,0,50,0,50,0,0,0,0,0,0,0,0,0,0,0,0,0,
Charlie Lazzaro,NME,MID,117300,0,50,0,50,0,0,0,0,0,0,0,0,0,0,0,0,0,
Cody Brand,ESS,DEF,117300,0,50,0,50,0,0,0,0,0,0,0,0,0,0,0,0,0,
Connor Downie,HAW,MID,117300,0,60,0,60,0,0,0,0,0,0,0,0,0,0,0,0,0,
Corey Durdin,CAR,MID,117300,0,50,0,50,0,0,0,0,0,0,0,0,0,0,0,0,0,
Dominic Bedendo,WBD,FWD,117300,0,50,0,50,0,0,0,0,0,0,0,0,0,0,0,0,0,
Eddie Ford,NME,FWD,117300,0,50,0,50,0,0,0,0,0,0,0,0,0,0,0,0,0,
Errol Gulden,SYD,MID,117300,0,50,0,50,0,0,0,0,0,0,0,0,0,0,0,0,0,
Fraser Rosman,MEL,FWD,117300,0,50,0,50,0,0,0,0,0,0,0,0,0,0,0,0,0,
Harry Sharp,BRI,DEF,117300,0,50,0,50,0,0,0,0,0,0,0,0,0,0,0,0,0,
Henry Smith,BRI,MID,117300,0,50,0,50,0,0,0,0,0,0,0,0,0,0,0,0,0,
Henry Smith,BRI,RUC,117300,0,50,0,50,0,0,0,0,0,0,0,0,0,0,0,0,0,
Isiah Winder,WCE,MID,117300,0,50,0,50,0,0,0,0,0,0,0,0,0,0,0,0,0,
Isiah Winder,WCE,DEF,117300,0,50,0,50,0,0,0,0,0,0,0,0,0,0,0,0,0,
Jacob Wehr,GWS,DEF,117300,0,55,0,55,0,0,0,0,0,0,0,0,0,0,0,0,0,
Jake Bowey,MEL,FWD,117300,0,50,0,50,0,0,0,0,0,0,0,0,0,0,0,0,0,
James Rowe,ADE,FWD,117300,0,60,0,60,0,0,0,0,0,0,0,0,0,0,0,0,0,
Joel Western,FRE,MID,117300,0,50,0,50,0,0,0,0,0,0,0,0,0,0,0,0,0,
Joshua Eyre,ESS,FWD,117300,0,50,0,50,0,0,0,0,0,0,0,0,0,0,0,0,0,
Joshua Eyre,ESS,DEF,117300,0,50,0,50,0,0,0,0,0,0,0,0,0,0,0,0,0,
Liam McMahon,COL,FWD,117300,0,50,0,50,0,0,0,0,0,0,0,0,0,0,0,0,0,
Luke Edwards,WCE,MID,117300,0,50,0,50,0,0,0,0,0,0,0,0,0,0,0,0,0,
Matthew Allison,STK,FWD,117300,0,50,0,50,0,0,0,0,0,0,0,0,0,0,0,0,0,
Maurice Rioli,RIC,FWD,117300,0,50,0,50,0,0,0,0,0,0,0,0,0,0,0,0,0,
Nathan O'Driscoll,FRE,MID,117300,0,50,0,50,0,0,0,0,0,0,0,0,0,0,0,0,0,
Ollie Lord,POR,FWD,117300,0,50,0,50,0,0,0,0,0,0,0,0,0,0,0,0,0,
Phoenix Spicer,NME,FWD,117300,0,50,0,50,0,0,0,0,0,0,0,0,0,0,0,0,0,
Reef McInnes,COL,FWD,117300,0,50,0,50,0,0,0,0,0,0,0,0,0,0,0,0,0,
Reef McInnes,COL,MID,117300,0,50,0,50,0,0,0,0,0,0,0,0,0,0,0,0,0,
Sam Berry,ADE,MID,117300,0,50,0,50,0,0,0,0,0,0,0,0,0,0,0,0,0,
Samson Ryan,RIC,RUC,117300,0,50,0,50,0,0,0,0,0,0,0,0,0,0,0,0,0,
Seamus Mitchell,HAW,FWD,117300,0,50,0,50,0,0,0,0,0,0,0,0,0,0,0,0,0,
Shannon Neale,GEE,RUC,117300,0,50,0,50,0,0,0,0,0,0,0,0,0,0,0,0,0,
Thomas Highmore,STK,DEF,117300,0,55,0,55,0,0,0,0,0,0,0,0,0,0,0,0,0,
Tyler Brockman,HAW,FWD,117300,0,50,0,50,0,0,0,0,0,0,0,0,0,0,0,0,0,
Blake Coleman,BRI,DEF,117200,0,50,0,50,0,0,0,0,0,0,0,0,0,0,0,0,0,
Blake Coleman,BRI,FWD,117200,0,50,0,50,0,0,0,0,0,0,0,0,0,0,0,0,0,
Corey Durdin,CAR,FWD,117200,0,50,0,50,0,0,0,0,0,0,0,0,0,0,0,0,0,
Jack Carroll,CAR,FWD,117200,0,50,0,50,0,0,0,0,0,0,0,0,0,0,0,0,0,
Jack Carroll,CAR,MID,117200,0,50,0,50,0,0,0,0,0,0,0,0,0,0,0,0,0,
Nick Stevens,GEE,DEF,117200,0,50,0,50,0,0,0,0,0,0,0,0,0,0,0,0,0,
Aiden Fyfe,GCS,DEF,102400,0,45,0,45,0,0,0,0,0,0,0,0,0,0,0,0,0,
Alex Davies,GCS,MID,102400,0,50,0,50,0,0,0,0,0,0,0,0,0,0,0,0,0,
Alex Waterman,ESS, FWD,102400,0,62,0,62,0,0,0,0,0,0,0,0,0,0,0,0,0,
Carter Michael,BRI,MID,102400,0,45,0,45,0,0,0,0,0,0,0,0,0,0,0,0,0,
Deividas Uosis,BRI,DEF,102400,0,45,0,45,0,0,0,0,0,0,0,0,0,0,0,0,0,
Hawego Paul Oea,GCS,MID,102400,0,45,0,45,0,0,0,0,0,0,0,0,0,0,0,0,0,
Jack Ginnivan,COL,MID,102400,0,45,0,45,0,0,0,0,0,0,0,0,0,0,0,0,0,
Jack Ginnivan,COL,FWD,102400,0,45,0,45,0,0,0,0,0,0,0,0,0,0,0,0,0,
Jack Saunders,HAW,FWD,102400,0,45,0,45,0,0,0,0,0,0,0,0,0,0,0,0,0,
Jack Saunders,HAW,MID,102400,0,45,0,45,0,0,0,0,0,0,0,0,0,0,0,0,0,
James Borlase,ADE,DEF,102400,0,45,0,45,0,0,0,0,0,0,0,0,0,0,0,0,0,
Joel Jeffrey,GCS,DEF,102400,0,45,0,45,0,0,0,0,0,0,0,0,0,0,0,0,0,
Joel Jeffrey,GCS,FWD,102400,0,45,0,45,0,0,0,0,0,0,0,0,0,0,0,0,0,
Lachlan McNeil,WBD,MID,102400,0,45,0,45,0,0,0,0,0,0,0,0,0,0,0,0,0,
Luke Parks,CAR,DEF,102400,0,45,0,45,0,0,0,0,0,0,0,0,0,0,0,0,0,
Malachy Carruthers,SYD,DEF,102400,0,45,0,45,0,0,0,0,0,0,0,0,0,0,0,0,0,
Marc Sheather,SYD,FWD,102400,0,45,0,45,0,0,0,0,0,0,0,0,0,0,0,0,0,
Mate Colina,RIC,RUC,102400,0,45,0,45,0,0,0,0,0,0,0,0,0,0,0,0,0,
Patrick Walker,NME,DEF,102400,0,45,0,45,0,0,0,0,0,0,0,0,0,0,0,0,0,
Paul Tsapatolis,GEE,RUC,102400,0,45,0,45,0,0,0,0,0,0,0,0,0,0,0,0,0,
Rhys Nicholls,GCS,DEF,102400,0,45,0,45,0,0,0,0,0,0,0,0,0,0,0,0,0,
Taj Schofield,POR,MID,102400,0,45,0,45,0,0,0,0,0,0,0,0,0,0,0,0,0,
Tariek Newchurch,ADE,MID,102400,0,45,0,45,0,0,0,0,0,0,0,0,0,0,0,0,0,
Will Shaw,GWS,DEF,102400,0,45,0,45,0,0,0,0,0,0,0,0,0,0,0,0,0,
Zane Trew,WCE,MID,102400,0,45,0,45,0,0,0,0,0,0,0,0,0,0,0,0,0,
Isaac Chugg,COL,FWD,102400,0,55,0,55,0,0,0,0,0,0,0,0,0,0,0,0,0,
Finlay Macrae,COL,FWD,126300,0,58,0,58,0,0,0,0,0,0,0,0,0,0,0,0,0,
Mark Hutchings,WCE,FWD,157600,0,60,0,60,0,0,0,0,0,0,0,0,0,0,0,0,0,
Josh Treacy,FRE,FWD,102400,0,68,0,68,0,0,0,0,0,0,0,0,0,0,0,0,0,
Tom Fullarton,BRI,RUC,128900,0,60,0,60,0,0,0,0,0,0,0,0,0,0,0,0,0,
Heath Chapman,FRE,DEF,148800,0,60,0,60,0,0,0,0,0,0,0,0,0,0,0,0,0,
Isaac Chugg,COL,DEF,102400,0,55,0,55,0,0,0,0,0,0,0,0,0,0,0,0,0,
Finlay Macrae,COL,MID,126300,0,58,0,58,0,0,0,0,0,0,0,0,0,0,0,0,0,
Luke Valente,FRE,MID,123900,0,55,0,55,0,0,0,0,0,0,0,0,0,0,0,0,0,
Mark Hutchings,WCE,MID,157600,0,60,0,60,0,0,0,0,0,0,0,0,0,0,0,0,0,
Josh Treacy,FRE,RUC,102400,0,68,0,68,0,0,0,0,0,0,0,0,0,0,0,0,0,
Will Kelly,COL,FWD,135400,0,60,0,60,0,0,0,0,0,0,0,0,0,0,0,0,0,
Tom Fullarton,BRI,FWD,128900,0,60,0,60,0,0,0,0,0,0,0,0,0,0,0,0,0,
