,Name,Team,Position,proj_score,proj_salary,Price,value,2020_Games,2020_Average,talent,opportunity,durability,form,consistency,weighted_talent,weighted_opportunity,weighted_durability,weighted_form,weighted_consistency,manual_weight,updated_proj
1,Max Gawn,MEL,RUC,136,728709,751400,-22691,14,139.9,138.86,9.3625,82.35,134.33,0.86,20,12.65,6.59,8,4.58,0,136
2,Lachie Neale,BRI,MID,134,718162,721800,-3638,17,134.4,132.74,9.62,100,112.86,0.79,19.12,13,8,6.75,4.2,0,134
3,Jake Lloyd,SYD,DEF,131,701006,656400,44606,17,122.2,121.18,8.82,100,125.4,0.94,17.45,11.92,8,7.48,5,0,131
4,Brodie Grundy,COL,RUC,126,676960,648200,28760,17,120.6,128.85,7.9625,100,106,0.84,18.56,10.76,8,6.35,4.47,0,126
5,Clayton Oliver,MEL,MID,124,667257,656700,10557,17,122.2,121.24,8.43,100,109.5,0.76,17.46,11.39,8,6.56,4.04,0,124
6,Matt Crouch,ADE,MID,124,663460,594700,68760,16,110.7,109.69,9.25,94.12,128.8,0.69,15.8,12.5,7.53,7.68,3.67,0,124
7,Jack Steele,STK,MID,123,661632,658000,3632,17,122.5,119.58,7.51,100,129.86,0.74,17.22,10.15,8,7.74,3.94,,123
8,Zach Merrett,ESS,MID,123,660929,620900,40029,16,115.6,114.56,8.68,94.12,127,0.69,16.5,11.73,7.53,7.57,3.67,-1,122
9,Tom Mitchell,HAW,MID,122,653054,610000,43054,17,113.5,123.04,8.01,100,107.4,0.65,17.72,10.83,8,6.43,3.46,-3,119
10,Jack Macrae,WBD,MID,121,650944,650100,844,17,121,120.44,8.52,100,97.6,0.67,17.35,11.51,8,5.86,3.57,-1,120
11,Christian Petracca,MEL,MID,120,647007,631400,15607,17,117.5,116.53,7.94,100,107.67,0.76,16.79,10.73,8,6.45,4.04,0,120
12,Patrick Dangerfield,GEE,MID,119,637445,611900,25545,17,113.9,125.12,6.69,100,116.56,0.62,18.02,9.04,8,6.97,3.3,0,119
13,Patrick Dangerfield,GEE,FWD,119,637445,611900,25545,17,113.9,125.12,6.69,100,116.56,0.62,18.02,9.04,8,6.97,3.3,0,119
14,Todd Goldstein,NME,RUC,118,631257,601700,29557,17,112,112.88,8.715,100,84,0.71,16.26,11.78,8,5.07,3.78,-3,115
15,Andrew Gaff,WCE,MID,117,628585,570800,57785,17,106.2,104.94,8.48,100,114.83,0.61,15.12,11.46,8,6.87,3.25,0,117
16,Reilly O'Brien,ADE,RUC,116,624367,570800,53567,17,106.2,105.24,8.4525,100,111.6,0.59,15.16,11.42,8,6.68,3.14,0,116
17,Jarryd Lyons,BRI,MID,115,620289,604600,15689,17,112.5,109.58,7.74,100,98.71,0.74,15.78,10.46,8,5.93,3.94,0,115
18,Taylor Adams,COL,MID,115,620007,588800,31207,17,109.6,109.63,7.19,100,106.43,0.79,15.79,9.72,8,6.38,4.2,-3,112
19,Rory Laird,ADE,DEF,115,615929,564800,51129,17,105.1,104.12,8.1,100,117.6,0.53,15,10.95,8,7.03,2.82,0,115
20,Rory Laird,ADE,MID,115,615929,564800,51129,17,105.1,104.12,8.1,100,117.6,0.53,15,10.95,8,7.03,2.82,0,115
21,Luke Parker,SYD,MID,115,615226,571100,44126,17,106.3,105.29,7.57,100,109.8,0.71,15.17,10.23,8,6.57,3.78,0,115
22,Lachie Whitfield,GWS,DEF,114,612554,561600,50954,17,104.5,104.1,7.69,100,117.6,0.59,15,10.39,8,7.03,3.14,-12,112
23,Nat Fyfe,FRE,MID,114,610164,608300,1864,14,113.2,118.36,7.12,82.35,112.4,0.64,17.05,9.62,6.59,6.72,3.41,-1,113
24,Marcus Bontempelli,WBD,MID,113,609461,623900,-14439,17,116.1,112.68,6.74,100,112.8,0.61,16.23,9.11,8,6.75,3.25,0,113
25,Travis Boak,POR,MID,113,609461,590400,19061,17,109.9,107.47,7.43,100,112.5,0.58,15.48,10.04,8,6.73,3.09,0,113
26,Rowan Marshall,STK,RUC,113,607773,557200,50573,17,103.7,105.64,8.3825,100,102.86,0.47,15.22,11.33,8,6.17,2.5,-50,63
27,Josh Kelly,GWS,MID,113,606508,615600,-9092,14,114.6,113.57,7.39,82.35,107,0.71,16.36,9.99,6.59,6.41,3.78,-1,112
28,Sam Menegola,GEE,MID,112,602429,579000,23429,17,107.8,105.71,6.83,100,110.33,0.71,15.23,9.23,8,6.6,3.78,0,112
29,Nic Naitanui,WCE,RUC,112,599055,593700,5355,16,110.5,110.41,6.895,94.12,112.2,0.59,15.9,9.32,7.53,6.71,3.14,-2,110
30,Dustin Martin,RIC,MID,111,598773,541600,57173,16,100.8,112.89,7.12,94.12,108.67,0.5,16.26,9.62,7.53,6.51,2.66,0,111
31,Dustin Martin,RIC,FWD,111,598773,541600,57173,16,100.8,112.89,7.12,94.12,108.67,0.5,16.26,9.62,7.53,6.51,2.66,0,111
32,Mitch Duncan,GEE,MID,111,598070,556700,41370,16,103.6,107.75,6.56,94.12,110.56,0.75,15.52,8.87,7.53,6.62,3.99,-2,109
33,Tom Rockliff,POR,MID,111,597508,573000,24508,14,106.6,106.12,7.39,82.35,122.67,0.62,15.29,9.99,6.59,7.32,3.3,0,111
34,Touk Miller,GCS,MID,110,593430,569200,24230,17,105.9,104.94,7.01,100,102.4,0.65,15.12,9.48,8,6.14,3.46,0,110
35,Sam Walsh,CAR,MID,110,591461,543300,48161,17,101.1,100.12,7.3,100,121.8,0.47,14.42,9.87,8,7.27,2.5,0,110
36,Caleb Daniel,WBD,DEF,109,587523,545500,42023,17,101.5,103.44,6.51,100,118.8,0.56,14.9,8.8,8,7.1,2.98,0,109
37,Tim English,WBD,RUC,109,587523,551200,36323,17,102.6,101.06,7.595,100,105,0.5,14.56,10.27,8,6.29,2.66,0,109
38,Cameron Guthrie,GEE,MID,109,585273,554700,30573,17,103.2,102.43,6.87,100,109.11,0.57,14.76,9.29,8,6.53,3.04,0,109
39,Luke Ryan,FRE,DEF,109,583867,576500,7367,17,107.3,105.71,6.2,100,102.2,0.71,15.23,8.38,8,6.13,3.78,0,109
40,Lachie Hunter,WBD,MID,108,581617,618500,-36883,9,115.1,110.9,8.16,52.94,115.75,0.6,15.97,11.03,4.24,6.92,3.2,0,108
41,Jed Anderson,NME,MID,108,581336,562300,19036,15,104.7,103.67,7,88.24,118.4,0.53,14.93,9.46,7.06,7.07,2.82,0,108
42,Patrick Cripps,CAR,MID,108,577961,523700,54261,17,97.5,112.58,6.99,100,81.6,0.47,16.22,9.45,8,4.93,2.5,0,108
43,Stephen Coniglio,GWS,MID,107,576977,528900,48077,16,98.4,105.88,7.06,94.12,95.25,0.56,15.25,9.54,7.53,5.73,2.98,0,107
44,Tom Liberatore,WBD,MID,107,576555,569900,6655,15,106.1,104,6.7,88.24,115.8,0.56,14.98,9.06,7.06,6.92,2.98,0,107
45,Hugh Greenwood,GCS,MID,107,576414,567300,9114,17,105.6,104.59,6.22,100,111.8,0.53,15.07,8.41,8,6.69,2.82,0,107
46,Hugh McCluggage,BRI,MID,107,575008,545500,29508,17,101.5,102.16,6.68,100,105.43,0.53,14.72,9.03,8,6.32,2.82,0,107
47,Ollie Wines,POR,MID,107,573180,560600,12580,15,104.3,103.24,7.07,88.24,107.67,0.53,14.87,9.56,7.06,6.45,2.82,0,107
48,Scott Pendlebury,COL,MID,106,568117,592200,-24083,13,110.2,107.83,7.47,76.47,102.6,0.47,15.53,10.1,6.12,6.15,2.5,0,106
49,Dylan Shiel,ESS,MID,105,566571,548000,18571,15,102,101,7.65,88.24,97.17,0.47,14.55,10.34,7.06,5.84,2.5,0,105
50,Steele Sidebottom,COL,MID,105,562352,588000,-25648,9,109.4,108.44,7.52,52.94,117,0.56,15.62,10.16,4.24,6.99,2.98,0,105
51,Steele Sidebottom,COL,FWD,105,562352,588000,-25648,9,109.4,108.44,7.52,52.94,117,0.56,15.62,10.16,4.24,6.99,2.98,0,105
52,Luke McDonald,NME,DEF,104,559258,512900,46358,17,95.5,94.47,6.74,100,114.8,0.41,13.61,9.11,8,6.86,2.19,0,104
53,Andrew Brayshaw,FRE,MID,104,557852,544200,13652,17,101.3,99.71,6.63,100,91.8,0.53,14.36,8.96,8,5.53,2.82,0,104
54,Adam Treloar,WBD,MID,104,556586,587600,-31014,8,109.4,110.23,8.54,47.06,86,0.6,15.88,11.54,3.77,5.19,3.2,-2,102
55,Jeremy Howe,COL,DEF,103,555743,517900,37843,4,120.5,119.5,6.83,23.53,120.5,0.75,17.21,9.23,1.89,7.2,3.99,0,103
56,Jordan Ridley,ESS,DEF,103,555602,547700,7902,17,101.9,100.94,5.91,100,97.17,0.59,14.54,7.99,8,5.84,3.14,0,103
57,Tom Stewart,GEE,DEF,103,555461,538000,17461,14,100.1,100.06,6.16,82.35,110.33,0.67,14.41,8.33,6.59,6.6,3.57,0,103
58,Adam Saad,CAR,DEF,103,553211,526200,27011,17,97.9,96.94,6.24,100,96.33,0.59,13.97,8.44,8,5.79,3.14,0,103
59,Tim Kelly,WCE,MID,103,551383,517400,33983,17,96.3,94.72,7.01,100,100,0.39,13.65,9.48,8,6,2.08,0,103
60,Callum Mills,SYD,DEF,103,550540,544800,5740,15,101.4,100.4,6.17,88.24,108,0.53,14.46,8.34,7.06,6.47,2.82,0,103
61,Jayden Short,RIC,DEF,102,550399,519300,31099,17,96.6,97.33,6.56,100,99.33,0.43,14.02,8.87,8,5.96,2.29,0,102
62,Jack Crisp,COL,DEF,102,547446,533200,14246,17,99.2,97.16,6.07,100,108.29,0.42,14,8.21,8,6.48,2.24,0,102
63,Trent Dumont,NME,MID,101,545055,543300,1755,17,101.2,100.24,6.7,100,89.4,0.35,14.44,9.06,8,5.39,1.87,0,101
64,Shaun Higgins,GEE,MID,101,544352,510400,33952,17,95,97.2,7.12,100,81,0.41,14,9.62,8,4.9,2.19,0,101
65,Josh P. Kennedy,SYD,MID,101,541399,513500,27899,12,95.6,102.63,7.06,70.59,105,0.42,14.78,9.54,5.65,6.29,2.24,0,101
66,Jy Simpkin,NME,MID,101,539993,499700,40293,17,93,92,6.74,100,86.6,0.53,13.25,9.11,8,5.22,2.82,0,101
67,Rowan Marshall,STK,FWD,113,607773,557200,50573,17,103.7,105.64,8.3825,100,102.86,0.47,15.22,11.33,8,6.17,2.5,-50,63
68,Bailey Smith,WBD,MID,100,539290,494600,44690,17,92.1,90.89,6.85,100,88.6,0.5,13.09,9.26,8,5.34,2.66,0,100
69,Sam Docherty,CAR,DEF,100,538868,496000,42868,16,92.3,104.46,6.62,94.12,85,0.31,15.05,8.95,7.53,5.13,1.66,0,100
70,Ed Curnow,CAR,MID,100,538727,512600,26127,17,95.4,95.48,6.69,100,93.8,0.35,13.76,9.04,8,5.64,1.87,0,100
71,Dayne Zorko,BRI,MID,100,538587,525800,12787,15,97.9,101.92,6.02,88.24,93,0.53,14.68,8.14,7.06,5.6,2.82,0,100
72,Dayne Zorko,BRI,FWD,100,538587,525800,12787,15,97.9,101.92,6.02,88.24,93,0.53,14.68,8.14,7.06,5.6,2.82,0,100
73,Jack Viney,MEL,MID,100,538305,534900,3405,16,99.6,98.56,6.7,94.12,90.6,0.38,14.2,9.06,7.53,5.46,2.03,0,100
74,Steven May,MEL,DEF,100,537321,507900,29421,17,94.5,93.53,5.4,100,110.67,0.53,13.47,7.3,8,6.62,2.82,0,100
75,Josh Dunkley,WBD,MID,100,537321,560200,-22879,11,104.3,113.24,5.86,64.71,109.6,0.42,16.31,7.92,5.18,6.56,2.24,0,100
76,Josh Dunkley,WBD,FWD,100,537321,560200,-22879,11,104.3,113.24,5.86,64.71,109.6,0.42,16.31,7.92,5.18,6.56,2.24,0,100
77,David Mundy,FRE,MID,100,537180,502000,35180,16,93.4,96.4,6.06,94.12,104,0.44,13.89,8.19,7.53,6.24,2.35,0,100
78,Brayden Maynard,COL,DEF,99,533946,549900,-15954,17,102.4,95.84,5.87,100,89.71,0.53,13.81,7.94,8,5.4,2.82,0,99
79,Harry Perryman,GWS,MID,99,532259,505000,27259,16,94,93,6.16,94.12,98.75,0.5,13.4,8.33,7.53,5.93,2.66,0,99
80,Tom Hawkins,GEE,FWD,99,530290,568600,-38310,17,105.8,105.43,3.97,100,101.89,0.57,15.19,5.37,8,6.11,3.04,0,99
81,Jacob Hopper,GWS,MID,98,528180,488600,39580,17,90.9,93.2,6.44,100,97.8,0.29,13.43,8.71,8,5.87,1.55,0,98
82,Andrew McGrath,ESS,MID,97,521149,510000,11149,14,94.9,93.93,7.32,82.35,78.67,0.43,13.53,9.89,6.59,4.76,2.29,0,97
83,Michael Walters,FRE,MID,97,521009,531100,-10091,14,98.9,99.67,5.88,82.35,84.67,0.57,14.36,7.95,6.59,5.11,3.04,-1,96
84,Michael Walters,FRE,FWD,97,521009,531100,-10091,14,98.9,99.67,5.88,82.35,84.67,0.57,14.36,7.95,6.59,5.11,3.04,-1,96
85,Shannon Hurn,WCE,DEF,97,520868,477800,43068,16,88.9,99.74,5.57,94.12,101,0.29,14.37,7.53,7.53,6.06,1.55,0,97
86,Nick Haynes,GWS,DEF,97,520727,528400,-7673,17,98.4,97.35,5.36,100,81.8,0.53,14.02,7.25,8,4.94,2.82,0,97
87,Marc Murphy,CAR,MID,97,520446,444700,75746,17,82.8,98.88,6.55,100,76.6,0.24,14.24,8.85,8,4.64,1.28,-10,87
88,Robbie Gray,POR,FWD,97,519884,491100,28784,17,91.4,95.3,5.37,100,104.67,0.32,13.73,7.26,8,6.27,1.71,0,97
89,Ed Langdon,MEL,MID,97,519743,487300,32443,17,90.7,89.71,6.77,100,93.33,0.24,12.92,9.15,8,5.61,1.28,0,97
90,Jarrod Witts,GCS,RUC,96,517774,501600,16174,17,93.4,95.62,6.16,100,85.6,0.29,13.78,8.33,8,5.16,1.55,0,96
91,Luke Shuey,WCE,MID,96,516790,508600,8190,12,94.7,99.19,6.61,70.59,82.67,0.54,14.29,8.94,5.65,4.99,2.88,0,96
92,Elliot Yeo,WCE,MID,96,515806,483000,32806,10,89.9,102.88,6.71,58.82,89.9,0.5,14.82,9.07,4.71,5.42,2.66,-10,86
93,Daniel Rich,BRI,DEF,96,513556,483100,30456,13,89.9,92.46,6.11,76.47,118.25,0.33,13.32,8.26,6.12,7.06,1.76,0,96
94,Brad Crouch,STK,MID,96,512993,448600,64393,12,83.5,95.12,7.79,70.59,80,0.33,13.7,10.53,5.65,4.84,1.76,-20,76
95,Jack Billings,STK,MID,95,512712,514800,-2088,17,95.8,92.42,6.35,100,80.29,0.32,13.31,8.58,8,4.86,1.71,0,95
96,Christian Salem,MEL,DEF,95,510603,469100,41503,16,87.3,87.45,6.34,94.12,92.67,0.38,12.6,8.57,7.53,5.58,2.03,0,95
97,Devon Smith,ESS,MID,95,510321,458000,52321,16,85.2,92.33,6.01,94.12,94.2,0.31,13.3,8.13,7.53,5.67,1.66,0,95
98,Adam Cerra,FRE,MID,95,509196,484800,24396,17,90.2,88.76,5.79,100,100.6,0.29,12.79,7.83,8,6.04,1.55,0,95
99,Dan Houston,POR,DEF,95,508634,489300,19334,15,91.1,90.53,5.58,88.24,105.75,0.41,13.04,7.54,7.06,6.34,2.19,0,95
100,James Sicily,HAW,DEF,94,505962,552900,-46938,11,102.9,101.18,5.66,64.71,102.9,0.45,14.58,7.65,5.18,6.17,2.4,-20,74
101,Scott Lycett,POR,RUC,94,504415,520700,-16285,13,96.9,98.39,6.23,76.47,89.67,0.33,14.17,8.42,6.12,5.4,1.76,0,94
102,Will Setterfield,CAR,MID,94,502306,481900,20406,16,89.7,88.69,5.42,94.12,100.75,0.38,12.78,7.33,7.53,6.05,2.03,0,94
103,Rhys Stanley,GEE,RUC,93,501181,551900,-50719,7,102.7,97.45,7.2275,41.18,102.17,0.45,14.04,9.77,3.3,6.13,2.4,0,93
104,Brad Sheppard,WCE,DEF,93,501040,492700,8340,17,91.7,88.89,5.55,100,86.83,0.39,12.81,7.5,8,5.24,2.08,0,93
105,Dom Sheed,WCE,MID,93,500478,478500,21978,16,89.1,88.96,6.9,94.12,71.8,0.29,12.82,9.33,7.53,4.36,1.55,0,93
106,Darcy Parish,ESS,MID,93,498650,465800,32850,17,86.7,85.71,6.34,100,92.5,0.18,12.35,8.57,8,5.57,0.97,0,93
107,Sebastian Ross,STK,MID,93,497665,417900,79765,14,77.8,99.13,6.13,82.35,86.4,0.19,14.28,8.29,6.59,5.21,1.02,0,93
108,Joel Selwood,GEE,MID,93,497103,445000,52103,11,82.8,105.08,5.54,64.71,96.2,0.33,15.14,7.49,5.18,5.78,1.76,0,93
109,Jaeger O'Meara,HAW,MID,92,495978,488000,7978,12,90.8,89.5,6.62,70.59,92,0.42,12.89,8.95,5.65,5.54,2.24,0,92
110,Mark Blicavs,GEE,DEF,92,495837,531600,-35763,17,98.9,95.62,4.03,100,95.56,0.43,13.78,5.45,8,5.74,2.29,-1,91
111,Mark Blicavs,GEE,MID,92,495837,531600,-35763,17,98.9,95.62,4.03,100,95.56,0.43,13.78,5.45,8,5.74,2.29,-1,91
112,James Worpel,HAW,MID,92,495134,474200,20934,15,88.3,95.71,6.08,88.24,84,0.2,13.79,8.22,7.06,5.07,1.07,0,92
113,Zak Jones,STK,MID,91,490493,494700,-4207,14,92.1,87.25,6.5,82.35,81,0.38,12.57,8.79,6.59,4.9,2.03,0,91
114,Jordan Dawson,SYD,DEF,91,488525,485700,2825,16,85.4,84.38,5.55,94.12,98,0.31,12.16,7.5,7.53,5.89,1.66,0,91
115,Brodie Smith,ADE,DEF,91,486837,438200,48637,16,81.6,84.92,6.08,94.12,82.5,0.31,12.23,8.22,7.53,4.98,1.66,0,91
116,Brodie Smith,ADE,MID,91,486837,438200,48637,16,81.6,84.92,6.08,94.12,82.5,0.31,12.23,8.22,7.53,4.98,1.66,0,91
117,Tim Taranto,GWS,MID,90,485853,453700,32153,11,84.5,100.57,6.46,64.71,77.8,0.27,14.49,8.73,5.18,4.71,1.44,8,98
118,Lachie Weller,GCS,MID,90,485431,436500,48931,17,81.2,84.32,5.92,100,79.6,0.29,12.15,8,8,4.82,1.55,0,90
119,Liam Duggan,WCE,DEF,90,485290,448600,36690,16,83.5,82.29,5.77,94.12,96,0.29,11.86,7.8,7.53,5.77,1.55,4,94
120,Jarrod Berry,BRI,MID,90,485290,521500,-36210,15,97.1,89.76,5.7,88.24,81.8,0.35,12.93,7.71,7.06,4.94,1.87,0,90
121,Jared Polec,NME,MID,90,483322,477800,5522,13,88.9,87.92,6.41,76.47,94.5,0.23,12.67,8.67,6.12,5.68,1.23,0,90
122,Rory Sloane,ADE,MID,90,483040,471900,11140,12,87.8,104.19,5.6,70.59,86.33,0.17,15.01,7.57,5.65,5.21,0.91,0,90
123,Bachar Houli,RIC,DEF,90,481072,465600,15472,9,86.7,105.17,6.41,52.94,74,0.31,15.15,8.67,4.24,4.49,1.66,0,90
124,Toby Nankervis,RIC,RUC,89,479384,442900,36484,7,82.4,92.91,6.9125,41.18,102.4,0.36,13.39,9.34,3.3,6.14,1.92,6,95
125,Trent Cotchin,RIC,MID,89,479244,443500,35744,13,82.5,94.29,6.3,76.47,75.5,0.24,13.58,8.52,6.12,4.58,1.28,0,89
126,Rory Lobb,FRE,RUC,89,478540,415000,63540,17,77.2,84.07,5.9325,100,76.2,0.24,12.11,8.02,8,4.62,1.28,0,89
127,Darcy Byrne-Jones,POR,DEF,89,477978,441800,36178,17,82.2,87,5.47,100,86.17,0.16,12.53,7.4,8,5.2,0.86,0,89
128,David Swallow,GCS,MID,89,477978,438400,39578,15,81.6,86.12,6.31,88.24,87.75,0.13,12.41,8.53,7.06,5.29,0.7,0,89
129,Ben McEvoy,HAW,RUC,89,477837,456000,21837,16,84.9,94.79,4.9,94.12,79.75,0.25,13.66,6.63,7.53,4.82,1.34,0,89
130,Brandon Ellis,GCS,MID,89,477275,450600,26675,16,83.9,82.88,6.42,94.12,78.8,0.19,11.94,8.68,7.53,4.77,1.02,0,89
131,Robbie Tarrant,NME,DEF,89,477134,463100,14034,16,86.2,85.19,5.21,94.12,90,0.31,12.27,7.05,7.53,5.42,1.66,0,89
132,Shai Bolton,RIC,MID,88,474322,462400,11922,15,86.1,84.84,5.46,88.24,88.88,0.32,12.22,7.38,7.06,5.36,1.71,0,88
133,Shai Bolton,RIC,FWD,88,474322,462400,11922,15,86.1,84.84,5.46,88.24,88.88,0.32,12.22,7.38,7.06,5.36,1.71,0,88
134,Oscar McInerney,BRI,RUC,88,473056,443400,29656,17,82.5,82.21,5.4775,100,82.71,0.26,11.84,7.41,8,5,1.39,0,88
135,Zac Williams,CAR,DEF,88,471791,458600,13191,11,85.4,98.62,5.66,64.71,75.75,0.36,14.21,7.65,5.18,4.59,1.92,6,94
136,Nick Vlastuin,RIC,DEF,88,470806,483500,-12694,16,90,88.62,4.7,94.12,81.89,0.35,12.77,6.36,7.53,4.95,1.87,0,88
137,Ben Keays,ADE,MID,88,470806,436200,34606,16,81.2,80.19,5.86,94.12,85.2,0.25,11.55,7.92,7.53,5.14,1.34,0,88
138,Bailey Williams,WBD,DEF,88,470384,452600,17784,17,84.2,84.39,5.34,100,80.8,0.22,12.16,7.22,8,4.89,1.18,0,88
139,Kyle Langford,ESS,MID,88,470384,436900,33484,16,81.3,80.31,5.95,94.12,87.67,0.19,11.57,8.04,7.53,5.29,1.02,0,88
140,Kyle Langford,ESS,FWD,88,470384,436900,33484,16,81.3,80.31,5.95,94.12,87.67,0.19,11.57,8.04,7.53,5.29,1.02,0,88
141,Liam Shiels,HAW,MID,87,469400,420100,49300,16,78.2,84.84,5.68,94.12,76,0.25,12.22,7.68,7.53,4.61,1.34,0,87
142,Jack Bowes,GCS,DEF,87,467994,451300,16694,17,84,83,5.98,100,70.2,0.18,11.96,8.08,8,4.27,0.97,0,87
143,Angus Brayshaw,MEL,MID,87,467713,435200,32513,14,81,91.79,5.61,82.35,78.33,0.21,13.22,7.59,6.59,4.74,1.12,0,87
144,Hunter Clark,STK,DEF,87,467431,438900,28531,16,81.7,80.28,5.89,94.12,77.33,0.28,11.57,7.96,7.53,4.68,1.5,0,87
145,Noah Anderson,GCS,MID,86,463775,411500,52275,17,76.6,75.59,5.79,100,87.8,0.18,10.89,7.83,8,5.29,0.97,0,86
146,Dane Rampe,SYD,DEF,86,463213,492300,-29087,11,91.6,94.19,5,64.71,91.6,0.36,13.57,6.76,5.18,5.51,1.92,0,86
147,Kane Lambert,RIC,FWD,86,461947,445900,16047,16,83,83.24,5.38,94.12,78,0.25,11.99,7.27,7.53,4.72,1.34,0,86
148,Chad Wingard,HAW,FWD,86,459978,452300,7678,17,84.2,83.18,4.67,100,80.4,0.29,11.98,6.32,8,4.86,1.55,-2,84
149,Liam Ryan,WCE,FWD,86,459697,409600,50097,17,76.2,77.33,3.76,100,106.5,0.39,11.14,5.09,8,6.38,2.08,0,86
150,Mitch Robinson,BRI,MID,86,459416,418800,40616,17,77.9,90.67,4.91,100,72.14,0.11,13.06,6.64,8,4.38,0.59,0,86
151,Zak Butters,POR,FWD,85,458572,471400,-12828,15,87.7,84.82,4.73,88.24,83.75,0.35,12.22,6.4,7.06,5.06,1.87,0,85
152,Josh Daicos,COL,MID,85,458572,442200,16372,16,82.3,79.22,5.5,94.12,83.57,0.22,11.41,7.44,7.53,5.05,1.18,0,85
153,Jack Lukosius,GCS,DEF,85,458150,430800,27350,17,80.2,79.18,5.73,100,68,0.24,11.41,7.75,8,4.14,1.28,0,85
154,Tom Lynch,ADE,FWD,85,456603,407900,48703,13,75.9,81.69,6.04,76.47,93,0.15,11.77,8.17,6.12,5.6,0.81,0,85
155,Alex Witherden,WCE,DEF,85,455760,456100,-340,6,94.3,93.33,6.86,35.29,69,0.5,13.45,9.27,2.83,4.2,2.66,0,85
156,Hamish Hartlett,POR,DEF,84,453228,421900,31328,17,78.5,86.42,4.79,100,73.17,0.16,12.45,6.48,8,4.44,0.86,0,84
157,Sam Petrevski-Seton,CAR,DEF,84,452244,401400,50844,16,74.7,80.17,4.82,94.12,81,0.31,11.55,6.52,7.53,4.9,1.66,0,84
158,Caleb Serong,FRE,MID,84,452244,435600,16644,14,81.1,79.79,5.62,82.35,88.8,0.21,11.5,7.6,6.59,5.35,1.12,0,84
159,Jason Johannisen,WBD,DEF,84,450416,448300,2116,16,83.4,81.71,5.07,94.12,75.75,0.24,11.77,6.86,7.53,4.59,1.28,0,84
160,Nick Coffield,STK,DEF,84,450135,426500,23635,16,79.4,78.94,5.21,94.12,85.29,0.17,11.37,7.05,7.53,5.15,0.91,0,84
161,Trent McKenzie,POR,DEF,84,449572,388300,61272,15,72.3,107,3.75,88.24,72.83,0,15.41,5.07,7.06,4.42,0.01,0,84
162,Toby Greene,GWS,FWD,84,449572,448400,1172,13,83.5,92.19,5.31,76.47,61,0.31,13.28,7.18,6.12,3.73,1.66,0,84
163,Jack Gunston,HAW,FWD,83,447744,438200,9544,16,81.6,88.8,3.57,94.12,94.25,0.19,12.79,4.83,7.53,5.67,1.02,0,83
164,Dion Prestia,RIC,MID,83,446338,446800,-462,5,92.4,101.85,6.74,29.41,83,0.11,14.67,9.11,2.36,5.01,0.59,-4,79
165,Sean Darcy,FRE,RUC,83,444369,420100,24269,15,78.2,76.53,5.215,88.24,89.4,0.2,11.03,7.05,7.06,5.39,1.07,0,83
166,Karl Amon,POR,MID,83,444088,431400,12688,17,80.3,78,5.22,100,77.5,0.11,11.24,7.06,8,4.69,0.59,0,83
167,Jade Gresham,STK,MID,82,442963,438100,4863,11,81.5,81.9,6.03,64.71,81.5,0.27,11.8,8.15,5.18,4.93,1.44,0,82
168,Michael Hurley,ESS,DEF,82,442400,431400,11000,14,80.3,93.52,5.2,82.35,59,0.14,13.47,7.03,6.59,3.62,0.75,0,82
169,Jack Redden,WCE,MID,82,440994,377900,63094,12,70.3,93.85,5.48,70.59,65,0.15,13.52,7.41,5.65,3.97,0.81,0,82
170,Tom Doedee,ADE,DEF,82,440853,457900,-17047,9,85.2,84.22,5.07,52.94,85.2,0.56,12.13,6.86,4.24,5.14,2.98,0,82
171,Charlie Dixon,POR,FWD,82,440291,498700,-58409,16,92.8,87.39,3.06,94.12,87.83,0.33,12.59,4.14,7.53,5.29,1.76,0,82
172,James Harmes,MEL,DEF,82,439869,344700,95169,13,64.2,91.96,4.98,76.47,78.5,0.08,13.25,6.73,6.12,4.75,0.43,0,82
173,Brandan Parfitt,GEE,MID,82,439588,455100,-15512,14,84.7,83.44,4.99,82.35,82.62,0.17,12.02,6.75,6.59,4.99,0.91,0,82
174,Harris Andrews,BRI,DEF,82,439307,469700,-30393,14,87.4,86.56,3.82,82.35,88.75,0.31,12.47,5.17,6.59,5.35,1.66,0,82
175,Jack Graham,RIC,MID,82,438322,446400,-8078,12,83.1,81.12,5.19,70.59,85.29,0.31,11.69,7.02,5.65,5.15,1.66,0,82
176,Ben McEvoy,HAW,DEF,82,437900,456000,-18100,16,84.9,94.79,2.8,94.12,79.75,0.25,13.66,3.79,7.53,4.82,1.34,0,82
177,James Aish,FRE,MID,81,437197,404600,32597,16,75.3,73.94,5.52,94.12,73,0.19,10.65,7.46,7.53,4.43,1.02,0,81
178,Oliver Florent,SYD,MID,81,437057,408300,28757,17,76,75,5.61,100,60.6,0.18,10.81,7.59,8,3.71,0.97,0,81
179,Tom Barrass,WCE,DEF,81,436775,447200,-10425,17,83.2,80.22,3.51,100,87,0.28,11.56,4.75,8,5.25,1.5,0,81
180,Michael Hibberd,MEL,DEF,81,436494,378000,58494,14,70.4,91.1,5.16,82.35,65,0.07,13.12,6.98,6.59,3.97,0.38,0,81
181,Jeremy Cameron,GEE,FWD,81,436494,388100,48394,17,72.2,88,3.47,100,77.4,0.18,12.68,4.7,8,4.69,0.97,0,81
182,Ben Ainsworth,GCS,FWD,81,435650,406300,29350,16,75.6,74.62,4.97,94.12,88.5,0.12,10.75,6.72,7.53,5.33,0.65,0,81
183,Tom Phillips,HAW,MID,81,435650,402600,33050,15,74.9,84.14,5.17,88.24,73,0.07,12.12,6.99,7.06,4.43,0.38,0,81
184,Tom Phillips,HAW,FWD,81,435650,402600,33050,15,74.9,84.14,5.17,88.24,73,0.07,12.12,6.99,7.06,4.43,0.38,0,81
185,Jack Darling,WCE,FWD,81,434947,434900,47,17,80.9,82.31,3.28,100,85,0.28,11.86,4.44,8,5.13,1.5,0,81
186,Zach Tuohy,GEE,MID,81,433541,405100,28441,15,75.4,81.11,5.36,88.24,69.71,0.11,11.69,7.25,7.06,4.24,0.59,0,81
187,Sam Powell-Pepper,POR,MID,81,433541,404500,29041,17,75.3,74.11,4.77,100,75.5,0.21,10.68,6.45,8,4.58,1.12,0,81
188,Sam Powell-Pepper,POR,FWD,81,433541,404500,29041,17,75.3,74.11,4.77,100,75.5,0.21,10.68,6.45,8,4.58,1.12,0,81
189,Callum Sinclair,SYD,RUC,81,433400,414100,19300,13,77.1,87.88,5.4775,76.47,62.5,0.15,12.66,7.41,6.12,3.82,0.81,0,81
190,Harry Cunningham,SYD,DEF,81,432697,410400,22297,17,74.7,77.33,5.08,100,73,0.06,11.14,6.87,8,4.43,0.33,0,81
191,Jeremy McGovern,WCE,DEF,80,431432,462100,-30668,11,86,89,4.57,64.71,85.5,0.25,12.82,6.18,5.18,5.16,1.34,0,80
192,Rory Lobb,FRE,FWD,80,430307,415000,15307,17,77.2,84.07,3.39,100,76.2,0.24,12.11,4.59,8,4.62,1.28,0,80
193,Jack Newnes,CAR,MID,80,430026,401700,28326,17,74.8,73.76,4.62,100,83.6,0.12,10.63,6.25,8,5.05,0.65,0,80
194,Jack Newnes,CAR,FWD,80,430026,401700,28326,17,74.8,73.76,4.62,100,83.6,0.12,10.63,6.25,8,5.05,0.65,0,80
195,Tom Papley,SYD,FWD,80,429885,428600,1285,17,79.8,78.76,4.02,100,74.2,0.24,11.35,5.44,8,4.5,1.28,0,80
196,Marlion Pickett,RIC,MID,80,429885,386500,43385,15,71.9,93,4.21,88.24,62.67,0.11,13.4,5.69,7.06,3.83,0.59,0,80
197,Zac Bailey,BRI,MID,80,429604,420300,9304,17,78.2,74.95,4.8,100,68,0.21,10.8,6.49,8,4.14,1.12,0,80
198,Zac Bailey,BRI,FWD,80,429604,420300,9304,17,78.2,74.95,4.8,100,68,0.21,10.8,6.49,8,4.14,1.12,0,80
199,Marc Pittonet,CAR,RUC,80,428479,421500,6979,13,78.5,77.46,5.215,76.47,88.5,0.15,11.16,7.05,6.12,5.33,0.81,0,80
200,Peter Ladhams,POR,RUC,80,428057,460000,-31943,8,85.6,80.9,7.49,47.06,53.33,0.3,11.66,10.12,3.77,3.29,1.6,0,80
201,Blake Acres,FRE,MID,80,427916,453600,-25684,7,84.4,83.43,6.38,41.18,69,0.43,12.02,8.62,3.3,4.2,2.29,0,80
202,Liam Baker,RIC,DEF,80,427776,419100,8676,16,78,75.2,5.12,94.12,75.78,0.1,10.84,6.92,7.53,4.59,0.54,0,80
203,Jack Martin,CAR,FWD,80,427635,446300,-18665,15,83.1,82.07,4.81,88.24,53,0.33,11.82,6.5,7.06,3.27,1.76,0,80
204,Shaun Atley,NME,DEF,79,426932,404200,22732,17,75.2,74.24,5.25,100,64,0.12,10.7,7.1,8,3.91,0.65,0,79
205,Hayden Crozier,WBD,DEF,79,426791,409100,17691,14,76.1,77,4.5,82.35,79.67,0.33,11.09,6.09,6.59,4.82,1.76,0,79
206,Darcy Moore,COL,DEF,79,425666,430200,-4534,16,80.1,77.17,4.2,94.12,78.67,0.22,11.12,5.68,7.53,4.76,1.18,0,79
207,Isaac Heeney,SYD,FWD,79,425666,454500,-28834,6,94,93,4.9,35.29,94,0.33,13.4,6.63,2.83,5.65,1.76,0,79
208,Shane Mumford,GWS,RUC,79,425526,420700,4826,10,78.3,90.84,4.69,58.82,83.67,0.2,13.09,6.34,4.71,5.05,1.07,0,79
209,Ben Cunnington,NME,MID,79,423697,439800,-16103,3,102.3,101.33,5.89,17.65,102.3,0,14.6,7.96,1.42,6.14,0.01,11,90
210,Jacob Weitering,CAR,DEF,79,422010,410400,11610,17,74.7,73.71,3.93,100,84.4,0.18,10.62,5.32,8,5.1,0.97,0,79
211,Jake Lever,MEL,DEF,78,420323,419400,923,17,78.1,77.06,3.53,100,83.5,0.18,11.1,4.78,8,5.04,0.97,0,78
212,Paul Seedsman,ADE,MID,78,420041,429800,-9759,9,80,79,5.66,52.94,80,0.33,11.38,7.65,4.24,4.84,1.76,0,78
213,Dan Butler,STK,FWD,78,419479,416900,2579,17,77.7,76.21,3.73,100,72.57,0.26,10.98,5.05,8,4.41,1.39,0,78
214,Isaac Smith,GEE,MID,78,418354,397600,20754,10,74,80,5.49,58.82,74,0.3,11.53,7.42,4.71,4.49,1.6,0,78
215,Isaac Smith,GEE,FWD,78,418354,397600,20754,10,74,80,5.49,58.82,74,0.3,11.53,7.42,4.71,4.49,1.6,0,78
216,Tom Jonas,POR,DEF,78,418073,373600,44473,17,69.5,80.78,3.51,100,69.33,0.21,11.64,4.75,8,4.22,1.12,0,78
217,Callan Ward,GWS,MID,78,417932,409900,8032,7,76.3,99.42,4.98,41.18,76.3,0.14,14.32,6.73,3.3,4.62,0.75,0,78
218,James Rowbottom,SYD,MID,78,416385,405600,10785,16,75.5,74.5,5.06,94.12,63.25,0.12,10.73,6.84,7.53,3.86,0.65,0,78
219,James Cousins,HAW,MID,77,415682,412600,3082,6,85.3,84.33,6.19,35.29,88,0.17,12.15,8.37,2.83,5.3,0.91,0,77
220,Tim Membrey,STK,FWD,77,415541,363700,51841,16,67.7,79.67,3.5,94.12,80.83,0.17,11.48,4.74,7.53,4.89,0.91,0,77
221,Sam Collins,GCS,DEF,77,415260,422500,-7240,17,78.6,77.65,3.61,100,74,0.18,11.19,4.88,8,4.49,0.97,0,77
222,Ethan Hughes,FRE,DEF,77,413854,381800,32054,17,71.1,69.94,4.26,100,87.2,0.06,10.08,5.76,8,5.26,0.33,0,77
223,Jamie Cripps,WCE,FWD,77,412448,373600,38848,13,69.5,75.53,4.17,76.47,99,0.14,10.88,5.64,6.12,5.94,0.75,0,77
224,Luke Davies-Uniacke,NME,MID,77,412026,432800,-20774,9,80.6,79.56,5.78,52.94,86.25,0.11,11.46,7.81,4.24,5.2,0.59,0,77
225,Michael Gibbons,CAR,FWD,76,409776,401500,8276,15,74.7,73.73,4.91,88.24,61.33,0.2,10.62,6.64,7.06,3.75,1.07,0,76
226,Callum Wilkie,STK,DEF,76,409354,409000,354,17,76.1,72.47,4.32,100,65,0.16,10.44,5.84,8,3.97,0.86,0,76
227,Shane Edwards,RIC,MID,76,408932,416700,-7768,6,86.2,86.04,5.93,35.29,69.5,0.3,12.4,8.02,2.83,4.23,1.6,0,76
228,Gryan Miers,GEE,FWD,76,408370,387100,21270,17,72.1,70.57,4.39,100,68.67,0.14,10.17,5.94,8,4.18,0.75,0,76
229,Will Snelling,ESS,FWD,76,408229,368500,39729,17,68.6,75.25,4.32,100,66,0.06,10.84,5.84,8,4.02,0.33,0,76
230,Ivan Soldo,RIC,RUC,76,407245,403000,4245,14,75,74,4.655,82.35,63.25,0.29,10.66,6.3,6.59,3.86,1.55,-40,36
231,Jonathon Ceglar,HAW,RUC,76,407104,388100,19004,13,72.2,73.8,5.8625,76.47,56.33,0.15,10.63,7.93,6.12,3.46,0.81,0,76
232,Luke Breust,HAW,FWD,76,406963,428100,-21137,13,81.5,83.62,3.44,76.47,88,0.15,12.05,4.66,6.12,5.3,0.81,0,76
233,Toby McLean,WBD,FWD,76,406541,366700,39841,12,68.2,89.08,4.44,70.59,65.33,0.08,12.83,6.01,5.65,3.99,0.43,0,76
234,Sam Naismith,SYD,RUC,76,406260,376100,30160,2,100,99,5.67,11.76,100,0,14.26,7.67,0.95,6,0.01,0,76
235,Jack Scrimshaw,HAW,DEF,76,406120,399600,6520,13,74.4,73.31,4.93,76.47,84.4,0.08,10.56,6.67,6.12,5.1,0.43,0,76
236,Luke Dunstan,STK,MID,76,405698,395400,10298,1,92,91,7.18,5.88,92,0,13.11,9.71,0.48,5.54,0.01,0,76
237,Jackson Nelson,WCE,DEF,75,404854,397600,7254,14,74,71.33,4.75,82.35,66.6,0.27,10.28,6.42,6.59,4.06,1.44,0,75
238,Dan Hannebery,STK,MID,75,403729,338500,65229,6,70,93,6.07,35.29,70,0,13.4,8.21,2.83,4.26,0.01,0,75
239,John Noble,COL,DEF,75,403588,393300,10288,15,73.2,68,5.17,88.24,69,0.12,9.8,6.99,7.06,4.2,0.65,0,75
240,Josh Jenkins,GEE,RUC,75,402182,323400,78782,1,86,85,7.8925,5.88,86,0,12.25,10.67,0.48,5.19,0.01,0,75
241,Charlie Cameron,BRI,FWD,75,401198,395400,5798,17,73.6,73.81,3.33,100,70,0.21,10.64,4.51,8,4.26,1.12,0,75
242,Bradley Hill,STK,MID,75,400917,354000,46917,17,65.9,61.74,5.27,100,69,0.05,8.9,7.13,8,4.2,0.28,0,75
243,Brennan Cox,FRE,DEF,74,399088,433500,-34412,13,80.7,78.92,3.8,76.47,81.8,0.15,11.37,5.14,6.12,4.94,0.81,0,74
244,Jack Higgins,STK,FWD,74,399088,419600,-20512,10,78.1,77.1,5,58.82,78.1,0.2,11.11,6.76,4.71,4.73,1.07,0,74
245,Matthew Kennedy,CAR,MID,74,398245,437500,-39255,7,81.4,80.43,5.74,41.18,81.4,0.14,11.59,7.76,3.3,4.92,0.75,0,74
246,Matthew Kennedy,CAR,FWD,74,398245,437500,-39255,7,81.4,80.43,5.74,41.18,81.4,0.14,11.59,7.76,3.3,4.92,0.75,0,74
247,Blake Hardwick,HAW,DEF,74,398104,373100,25004,16,69.4,75.62,4.09,94.12,66,0.06,10.9,5.53,7.53,4.02,0.33,0,74
248,Dougal Howard,STK,DEF,74,397963,355200,42763,17,66.1,68.16,3.55,100,79.71,0.16,9.82,4.8,8,4.82,0.86,0,74
249,Aaron Hall,NME,FWD,74,396838,392200,4638,15,73,72,4.87,88.24,50.67,0.2,10.37,6.59,7.06,3.13,1.07,0,74
250,Kamdyn McIntosh,RIC,MID,74,396838,381500,15338,14,71,69.72,4.67,82.35,71.56,0.17,10.05,6.32,6.59,4.35,0.91,0,74
251,Connor Rozee,POR,FWD,74,396557,377200,19357,14,70.2,75.71,4.17,82.35,66.33,0.19,10.91,5.64,6.59,4.04,1.02,0,74
252,David Zaharakis,ESS,FWD,74,396417,351400,45017,10,65.4,87.37,4.7,58.82,65.4,0.1,12.59,6.36,4.71,3.99,0.54,0,74
253,Mitch Wallis,WBD,FWD,74,395713,379900,15813,17,70.7,85.89,2.98,100,55.4,0.06,12.37,4.03,8,3.41,0.33,0,74
254,Nathan Wilson,FRE,DEF,73,394729,395100,-371,15,73.5,73.3,4.56,88.24,70.2,0,10.56,6.17,7.06,4.27,0.01,0,73
255,Jack Riewoldt,RIC,FWD,73,394448,344500,49948,17,64.1,82.54,2.84,100,66.22,0.05,11.89,3.84,8,4.04,0.28,0,73
256,Shaun Burgoyne,HAW,FWD,73,393885,378600,15285,13,70.5,83.81,3.4,76.47,79,0.08,12.08,4.6,6.12,4.78,0.43,0,73
257,Bayley Fritsch,MEL,FWD,73,393885,359300,34585,16,66.9,73.79,3.71,94.12,79.6,0,10.63,5.02,7.53,4.82,0.01,0,73
258,Ryan Clarke,SYD,MID,73,393604,407800,-14196,10,75.9,74.9,5.64,58.82,71,0.1,10.79,7.63,4.71,4.32,0.54,0,73
259,Xavier Duursma,POR,MID,73,392620,398400,-5780,13,74.2,73.86,4.25,76.47,77.8,0.13,10.64,5.75,6.12,4.71,0.7,0,73
260,Oscar Allen,WCE,FWD,73,390932,422100,-31168,14,78.6,76.67,3.07,82.35,75.2,0.27,11.05,4.16,6.59,4.56,1.44,0,73
261,Patrick Lipinski,WBD,MID,73,389667,429800,-40133,12,80,76.5,5.24,70.59,64.5,0,11.02,7.09,5.65,3.94,0.01,0,73
262,Wil Powell,GCS,DEF,72,388823,358900,29923,15,66.8,65.8,4.6,88.24,74.4,0.07,9.48,6.22,7.06,4.51,0.38,0,72
263,Luke Brown,ADE,DEF,72,387979,363400,24579,17,67.6,66.65,4.1,100,67.4,0.06,9.6,5.55,8,4.11,0.33,0,72
264,David Mackay,ADE,DEF,72,386714,393300,-6586,10,73.2,72.2,5.49,58.82,82,0,10.4,7.42,4.71,4.96,0.01,0,72
265,Luke Dahlhaus,GEE,FWD,72,386292,375200,11092,12,69.8,78.75,4.37,70.59,64,0.12,11.35,5.91,5.65,3.91,0.65,0,72
266,Levi Casboult,CAR,FWD,72,386292,349900,36392,17,65.1,71.59,3.16,100,58.6,0.24,10.32,4.28,8,3.59,1.28,0,72
267,Jack Sinclair,STK,MID,72,385870,426600,-40730,10,79.4,76.42,4.84,58.82,78.29,0.08,11.01,6.55,4.71,4.74,0.43,0,72
268,Cameron Rayner,BRI,FWD,72,385729,392900,-7171,15,73.1,70.65,3.51,88.24,79.2,0.12,10.18,4.75,7.06,4.79,0.65,0,72
269,Darcy Gardiner,BRI,DEF,72,385448,362800,22648,17,67.5,66.33,3.96,100,73.83,0,9.56,5.36,8,4.48,0.01,0,72
270,Eric Hipwood,BRI,FWD,72,385307,391300,-5993,17,72.8,68.47,3.52,100,68.71,0.11,9.87,4.76,8,4.18,0.59,0,72
271,Jamie Elliott,COL,MID,72,384464,362700,21764,16,67.5,69.94,4,94.12,70.83,0,10.08,5.41,7.53,4.31,0.01,0,72
272,Jamie Elliott,COL,FWD,72,384464,362700,21764,16,67.5,69.94,4,94.12,70.83,0,10.08,5.41,7.53,4.31,0.01,0,72
273,Aidan Corr,NME,DEF,71,383479,381100,2379,15,70.9,69.93,4.02,88.24,59,0.2,10.08,5.44,7.06,3.62,1.07,0,71
274,Damon Greaves,HAW,DEF,71,383198,389700,-6502,3,90.7,89.67,5.5,17.65,90.7,0,12.92,7.44,1.42,5.46,0.01,0,71
275,Mark O'Connor,GEE,DEF,71,382776,380800,1976,17,70.9,67.9,3.65,100,61.33,0.14,9.78,4.94,8,3.75,0.75,0,71
276,Stephen Hill,FRE,DEF,71,382776,338000,44776,12,62.9,81,4.36,70.59,65.4,0,11.67,5.9,5.65,3.99,0.01,0,71
277,Jarryn Geary,STK,DEF,71,382495,320400,62095,14,59.6,75.59,3.55,82.35,75.67,0.06,10.89,4.8,6.59,4.59,0.33,0,71
278,Ben Long,STK,DEF,71,382214,384100,-1886,14,71.5,68.53,4.2,82.35,71.33,0.13,9.88,5.68,6.59,4.33,0.7,0,71
279,Liam Jones,CAR,DEF,71,381932,387500,-5568,17,72.1,71.12,2.82,100,84.2,0,10.25,3.82,8,5.08,0.01,0,71
280,Ryan Lester,BRI,DEF,71,381792,380200,1592,13,70.8,71.07,4.22,76.47,77.6,0.07,10.24,5.71,6.12,4.7,0.38,0,71
281,Rhys Mathieson,BRI,MID,71,378698,365800,12898,1,97,96,5.01,5.88,97,0,13.83,6.78,0.48,5.83,0.01,0,71
282,Rhys Mathieson,BRI,FWD,71,378698,364800,13898,1,97,96,5.01,5.88,97,0,13.83,6.78,0.48,5.83,0.01,0,71
283,Ben Paton,STK,DEF,70,378276,344200,34076,17,64.1,60.58,4.27,100,57.57,0.16,8.73,5.78,8,3.53,0.86,0,70
284,Dylan Grimes,RIC,DEF,70,377151,382800,-5649,16,71.2,70.5,3.39,94.12,60.88,0.15,10.16,4.59,7.53,3.73,0.81,0,70
285,Brett Bewley,FRE,MID,70,377011,388200,-11189,12,72.2,71,4.83,70.59,72.2,0,10.23,6.53,5.65,4.39,0.01,0,70
286,Brett Bewley,FRE,FWD,70,377011,388200,-11189,12,72.2,71,4.83,70.59,72.2,0,10.23,6.53,5.65,4.39,0.01,0,70
287,Lincoln McCarthy,BRI,FWD,70,376448,354600,21848,15,66,67.71,3.47,88.24,70.4,0.18,9.76,4.7,7.06,4.28,0.97,0,70
288,Darcy Fort,GEE,RUC,70,375886,390700,-14814,5,80.8,79.2,5.18,29.41,80.8,0.2,11.41,7,2.36,4.89,1.07,0,70
289,Esava Ratugolea,GEE,RUC,70,375745,369400,6345,12,68.8,68.33,4.8825,70.59,68.8,0.08,9.85,6.6,5.65,4.19,0.43,0,70
290,Brent Daniels,GWS,FWD,70,375323,356600,18723,16,66.4,65.38,4.06,94.12,69.75,0,9.42,5.49,7.53,4.24,0.01,0,70
291,Lachie Henderson,GEE,DEF,70,375182,377700,-2518,10,70.3,74.36,4.21,58.82,79.67,0.14,10.71,5.69,4.71,4.82,0.75,0,70
292,Callum Ah Chee,BRI,DEF,70,374901,353300,21601,16,65.8,64.33,4.11,94.12,65.14,0.06,9.27,5.56,7.53,3.97,0.33,0,70
293,Jason Castagna,RIC,FWD,70,374620,341000,33620,17,63.5,63.27,3.91,100,64.78,0.05,9.12,5.29,8,3.95,0.28,0,70
294,Reece Conca,FRE,DEF,70,373917,370300,3617,14,68.9,67.5,4.74,82.35,63,0,9.73,6.41,6.59,3.85,0.01,0,70
295,Brody Mihocek,COL,FWD,69,373214,366000,7214,16,68.1,69.17,2.79,94.12,71.67,0.17,9.97,3.78,7.53,4.35,0.91,0,69
296,Will Day,HAW,DEF,69,373073,384400,-11327,11,71.5,70.09,4.97,64.71,74.5,0,10.1,6.72,5.18,4.52,0.01,0,69
297,Will Hoskin-Elliott,COL,FWD,69,372933,337500,35433,16,62.8,71.29,3.44,94.12,66.5,0,10.27,4.66,7.53,4.05,0.01,0,69
298,Lachie Plowman,CAR,DEF,69,372511,354900,17611,16,66.1,69.74,3.62,94.12,60,0.06,10.05,4.9,7.53,3.68,0.33,0,69
299,Sam Reid,SYD,FWD,69,372370,328300,44070,10,61.1,98,2.87,58.82,61.2,0,14.12,3.89,4.71,3.75,0.01,0,69
300,Jake Kelly,ADE,DEF,69,371808,309800,62008,15,57.7,73.71,2.95,88.24,72.25,0.07,10.62,3.99,7.06,4.39,0.38,0,69
301,Stefan Martin,WBD,RUC,69,371667,272200,99467,6,50.7,99.46,4.5325,35.29,50.7,0,14.33,6.13,2.83,3.13,0.01,0,69
302,Darcy MacPherson,GCS,FWD,69,370823,306700,64123,12,57.1,78.92,4,70.59,57.1,0.08,11.37,5.41,5.65,3.51,0.43,0,69
303,Anthony McDonald-Tipungwuti,ESS,FWD,69,370542,370400,142,17,68.9,68.68,2.86,100,69.83,0.06,9.9,3.87,8,4.25,0.33,0,69
304,Chris Mayne,COL,MID,69,370542,373400,-2858,12,69.5,73.13,4.6,70.59,58,0.07,10.54,6.22,5.65,3.56,0.38,0,69
305,Justin McInerney,SYD,MID,69,369558,384400,-14842,9,71.6,70.56,4.74,52.94,80.5,0.11,10.17,6.41,4.24,4.87,0.59,0,69
306,Jeremy Finlayson,GWS,FWD,69,369136,346700,22436,15,64.5,76.4,2.75,88.24,67,0.07,11.01,3.72,7.06,4.08,0.38,0,69
307,Robbie Fox,SYD,DEF,69,368292,385700,-17408,14,71.8,70.79,3.51,82.35,63.8,0.14,10.2,4.75,6.59,3.9,0.75,0,69
308,Harry Morrison,HAW,DEF,69,368011,358500,9511,11,66.7,70,4.5,64.71,71,0.09,10.09,6.09,5.18,4.32,0.49,0,69
309,Harry Morrison,HAW,MID,69,368011,358500,9511,11,66.7,70,4.5,64.71,71,0.09,10.09,6.09,5.18,4.32,0.49,0,69
310,Aliir Aliir,POR,DEF,68,367589,321200,46389,14,59.8,75.17,3.29,82.35,70,0,10.83,4.45,6.59,4.26,0.01,0,68
311,Grant Birchall,BRI,DEF,68,367308,375300,-7992,14,69.9,66.5,4.54,82.35,62.2,0,9.58,6.14,6.59,3.8,0.01,0,68
312,Gary Rohan,GEE,FWD,68,367308,392200,-24892,15,73,69.26,2.8,88.24,68.43,0.21,9.98,3.79,7.06,4.17,1.12,0,68
313,Peter Ladhams,POR,FWD,68,367167,460000,-92833,8,85.6,80.9,4.28,47.06,53.33,0.3,11.66,5.79,3.77,3.29,1.6,0,68
314,Taylin Duman,FRE,DEF,68,366745,354600,12145,15,66,64.6,3.8,88.24,68.8,0.07,9.31,5.14,7.06,4.19,0.38,0,68
315,Tom Scully,HAW,MID,68,366183,290500,75683,14,54.1,63.26,4.31,82.35,74,0,9.12,5.83,6.59,4.49,0.01,0,68
316,Tom Scully,HAW,FWD,68,366183,290500,75683,14,54.1,63.26,4.31,82.35,74,0,9.12,5.83,6.59,4.49,0.01,0,68
317,Izak Rankine,GCS,FWD,68,365901,371600,-5699,12,69.2,68.17,4.03,70.59,61.4,0.25,9.82,5.45,5.65,3.76,1.34,0,68
318,George Hewett,SYD,MID,67,360839,374700,-13861,6,77.5,81.54,4.72,35.29,77.5,0,11.75,6.38,2.83,4.69,0.01,0,67
319,Mason Redman,ESS,DEF,67,360698,330200,30498,13,61.5,75.5,4.04,76.47,51.33,0,10.88,5.47,6.12,3.17,0.01,0,67
320,Jarrod Harbrow,GCS,DEF,67,360698,309100,51598,13,57.5,75.86,4.34,76.47,43.5,0,10.93,5.87,6.12,2.72,0.01,0,67
321,Jack Henry,GEE,DEF,67,359573,325500,34073,17,60.6,63.19,3.14,100,64.44,0.05,9.11,4.25,8,3.93,0.28,0,67
322,Jake Carlisle,STK,DEF,67,359292,372500,-13208,12,69.3,74.11,3.84,70.59,58.5,0.08,10.68,5.2,5.65,3.59,0.43,0,67
323,Bryce Gibbs,ADE,DEF,67,359292,290100,69192,3,60,90.96,5.43,17.65,60,0,13.1,7.34,1.42,3.68,0.01,0,67
324,Shane McAdam,ADE,FWD,67,359151,354600,4551,13,66,65,3.32,76.47,85,0.08,9.37,4.49,6.12,5.13,0.43,0,67
325,Isaac Quaynor,COL,DEF,67,358870,405300,-46430,9,75.4,71.18,4.27,52.94,78.5,0.09,10.26,5.78,4.24,4.75,0.49,0,67
326,Daniel Rioli,RIC,FWD,67,358870,341500,17370,14,63.6,64.83,3.75,82.35,74.38,0,9.34,5.07,6.59,4.51,0.01,0,67
327,Trent Rivers,MEL,DEF,67,358589,350400,8189,9,65.2,64.22,4.61,52.94,86,0.11,9.25,6.23,4.24,5.19,0.59,0,67
328,Noah Balta,RIC,DEF,67,357745,373600,-15855,13,69.5,66.12,3.73,76.47,67.11,0.12,9.53,5.05,6.12,4.09,0.65,0,67
329,Taylor Duryea,WBD,FWD,67,357605,342200,15405,2,91,84.33,5.06,11.76,91,0,12.15,6.84,0.95,5.48,0.01,0,67
330,Taylor Duryea,WBD,DEF,67,357605,342200,15405,2,91,84.33,5.06,11.76,91,0,12.15,6.84,0.95,5.48,0.01,0,67
331,Tom Clurey,POR,DEF,67,357464,335500,21964,16,62.4,70.48,3.17,94.12,50.2,0.06,10.16,4.29,7.53,3.11,0.33,0,67
332,Tom McDonald,MEL,FWD,66,356480,323000,33480,9,60.1,89.73,2.89,52.94,60.1,0.11,12.93,3.91,4.24,3.68,0.59,0,66
333,Tom Green,GWS,MID,66,356480,351400,5080,6,72.7,71.67,5.08,35.29,72.7,0.17,10.33,6.87,2.83,4.41,0.91,0,66
334,Nathan Jones,MEL,MID,66,354792,292100,62692,8,54.4,91.11,4.38,47.06,38,0,13.13,5.92,3.77,2.4,0.01,0,66
335,Nathan Jones,MEL,FWD,66,354792,292100,62692,8,54.4,91.11,4.38,47.06,38,0,13.13,5.92,3.77,2.4,0.01,0,66
336,Lachlan Keeffe,GWS,DEF,66,354089,372800,-18711,13,69.4,68.38,2.99,76.47,78.2,0.08,9.85,4.05,6.12,4.73,0.43,0,66
337,Josh Battle,STK,MID,66,354089,362900,-8811,13,67.5,69.29,3.47,76.47,59.17,0.14,9.98,4.7,6.12,3.63,0.75,0,66
338,Josh Battle,STK,FWD,66,354089,362900,-8811,13,67.5,69.29,3.47,76.47,59.17,0.14,9.98,4.7,6.12,3.63,0.75,0,66
339,David Cuningham,CAR,FWD,66,352964,340700,12264,12,63.4,63.44,4.09,70.59,63.4,0.17,9.14,5.53,5.65,3.87,0.91,0,66
340,Andrew McPherson,ADE,DEF,66,352823,368300,-15477,9,68.6,67.56,4.48,52.94,83.5,0,9.74,6.06,4.24,5.04,0.01,0,66
341,Dyson Heppell,ESS,MID,66,352823,319100,33723,3,66,94.96,4.41,17.65,66,0,13.68,5.96,1.42,4.02,0.01,14,80
342,Steven Motlop,POR,FWD,66,352683,308500,44183,12,57.4,64.71,3.42,70.59,78,0.14,9.33,4.63,5.65,4.72,0.75,0,66
343,Will Hayward,SYD,FWD,65,351698,327100,24598,16,60.9,59.88,3.44,94.12,63.2,0.06,8.63,4.66,7.53,3.86,0.33,0,65
344,Jack Madgen,COL,DEF,65,351277,380500,-29223,11,70.8,67.15,3.79,64.71,68.71,0.15,9.68,5.13,5.18,4.18,0.81,0,65
345,Jed Bews,GEE,DEF,65,351277,341800,9477,16,63.6,59.9,3.51,94.12,62,0.05,8.63,4.75,7.53,3.79,0.28,0,65
346,Wayne Milera,ADE,DEF,65,350995,312200,38795,2,83,82,5.31,11.76,83,0,11.81,7.18,0.95,5.01,0.01,10,75
347,Sam Mayes,POR,DEF,65,350714,342500,8214,6,70.8,69.83,4.43,35.29,70.8,0.33,10.06,5.99,2.83,4.3,1.76,0,65
348,Zac Fisher,CAR,FWD,65,350714,394200,-43486,8,73.4,72.38,4.76,47.06,59.5,0.12,10.43,6.44,3.77,3.65,0.65,0,65
349,Nick Blakey,SYD,MID,65,350292,318700,31592,16,59.3,58.31,3.46,94.12,65,0.06,8.4,4.68,7.53,3.97,0.33,0,65
350,Nick Blakey,SYD,FWD,65,350292,318700,31592,16,59.3,58.31,3.46,94.12,65,0.06,8.4,4.68,7.53,3.97,0.33,0,65
351,Sam Day,GCS,FWD,65,350011,298300,51711,17,55.5,65.1,3.03,100,49.8,0.06,9.38,4.1,8,3.08,0.33,0,65
352,Josh Caddy,RIC,MID,65,349308,335100,14208,8,62.4,79.17,4.31,47.06,62.4,0,11.41,5.83,3.77,3.82,0.01,0,65
353,Tom Cole,WCE,DEF,65,349027,364600,-15573,14,67.9,65.27,3.66,82.35,63.17,0,9.41,4.95,6.59,3.86,0.01,0,65
354,Elliott Himmelberg,ADE,FWD,65,348745,358000,-9255,11,66.6,65.64,3.41,64.71,83.8,0.09,9.46,4.61,5.18,5.06,0.49,0,65
355,Josh Walker,NME,DEF,65,348183,329600,18583,17,61.4,60.35,3.57,100,46.6,0.06,8.7,4.83,8,2.9,0.33,0,65
356,Jordan De Goey,COL,FWD,65,348183,435200,-87017,8,81,79.67,4.26,47.06,52,0.1,11.48,5.76,3.77,3.21,0.54,0,65
357,Andrew Phillips,ESS,RUC,65,348183,353000,-4817,5,73,72,4.0425,29.41,73,0.4,10.37,5.47,2.36,4.43,2.13,0,65
358,Jake Melksham,MEL,FWD,65,348042,296800,51242,17,55.2,65.13,3.17,100,49.5,0,9.39,4.29,8,3.06,0.01,0,65
359,Taylor Walker,ADE,FWD,65,347198,298200,48998,14,55.5,76,2.65,82.35,51.5,0.07,10.95,3.59,6.59,3.18,0.38,0,65
360,Tim O'Brien,HAW,FWD,65,346777,297500,49277,16,55.4,69.33,2.3,94.12,65.8,0,9.99,3.12,7.53,4.01,0.01,0,65
361,Brendon Ah Chee,WCE,FWD,64,346355,310200,36155,15,57.7,67,3.38,88.24,54,0,9.66,4.57,7.06,3.33,0.01,0,64
362,Cameron Zurhaar,NME,FWD,64,345652,337800,7852,16,62.9,62.81,3.25,94.12,53,0.06,9.05,4.4,7.53,3.27,0.33,0,64
363,Alex Keath,WBD,DEF,64,345230,323900,21330,17,60.3,58.83,3.21,100,55.2,0.06,8.48,4.34,8,3.4,0.33,0,64
364,Lachie Ash,GWS,DEF,64,345089,320600,24489,12,59.7,58.67,3.8,70.59,87.5,0,8.46,5.14,5.65,5.28,0.01,0,64
365,Brayden Fiorini,GCS,MID,64,344245,301700,42545,5,62.4,84.13,4.56,29.41,62.4,0,12.12,6.17,2.36,3.82,0.01,0,64
366,Alex Sexton,GCS,FWD,64,344105,330000,14105,14,61.4,60.43,3.28,82.35,71.67,0.07,8.71,4.44,6.59,4.35,0.38,0,64
367,Adam Tomlinson,MEL,DEF,64,343824,324000,19824,13,60.3,59.31,4.2,76.47,67.17,0,8.55,5.68,6.12,4.09,0.01,0,64
368,Adam Tomlinson,MEL,MID,64,343824,324000,19824,13,60.3,59.31,4.2,76.47,67.17,0,8.55,5.68,6.12,4.09,0.01,0,64
369,Sam Draper,ESS,RUC,64,343402,378100,-34698,8,70.4,69.38,4.7775,47.06,57.75,0.12,10,6.46,3.77,3.54,0.65,0,64
370,Sam Simpson,GEE,FWD,64,342558,350600,-8042,6,72.5,72.78,4.47,35.29,72.5,0.11,10.49,6.05,2.83,4.4,0.59,0,64
371,Nathan Broad,RIC,DEF,64,341292,349200,-7908,13,65,63.25,3.77,76.47,58.75,0.06,9.12,5.1,6.12,3.6,0.33,0,64
372,Jye Caldwell,ESS,MID,64,341292,348600,-7308,9,64.9,63.89,4.24,52.94,84,0,9.21,5.74,4.24,5.07,0.01,5,69
373,Jye Caldwell,ESS,FWD,64,341292,348600,-7308,9,64.9,63.89,4.24,52.94,84,0,9.21,5.74,4.24,5.07,0.01,5,69
374,Darcy Tucker,FRE,MID,63,339464,347900,-8436,8,64.8,70.04,4.67,47.06,64.8,0,10.09,6.32,3.77,3.95,0.01,0,63
375,Daniel Talia,ADE,DEF,63,339324,354600,-15276,14,66,67.77,3.14,82.35,44.5,0.14,9.77,4.25,6.59,2.77,0.75,0,63
376,Michael Hartley,HAW,DEF,63,339042,317800,21242,2,84.5,83.5,4.45,11.76,84.5,0,12.03,6.02,0.95,5.1,0.01,0,63
377,Brandon Starcevich,BRI,DEF,63,339042,307300,31742,16,57.2,55.67,3.34,94.12,60.67,0.06,8.02,4.52,7.53,3.71,0.33,0,63
378,Lachlan Sholl,ADE,DEF,63,338902,343200,-4298,8,63.9,62.88,4.65,47.06,71.2,0.12,9.06,6.29,3.77,4.33,0.65,0,63
379,Lachlan Sholl,ADE,MID,63,338902,343200,-4298,8,63.9,62.88,4.65,47.06,71.2,0.12,9.06,6.29,3.77,4.33,0.65,0,63
380,Tom Williamson,CAR,DEF,63,338339,313400,24939,15,58.3,57.33,3.75,88.24,59.8,0,8.26,5.07,7.06,3.66,0.01,0,63
381,Daniel Lloyd,GWS,FWD,63,338058,330900,7158,12,61.6,60.58,3.43,70.59,75.67,0.08,8.73,4.64,5.65,4.59,0.43,0,63
382,Josh Jenkins,GEE,FWD,63,337917,323400,14517,1,86,85,4.51,5.88,86,0,12.25,6.1,0.48,5.19,0.01,0,63
383,Charlie Ballard,GCS,DEF,63,337495,307600,29895,16,57.2,58.91,3.46,94.12,53.4,0,8.49,4.68,7.53,3.29,0.01,0,63
384,Josh Thomas,COL,FWD,63,336371,305800,30571,12,56.9,70.21,3.36,70.59,58.57,0,10.12,4.55,5.65,3.59,0.01,0,63
385,Ed Richards,WBD,MID,63,336089,309300,26789,16,57.6,56.71,3.47,94.12,56.8,0,8.17,4.7,7.53,3.49,0.01,0,63
386,Ed Richards,WBD,FWD,63,336089,309300,26789,16,57.6,56.71,3.47,94.12,56.8,0,8.17,4.7,7.53,3.49,0.01,0,63
387,Esava Ratugolea,GEE,FWD,63,336089,369400,-33311,12,68.8,68.33,2.79,70.59,68.8,0.08,9.85,3.78,5.65,4.19,0.43,0,63
388,Cale Hooker,ESS,DEF,63,335949,372700,-36751,8,69.4,75.71,3.68,47.06,69.4,0,10.91,4.98,3.77,4.22,0.01,0,63
389,Nick Holman,GCS,FWD,62,335667,328600,7067,12,61.2,64.25,3.53,70.59,61.2,0.08,9.26,4.78,5.65,3.75,0.43,0,62
390,Bailey Scott,NME,MID,62,335105,332300,2805,13,61.8,60.85,3.54,76.47,60.8,0.08,8.77,4.79,6.12,3.72,0.43,0,62
391,Bailey Scott,NME,FWD,62,335105,332300,2805,13,61.8,60.85,3.54,76.47,60.8,0.08,8.77,4.79,6.12,3.72,0.43,0,62
392,Tom Cutler,ESS,MID,62,332996,364700,-31704,8,67.9,66.88,4.55,47.06,67.5,0,9.64,6.15,3.77,4.11,0.01,0,62
393,Brayden Sier,COL,MID,62,332855,313800,19055,3,73,72,5.5,17.65,73,0,10.37,7.44,1.42,4.43,0.01,0,62
394,Martin Gleeson,ESS,DEF,62,332574,293400,39174,13,54.6,68.33,3.56,76.47,45.8,0,9.85,4.82,6.12,2.85,0.01,0,62
395,Sydney Stack,RIC,MID,62,332152,277600,54552,9,51.7,77.12,3.52,52.94,57,0,11.11,4.76,4.24,3.5,0.01,0,62
396,Sydney Stack,RIC,FWD,62,332152,277600,54552,9,51.7,77.12,3.52,52.94,57,0,11.11,4.76,4.24,3.5,0.01,0,62
397,Charlie Constable,GEE,MID,61,330042,266500,63542,2,62,77,5.64,11.76,62,0,11.09,7.63,0.95,3.79,0.01,0,61
398,Jaidyn Stephenson,NME,FWD,61,329480,354100,-24620,12,65.9,77.29,2.99,70.59,41.25,0,11.14,4.05,5.65,2.58,0.01,0,61
399,Matt Guelfi,ESS,DEF,61,329199,324300,4899,11,60.4,59.36,4.18,64.71,65.67,0,8.56,5.65,5.18,4.01,0.01,0,61
400,Quinton Narkle,GEE,MID,61,329199,310400,18799,5,64.2,77,3.67,29.41,64.2,0.2,11.09,4.97,2.36,3.92,1.07,0,61
401,Tyson Stengle,ADE,FWD,61,328355,305300,23055,12,56.8,59,3.45,70.59,67.25,0.08,8.5,4.67,5.65,4.1,0.43,0,61
402,Jordan Roughead,COL,DEF,61,326949,311300,15649,15,57.9,59.73,2.95,88.24,58.33,0,8.61,3.99,7.06,3.58,0.01,0,61
403,Harry McKay,CAR,FWD,61,326949,319900,7049,13,59.5,61.53,2.65,76.47,77,0,8.87,3.59,6.12,4.66,0.01,0,61
404,Griffin Logue,FRE,DEF,61,325683,339400,-13717,5,70.2,69.2,3.27,29.41,70.2,0.4,9.97,4.43,2.36,4.27,2.13,0,61
405,Max King,STK,FWD,61,325683,327400,-1717,16,60.9,60.11,2.6,94.12,56,0,8.66,3.52,7.53,3.44,0.01,0,61
406,Riley Bonner,POR,DEF,60,324699,318200,6499,9,59.2,67.67,4.39,52.94,51,0,9.75,5.94,4.24,3.15,0.01,0,60
407,James Frawley,STK,DEF,60,324418,295900,28518,14,55.1,62.36,2.77,82.35,61,0,8.99,3.75,6.59,3.73,0.01,0,60
408,Jake Aarts,RIC,FWD,60,323714,329400,-5686,13,61.3,59.64,3.32,76.47,62.17,0,8.6,4.49,6.12,3.8,0.01,0,60
409,Jake Kolodjashnij,GEE,DEF,60,323152,330200,-7048,13,61.5,58.65,3.35,76.47,57.88,0.06,8.45,4.53,6.12,3.55,0.33,0,60
410,Jarrod Lienert,POR,DEF,60,322730,289200,33530,5,59.8,79.14,4.08,29.41,59.8,0,11.4,5.52,2.36,3.66,0.01,0,60
411,Jackson Hately,ADE,MID,60,322730,310300,12430,6,64.2,63.17,4.58,35.29,64.2,0.17,9.1,6.19,2.83,3.92,0.91,10,70
412,Dylan Stephens,SYD,MID,60,321746,337800,-16054,8,62.9,61.88,4.27,47.06,72.5,0,8.92,5.78,3.77,4.4,0.01,0,60
413,Easton Wood,WBD,DEF,60,321605,297700,23905,12,55.4,71.04,3.08,70.59,37.67,0.08,10.24,4.17,5.65,2.38,0.43,0,60
414,Sam Frost,HAW,DEF,60,321043,304900,16143,16,56.8,55.5,3.26,94.12,46.25,0,8,4.41,7.53,2.88,0.01,0,60
415,Phil Davis,GWS,DEF,60,320339,290700,29639,10,54.1,72.14,2.81,58.82,54.1,0.1,10.4,3.8,4.71,3.33,0.54,0,60
416,Connor Blakely,FRE,MID,60,320339,295000,25339,5,61,80.18,5,29.41,33,0,11.55,6.76,2.36,2.1,0.01,0,60
417,Tom Atkins,GEE,FWD,59,319355,293500,25855,11,54.6,61.12,3.14,64.71,73.4,0,8.81,4.25,5.18,4.46,0.01,0,59
418,Jack Ziebell,NME,FWD,59,319355,257900,61455,8,48,86.04,2.62,47.06,48,0,12.4,3.55,3.77,2.98,0.01,15,74
419,Eddie Betts,CAR,FWD,59,319214,308800,10414,15,57.5,56.47,3.15,88.24,46,0.07,8.14,4.26,7.06,2.86,0.38,0,59
420,Aaron Francis,ESS,DEF,59,318371,320300,-1929,8,59.6,74.8,3.27,47.06,59.6,0,10.78,4.43,3.77,3.65,0.01,0,59
421,Ben King,GCS,FWD,59,318371,298700,19671,17,55.6,54.59,2.49,100,49.6,0.06,7.87,3.37,8,3.07,0.33,0,59
422,Lachlan Murphy,ADE,FWD,59,317949,328600,-10651,12,61.2,60.17,3.27,70.59,63,0,8.67,4.43,5.65,3.85,0.01,0,59
423,Tom McCartin,SYD,FWD,59,317808,312800,5008,14,58.2,57.21,2.9,82.35,62.4,0,8.25,3.93,6.59,3.82,0.01,0,59
424,Dean Kent,STK,FWD,59,317105,335200,-18095,13,62.4,60.69,3.24,76.47,41.33,0.13,8.75,4.39,6.12,2.59,0.7,0,59
425,Daniel McStay,BRI,FWD,59,315136,333800,-18664,15,62.1,57.41,2.65,88.24,51.17,0.06,8.27,3.59,7.06,3.16,0.33,0,59
426,Lin Jong,WBD,MID,59,314996,318100,-3104,3,74,73,4.41,17.65,74,0,10.52,5.96,1.42,4.49,0.01,0,59
427,Lin Jong,WBD,FWD,59,314996,318100,-3104,3,74,73,4.41,17.65,74,0,10.52,5.96,1.42,4.49,0.01,0,59
428,Tom De Koning,CAR,RUC,59,314996,305500,9496,7,56.9,55.86,4.795,41.18,62.5,0.14,8.05,6.48,3.3,3.82,0.75,0,59
429,Jack Lonie,STK,FWD,58,313449,351200,-37751,11,65.4,62.38,3.45,64.71,56,0,8.99,4.67,5.18,3.44,0.01,0,58
430,Josh Bruce,WBD,FWD,58,312746,275000,37746,16,51.2,50.18,2.58,94.12,59.75,0.06,7.23,3.49,7.53,3.66,0.33,0,58
431,Lachie Fogarty,CAR,FWD,58,311340,319100,-7760,6,66,65,4.35,35.29,51,0.17,9.37,5.88,2.83,3.15,0.91,0,58
432,Aaron Naughton,WBD,FWD,58,310496,329700,-19204,11,61.4,63.64,2.26,64.71,61.4,0.17,9.17,3.06,5.18,3.76,0.91,0,58
433,Jack Ross,RIC,MID,58,308949,333100,-24151,7,62,61,4.58,41.18,60,0,8.79,6.19,3.3,3.68,0.01,0,58
434,Josh Rotham,WCE,DEF,57,306980,331500,-24520,10,61.7,60.7,3.74,58.82,53.6,0,8.75,5.06,4.71,3.3,0.01,0,57
435,Tyler Brown,COL,MID,57,306277,311000,-4723,9,57.9,56.89,3.7,52.94,71,0,8.2,5.01,4.24,4.32,0.01,0,57
436,Ben McKay,NME,DEF,57,305433,333600,-28167,11,62.1,61.09,3.09,64.71,57.8,0,8.8,4.18,5.18,3.55,0.01,0,57
437,Harry Schoenberg,ADE,FWD,57,304590,315600,-11010,8,58.8,57.75,4.16,47.06,64.4,0,8.32,5.63,3.77,3.93,0.01,0,57
438,Lewis Melican,SYD,DEF,57,303887,324700,-20813,9,60.4,59.44,3.38,52.94,59.4,0.11,8.57,4.57,4.24,3.64,0.59,0,57
439,Oleg Markov,GCS,DEF,57,303887,314300,-10413,6,65,64,3.91,35.29,70,0,9.22,5.29,2.83,4.26,0.01,0,57
440,Dylan Clarke,ESS,MID,57,303746,348600,-44854,8,64.9,63.88,3.35,47.06,67,0,9.21,4.53,3.77,4.08,0.01,0,57
441,Dylan Clarke,ESS,FWD,57,303746,348600,-44854,8,64.9,63.88,3.35,47.06,67,0,9.21,4.53,3.77,4.08,0.01,0,57
442,Alex Neal-Bullen,MEL,FWD,56,302480,310100,-7620,7,57.7,71.67,3.04,41.18,61.5,0,10.33,4.11,3.3,3.76,0.01,0,56
443,Ben Brown,MEL,FWD,56,301215,260300,40915,9,48.4,76.67,2.3,52.94,48.4,0,11.05,3.12,4.24,3,0.01,0,56
444,Dylan Moore,HAW,FWD,56,301074,302300,-1226,3,70.3,69.33,4.23,17.65,70.3,0,9.99,5.72,1.42,4.27,0.01,0,56
445,Curtis Taylor,NME,FWD,56,300652,315800,-15148,9,58.8,57.78,3.41,52.94,58.8,0.11,8.33,4.61,4.24,3.61,0.59,0,56
446,Adam Kennedy,GWS,MID,56,298402,300900,-2498,6,56,75.11,3.8,35.29,38.5,0,10.82,5.14,2.83,2.42,0.01,0,56
447,Orazio Fantasia,POR,FWD,55,296855,271800,25055,5,56.2,75.67,3.24,29.41,56.2,0,10.9,4.39,2.36,3.45,0.01,0,55
448,Orazio Fantasia,POR,DEF,55,296855,271800,25055,5,56.2,75.67,3.24,29.41,56.2,0,10.9,4.39,2.36,3.45,0.01,0,55
449,Mabior Chol,RIC,RUC,55,296715,327200,-30485,10,60.9,59.09,3.6225,58.82,47.67,0,8.52,4.9,4.71,2.96,0.01,0,55
450,Todd Marshall,POR,FWD,55,296293,377400,-81107,12,70.2,63.14,2.57,70.59,32.67,0.14,9.1,3.48,5.65,2.09,0.75,0,55
451,Noah Answerth,BRI,DEF,55,295449,304500,-9051,9,56.7,57.9,3.78,52.94,53.5,0,8.35,5.11,4.24,3.3,0.01,0,55
452,Connor Budarick,GCS,DEF,55,295168,256500,38668,15,47.7,46.73,3.22,88.24,45.33,0,6.74,4.36,7.06,2.82,0.01,0,55
453,Matt Rowell,GCS,MID,55,294465,495100,-200635,5,102.4,102.4,0,0.294117647,102.4,0,14.75,0.01,0.03,6.14,0.01,25,80
454,Mitchell Hinge,ADE,MID,55,293059,328800,-35741,1,102,102,0,0.058823529,102,0,14.69,0.01,0.01,6.12,0.01,0,55
455,Shaun McKernan,STK,FWD,55,292777,245900,46877,9,45.8,70.33,2.65,52.94,45.8,0,10.13,3.59,4.24,2.85,0.01,0,55
456,Brayden Ham,ESS,MID,54,292215,277800,14415,10,51.7,50.7,3.27,58.82,71,0,7.31,4.43,4.71,4.32,0.01,0,54
457,Braydon Preuss,GWS,RUC,54,290809,303000,-12191,3,62.7,64.43,4.5325,17.65,62.7,0,9.29,6.13,1.42,3.83,0.01,0,54
458,Darcy Fogarty,ADE,FWD,54,290387,286400,3987,10,53.3,62.25,2.58,58.82,56.5,0,8.97,3.49,4.71,3.47,0.01,0,54
459,Joe Daniher,BRI,FWD,54,290246,233300,56946,4,48.2,76.36,3.14,23.53,34,0.25,11,4.25,1.89,2.16,1.34,11,65
460,James Stewart,ESS,FWD,54,290106,295000,-4894,10,54.9,61.45,2.48,58.82,60.17,0,8.86,3.36,4.71,3.69,0.01,0,54
461,Will Brodie,GCS,MID,54,288840,344900,-56060,1,36,77.25,4.91,5.88,36,0,11.13,6.64,0.48,2.28,0.01,0,54
462,Will Brodie,GCS,FWD,54,288840,344900,-56060,1,36,77.25,4.91,5.88,36,0,11.13,6.64,0.48,2.28,0.01,0,54
463,Bailey Dale,WBD,FWD,54,288277,298500,-10223,9,55.6,61.08,2.98,52.94,55.6,0,8.8,4.03,4.24,3.42,0.01,0,54
464,Mitch Crowden,FRE,FWD,54,288277,295500,-7223,10,55,59.8,2.8,58.82,54.8,0,8.62,3.79,4.71,3.37,0.01,0,54
465,Laitham Vandermeer,WBD,MID,54,287715,278900,8815,12,51.9,50.92,3.15,70.59,51.9,0,7.34,4.26,5.65,3.2,0.01,0,54
466,Laitham Vandermeer,WBD,FWD,54,287715,278900,8815,12,51.9,50.92,3.15,70.59,51.9,0,7.34,4.26,5.65,3.2,0.01,0,54
467,Sam Weideman,MEL,FWD,54,287574,303800,-16226,13,56.5,55.82,2.59,76.47,44.33,0,8.05,3.51,6.12,2.76,0.01,0,54
468,Jake Stringer,ESS,FWD,53,287293,282600,4693,10,52.6,66.14,2.41,58.82,47,0,9.53,3.26,4.71,2.92,0.01,0,53
469,Roarke Smith,WBD,MID,53,286309,281400,4909,5,58.2,59,3.76,29.41,72.5,0,8.5,5.09,2.36,4.4,0.01,0,53
470,Roarke Smith,WBD,FWD,53,286309,281400,4909,5,58.2,59,3.76,29.41,72.5,0,8.5,5.09,2.36,4.4,0.01,0,53
471,Kane Farrell,POR,MID,53,285887,309200,-23313,11,57.5,56.55,3,64.71,39,0.09,8.15,4.06,5.18,2.45,0.49,0,53
472,Kane Farrell,POR,FWD,53,285887,309200,-23313,11,57.5,56.55,3,64.71,39,0.09,8.15,4.06,5.18,2.45,0.49,0,53
473,Isaac Cumming,GWS,DEF,53,285606,288000,-2394,3,67,66,3.91,17.65,67,0,9.51,5.29,1.42,4.08,0.01,0,53
474,Ryan Burton,POR,DEF,53,285465,318800,-33335,6,59.3,71,4.09,35.29,15,0.12,10.23,5.53,2.83,1.06,0.65,0,53
475,Tobe Watson,FRE,DEF,53,285184,303700,-18516,3,70.7,69.67,3.33,17.65,70.7,0,10.04,4.51,1.42,4.3,0.01,0,53
476,David Astbury,RIC,DEF,53,285043,400400,-115357,5,82.8,68.89,4.25,29.41,35,0,9.93,5.75,2.36,2.22,0.01,0,53
477,Daniel Howe,HAW,DEF,53,284340,280500,3840,5,58,70.58,3.37,29.41,50.5,0,10.17,4.56,2.36,3.12,0.01,0,53
478,Daniel Howe,HAW,MID,53,284340,280500,3840,5,58,70.58,3.37,29.41,50.5,0,10.17,4.56,2.36,3.12,0.01,0,53
479,Jake Waterman,WCE,FWD,53,284059,323600,-39541,9,60.2,58.6,3.6,52.94,42,0,8.45,4.87,4.24,2.63,0.01,0,53
480,Jake Riccardi,GWS,FWD,53,283777,336500,-52723,5,69.6,68.6,3.48,29.41,52,0,9.89,4.71,2.36,3.21,0.01,0,53
481,Mitch Lewis,HAW,FWD,53,283777,199500,84277,8,37.1,64.58,1.83,47.06,76,0,9.31,2.48,3.77,4.61,0.01,0,53
482,Will Walker,NME,MID,52,281387,244500,36887,2,65,64,4.33,11.76,65,0,9.22,5.86,0.95,3.97,0.01,0,52
483,Will Walker,NME,FWD,52,281387,244500,36887,2,65,64,4.33,11.76,65,0,9.22,5.86,0.95,3.97,0.01,0,52
484,Nic Newman,CAR,DEF,52,281246,415400,-134154,2,23.5,96.27,2.67,11.76,23.5,0,13.87,3.62,0.95,1.55,0.01,0,52
485,Zaine Cordy,WBD,DEF,52,280824,313700,-32876,13,58.4,55.47,2.72,76.47,34,0,8,3.68,6.12,2.16,0.01,0,52
486,Colin O'Riordan,SYD,DEF,52,279981,268000,11981,8,49.9,60,3.24,47.06,49.9,0,8.65,4.39,3.77,3.09,0.01,0,52
487,Kysaiah Pickett,MEL,FWD,52,278996,256400,22596,14,47.7,46.71,2.63,82.35,47.5,0,6.73,3.56,6.59,2.95,0.01,0,52
488,Oskar Baker,MEL,MID,52,278996,290100,-11104,3,60,59,4.61,17.65,60,0,8.5,6.23,1.42,3.68,0.01,0,52
489,Chayce Jones,ADE,MID,52,278434,236800,41634,15,44.1,47,2.88,88.24,32,0,6.78,3.9,7.06,2.05,0.01,0,52
490,Mitch Brown,MEL,FWD,52,278293,280500,-2207,5,52.2,51.2,3.84,29.41,80,0,7.38,5.2,2.36,4.84,0.01,0,52
491,Levi Greenwood,COL,MID,52,277449,276800,649,4,57.2,64.5,3.7,23.53,57.33,0,9.3,5.01,1.89,3.52,0.01,0,52
492,Jay Lockhart,MEL,DEF,52,276887,289600,-12713,10,53.9,52.9,2.97,58.82,53.9,0,7.63,4.02,4.71,3.32,0.01,0,52
493,Kyron Hayden,NME,DEF,51,274356,281400,-7044,8,52.4,51.38,3.29,47.06,52.4,0.12,7.41,4.45,3.77,3.23,0.65,0,51
494,Mitch McGovern,CAR,FWD,51,273653,283900,-10247,12,52.8,51.83,2.61,70.59,45,0,7.47,3.53,5.65,2.8,0.01,0,51
495,Paddy Ryder,STK,RUC,51,271824,505900,-234076,13,94.2,94.2,0,0.764705882,94.2,0,13.57,0.01,0.07,5.67,0.01,0,51
496,Jack Bytel,STK,MID,50,270418,280500,-10082,3,58,57,4.45,17.65,58,0,8.22,6.02,1.42,3.56,0.01,0,50
497,Archie Smith,BRI,RUC,50,269715,217100,52615,5,40.4,67.33,3.3775,29.41,40.4,0,9.7,4.57,2.36,2.54,0.01,0,50
498,Mason Cox,COL,FWD,50,269575,312200,-42625,9,58.1,57,1.99,52.94,65.5,0,8.22,2.7,4.24,4,0.01,0,50
499,Sam Wicks,SYD,FWD,50,269153,316200,-47047,7,58.9,57.86,2.83,41.18,59.75,0,8.34,3.83,3.3,3.66,0.01,0,50
500,Sam Taylor,GWS,DEF,50,268871,323400,-54529,4,67,66,2.68,23.53,67,0,9.51,3.63,1.89,4.08,0.01,0,50
501,Brandon Zerk-Thatcher,ESS,DEF,50,268590,255200,13390,10,47.5,55,2.71,58.82,44.6,0,7.93,3.67,4.71,2.78,0.01,0,50
502,Bobby Hill,GWS,FWD,50,267465,287200,-19735,5,59.4,58.4,2.88,29.41,53,0.2,8.42,3.9,2.36,3.27,1.07,0,50
503,Mabior Chol,RIC,FWD,50,267325,327200,-59875,10,60.9,59.09,2.07,58.82,47.67,0,8.52,2.81,4.71,2.96,0.01,0,50
504,Jarrod Brander,WCE,MID,50,266903,295500,-28597,8,55,54,3.89,47.06,34,0,7.78,5.26,3.77,2.16,0.01,0,50
505,Jarrod Brander,WCE,FWD,50,266903,295500,-28597,8,55,54,3.89,47.06,34,0,7.78,5.26,3.77,2.16,0.01,0,50
506,Jarman Impey,HAW,FWD,50,266762,212800,53962,5,39.6,71.12,2.92,29.41,38,0,10.25,3.95,2.36,2.4,0.01,13,63
507,Charlie Spargo,MEL,FWD,49,264653,298200,-33547,8,55.5,54.5,2.74,47.06,56.5,0,7.86,3.71,3.77,3.47,0.01,0,49
508,Rhylee West,WBD,FWD,49,264512,278000,-13488,4,57.5,56.5,3.87,23.53,57.5,0,8.14,5.24,1.89,3.53,0.01,0,49
509,Travis Colyer,FRE,FWD,49,263668,275800,-12132,9,51.3,50.8,2.96,52.94,51.3,0,7.32,4.01,4.24,3.17,0.01,0,49
510,Jayden Laverde,ESS,FWD,49,263528,308000,-44472,6,57.3,62,2.54,35.29,57.3,0,8.94,3.44,2.83,3.52,0.01,0,49
511,Bailey Banfield,FRE,FWD,49,263106,288200,-25094,5,59.6,58.6,3.13,29.41,59.6,0,8.45,4.24,2.36,3.65,0.01,0,49
512,Sam Gray,SYD,FWD,49,263106,276300,-13194,7,51.4,50.43,3.66,41.18,51.4,0,7.27,4.95,3.3,3.18,0.01,0,49
513,Mitch Hannan,WBD,FWD,49,262965,283600,-20635,9,52.8,52.27,2.7,52.94,52.8,0,7.53,3.66,4.24,3.26,0.01,0,49
514,Hayden McLean,SYD,FWD,49,262262,317000,-54738,6,59,58,2.16,35.29,59,0.17,8.36,2.93,2.83,3.62,0.91,0,49
515,Luke Jackson,MEL,FWD,49,261559,312500,-50941,6,58.2,57.17,2.92,35.29,58.2,0,8.24,3.95,2.83,3.57,0.01,0,49
516,Changkuoth Jiath,HAW,DEF,48,260434,266500,-6066,5,49.6,64.5,3.05,29.41,43.5,0,9.3,4.13,2.36,2.72,0.01,0,48
517,Hayden Young,FRE,DEF,48,260153,279400,-19247,5,52,51,3.33,29.41,52,0.2,7.35,4.51,2.36,3.21,1.07,0,48
518,Jordan Clark,GEE,DEF,48,260153,241800,18353,3,50,58.7,4.08,17.65,50,0,8.46,5.52,1.42,3.09,0.01,0,48
519,Jordan Clark,GEE,MID,48,260153,241800,18353,3,50,58.7,4.08,17.65,50,0,8.46,5.52,1.42,3.09,0.01,0,48
520,Tom Sparrow,MEL,MID,48,260012,337200,-77188,5,62.8,61.8,3.78,29.41,33,0,8.91,5.11,2.36,2.1,0.01,0,48
521,Nick Larkey,NME,FWD,48,259731,263800,-4069,10,49.1,57.42,2.07,58.82,42.5,0,8.28,2.81,4.71,2.66,0.01,0,48
522,Lewis Taylor,SYD,FWD,48,257340,265600,-8260,9,49.4,48.44,2.96,52.94,49.4,0,6.98,4.01,4.24,3.06,0.01,0,48
523,Tarryn Thomas,NME,FWD,48,256215,290100,-33885,6,54,59.09,2.61,35.29,54,0,8.52,3.53,2.83,3.33,0.01,0,48
524,Bradley Close,GEE,FWD,48,255653,257200,-1547,8,53.2,52.25,2.82,47.06,49.33,0,7.53,3.82,3.77,3.05,0.01,0,48
525,Jack Mahony,NME,FWD,47,254668,271900,-17232,10,50.6,49.6,2.8,58.82,39,0,7.15,3.79,4.71,2.45,0.01,0,47
526,Josh Corbett,GCS,FWD,47,254247,273200,-18953,7,50.9,49.86,3.1,41.18,55,0,7.19,4.2,3.3,3.38,0.01,0,47
527,Dylan Roberton,STK,DEF,47,251434,139700,111734,1,26,83.12,2.74,5.88,26,0,11.98,3.71,0.48,1.7,0.01,0,47
528,Louis Butler,WBD,DEF,47,251294,191800,59494,2,51,50,4.84,11.76,51,0,7.21,6.55,0.95,3.15,0.01,0,47
529,Matthew Cottrell,CAR,MID,47,250731,262200,-11469,5,48.8,47.8,3.77,29.41,56.5,0,6.89,5.1,2.36,3.47,0.01,0,47
530,Oliver Hanrahan,HAW,FWD,47,250169,237200,12969,7,44.1,49.44,3.4,41.18,44.1,0,7.13,4.6,3.3,2.75,0.01,0,47
531,Caleb Graham,GCS,DEF,46,249465,284800,-35335,7,53,52,2.5,41.18,57.67,0,7.5,3.39,3.3,3.54,0.01,0,46
532,Jack Payne,BRI,DEF,46,249465,255100,-5635,4,52.8,59.8,2.79,23.53,56,0,8.62,3.78,1.89,3.44,0.01,0,46
533,Brayden Ainsworth,WCE,MID,46,248481,253900,-5419,8,47.2,48,2.99,47.06,47,0,6.92,4.05,3.77,2.92,0.01,0,46
534,Brayden Ainsworth,WCE,FWD,46,248481,253900,-5419,8,47.2,48,2.99,47.06,47,0,6.92,4.05,3.77,2.92,0.01,0,46
535,Ryan Gardner,WBD,DEF,46,247215,232800,14415,9,43.3,45.5,2.45,52.94,56.2,0,6.56,3.32,4.24,3.45,0.01,0,46
536,Ben Ronke,SYD,FWD,46,246090,275600,-29510,3,57,56.2,3.3,17.65,57,0,8.1,4.47,1.42,3.5,0.01,0,46
537,Sam Sturt,FRE,FWD,46,244825,265100,-20275,3,61.7,60.67,2.56,17.65,61.7,0,8.74,3.47,1.42,3.77,0.01,0,46
538,Jack Buckley,GWS,DEF,45,243840,223800,20040,2,59.5,58.5,3.18,11.76,59.5,0,8.43,4.3,0.95,3.65,0.01,0,45
539,Jack Buckley,GWS,MID,45,243840,223800,20040,2,59.5,58.5,3.18,11.76,59.5,0,8.43,4.3,0.95,3.65,0.01,0,45
540,Patrick Naish,RIC,MID,45,243840,180500,63340,1,42,69.5,3.1,5.88,42,0,10.02,4.2,0.48,2.63,0.01,0,45
541,Darcy Cameron,COL,FWD,45,243278,302900,-59622,8,56.4,51.7,2.41,47.06,36,0.1,7.45,3.26,3.77,2.28,0.54,0,45
542,James Bell,SYD,FWD,45,241028,267300,-26272,8,49.8,48.75,2.95,47.06,37,0,7.03,3.99,3.77,2.34,0.01,0,45
543,Jayden Hunt,MEL,FWD,45,240606,163300,77306,6,49,59.38,1.97,35.29,49,0,8.56,2.67,2.83,3.04,0.01,0,45
544,Taylor Garner,NME,FWD,45,239622,267400,-27778,2,45,59.22,3.5,11.76,45,0,8.54,4.74,0.95,2.8,0.01,0,45
545,Mark Hutchings,WCE,MID,45,239481,157600,81881,3,29.3,68.89,2.79,17.65,29.3,0,9.93,3.78,1.42,1.89,0.01,0,45
546,Mark Hutchings,WCE,FWD,45,239481,157600,81881,3,29.3,68.89,2.79,17.65,29.3,0,9.93,3.78,1.42,1.89,0.01,0,45
547,Billy Frampton,ADE,FWD,45,239059,286100,-47041,5,53.2,52.2,2.83,29.41,53.2,0,7.52,3.83,2.36,3.28,0.01,0,45
548,Jacob Townsend,GCS,FWD,45,239059,238200,859,12,44.3,43.33,2.07,70.59,36,0,6.25,2.81,5.65,2.28,0.01,0,45
549,Kaiden Brand,SYD,DEF,44,234700,245000,-10300,2,57,56,3.07,11.76,57,0,8.07,4.16,0.95,3.5,0.01,0,44
550,Neville Jetta,MEL,DEF,43,230481,186300,44181,6,34.7,59.21,2.08,35.29,34.7,0,8.53,2.82,2.83,2.2,0.01,0,43
551,Ned McHenry,ADE,FWD,43,228794,212900,15894,8,39.6,38.62,3.27,47.06,39.6,0,5.57,4.43,3.77,2.49,0.01,0,43
552,Aiden Bonar,NME,DEF,42,226403,245400,-18997,6,45.7,44.67,2.94,35.29,45.7,0,6.44,3.98,2.83,2.84,0.01,0,42
553,Paddy Dow,CAR,MID,42,224716,202400,22316,3,37.7,54.41,3.2,17.65,37.7,0,7.84,4.33,1.42,2.38,0.01,0,42
554,Paddy Dow,CAR,FWD,42,224716,202400,22316,3,37.7,54.41,3.2,17.65,37.7,0,7.84,4.33,1.42,2.38,0.01,0,42
555,Keidean Coleman,BRI,FWD,42,223169,299800,-76631,4,62,52,3.01,23.53,38,0,7.5,4.07,1.89,2.4,0.01,0,42
556,Will Hamill,ADE,DEF,41,222747,210900,11847,8,39.2,38.25,3.01,47.06,39.2,0,5.52,4.07,3.77,2.47,0.01,0,41
557,Jamaine Jones,WCE,FWD,41,222044,182400,39644,2,48.5,47.5,3.67,11.76,48.5,0,6.85,4.97,0.95,3.01,0.01,0,41
558,Will Hayes,WBD,MID,41,221903,249300,-27397,2,47.5,52,3.23,11.76,47.5,0,7.5,4.37,0.95,2.95,0.01,0,41
559,Boyd Woodcock,POR,FWD,41,218950,261100,-42150,5,54,53,3.37,29.41,14,0,7.64,4.56,2.36,1,0.01,0,41
560,Zach Guthrie,GEE,DEF,41,217966,180500,37466,3,42,47,3.44,17.65,42,0,6.78,4.66,1.42,2.63,0.01,0,41
561,Zach Guthrie,GEE,MID,41,217966,180500,37466,3,42,47,3.44,17.65,42,0,6.78,4.66,1.42,2.63,0.01,0,41
562,Matt Taberner,FRE,FWD,41,217544,403000,-185456,16,75,75,0,0.941176471,75,0,10.81,0.01,0.09,4.55,0.01,0,41
563,Keegan Brooksby,HAW,RUC,40,216841,206900,9941,1,55,54,2.7825,5.88,55,0,7.78,3.77,0.48,3.38,0.01,0,40
564,Fischer Mcasey,ADE,FWD,40,215856,199300,16556,10,37.1,36.1,2.27,58.82,37.1,0,5.21,3.08,4.71,2.34,0.01,0,40
565,Fischer Mcasey,ADE,DEF,40,215856,199300,16556,10,37.1,36.1,2.27,58.82,37.1,0,5.21,3.08,4.71,2.34,0.01,0,40
566,Finn Maginness,HAW,MID,40,215856,195600,20256,1,52,51,3.18,5.88,52,0,7.35,4.3,0.48,3.21,0.01,0,40
567,Jack Petruccelle,WCE,FWD,40,212622,217100,-4478,5,40.4,47.95,2.44,29.41,40.4,0,6.91,3.3,2.36,2.54,0.01,0,40
568,Connor Idun,GWS,DEF,39,210513,214900,-4387,2,50,49,2.85,11.76,50,0,7.06,3.86,0.95,3.09,0.01,0,39
569,Irving Mosquito,ESS,FWD,39,208403,264700,-56297,4,54.8,53.75,2.65,23.53,24,0,7.75,3.59,1.89,1.58,0.01,0,39
570,Joel Smith,MEL,DEF,39,207841,211100,-3259,7,39.3,50.12,1.83,41.18,27,0,7.23,2.48,3.3,1.76,0.01,0,39
571,Flynn Perez,NME,DEF,39,207841,193400,14441,3,45,44,3.11,17.65,45,0,6.34,4.21,1.42,2.8,0.01,0,39
572,Lachie Young,NME,DEF,38,203060,202000,1060,2,47,46,2.9,11.76,47,0,6.63,3.93,0.95,2.92,0.01,0,38
573,Lachie Young,NME,MID,38,203060,202000,1060,2,47,46,2.9,11.76,47,0,6.63,3.93,0.95,2.92,0.01,0,38
574,Ben Cavarra,WBD,FWD,37,200810,194900,5910,3,45.3,44.33,2.69,17.65,45.3,0,6.39,3.64,1.42,2.82,0.01,0,37
575,Jarrod Cameron,WCE,FWD,37,200810,153700,47110,5,28.6,54,1.68,29.41,28.6,0,7.78,2.28,2.36,1.85,0.01,0,37
576,Jack Silvagni,CAR,FWD,37,198560,257400,-58840,3,35.3,54.63,1.9,17.65,35.3,0,7.87,2.58,1.42,2.24,0.01,0,37
577,Tom J. Lynch,RIC,FWD,37,198419,366700,-168281,16,68.3,68.3,0,0.941176471,68.3,0,9.84,0.01,0.09,4.16,0.01,0,37
578,Tristan Xerri,NME,FWD,37,198138,265900,-67762,4,49.5,48.5,1.58,23.53,49.5,0,6.99,2.14,1.89,3.06,0.01,0,37
579,Josh Schache,WBD,FWD,37,197154,214400,-17246,2,39,53.86,2.1,11.76,39,0,7.76,2.85,0.95,2.45,0.01,0,37
580,Jordon Butts,ADE,DEF,36,195044,176800,18244,2,47,46,2.48,11.76,47,0,6.63,3.36,0.95,2.92,0.01,0,36
581,Keegan Brooksby,HAW,FWD,36,194201,206900,-12699,1,55,54,1.59,5.88,55,0,7.78,2.16,0.48,3.38,0.01,0,36
582,Harry Himmelberg,GWS,FWD,36,192232,355300,-163068,16,66.1,66.1,0,0.941176471,66.1,0,9.53,0.01,0.09,4.03,0.01,0,36
583,Conor Nash,HAW,FWD,36,191669,193400,-1731,2,40,46.64,2.54,11.76,40,0,6.72,3.44,0.95,2.51,0.01,0,36
584,Sam Philp,CAR,FWD,36,190966,171100,19866,2,45.5,44.5,2.49,11.76,45.5,0,6.42,3.37,0.95,2.83,0.01,0,36
585,Joel Amartey,SYD,RUC,35,189419,195600,-6181,1,52,51,1.785,5.88,52,0,7.35,2.42,0.48,3.21,0.01,0,35
586,Callum L. Brown,COL,FWD,35,189138,349600,-160462,14,65.1,65.1,0,0.823529412,65.1,0,9.38,0.01,0.08,3.97,0.01,0,35
587,Lance Franklin,SYD,FWD,35,189138,312000,-122862,0,0,91.9,0,0,0,0,13.24,0.01,0.01,0.18,0.01,0,35
588,Deven Robertson,BRI,MID,35,188857,176800,12057,1,47,46,2.5,5.88,47,0,6.63,3.39,0.48,2.92,0.01,0,35
589,Deven Robertson,BRI,FWD,35,188857,176800,12057,1,47,46,2.5,5.88,47,0,6.63,3.39,0.48,2.92,0.01,0,35
590,Josh J. Kennedy,WCE,FWD,35,187310,346200,-158890,16,64.4,64.4,0,0.941176471,64.4,0,9.28,0.01,0.09,3.93,0.01,0,35
591,Sean Lemmens,GCS,FWD,35,187029,253400,-66371,6,47.2,46.17,2.8,35.29,-3,0,6.66,3.79,2.83,0.01,0.01,0,35
592,Jy Farrar,GCS,FWD,35,187029,184300,2729,1,49,48,2.1,5.88,49,0,6.92,2.85,0.48,3.04,0.01,0,35
593,Ben Davis,ADE,FWD,35,186326,191800,-5474,1,51,50,1.77,5.88,51,0,7.21,2.4,0.48,3.15,0.01,0,35
594,Matt de Boer,GWS,MID,34,182529,303700,-121171,13,62.8,62.8,0,0.764705882,62.8,0,9.05,0.01,0.07,3.84,0.01,0,34
595,Cameron Ellis-Yolmen,BRI,MID,34,182388,337800,-155412,8,62.9,62.9,0,0.470588235,62.9,0,9.06,0.01,0.05,3.84,0.01,0,34
596,Cameron Ellis-Yolmen,BRI,FWD,34,182388,337800,-155412,8,62.9,62.9,0,0.470588235,62.9,0,9.06,0.01,0.05,3.84,0.01,0,34
597,Nick Hind,ESS,FWD,33,179013,331000,-151987,10,61.6,61.6,0,0.588235294,61.6,0,8.88,0.01,0.06,3.77,0.01,0,33
598,Tom Campbell,NME,RUC,33,177748,154700,23048,1,36,41,2.9225,5.88,36,0,5.91,3.96,0.48,2.28,0.01,0,33
599,Lochie O'Brien,CAR,MID,33,176060,180500,-4440,1,42,41.82,2.49,5.88,42,0,6.03,3.37,0.48,2.63,0.01,0,33
600,Xavier O'Halloran,GWS,MID,33,175216,227500,-52284,2,60.5,60.5,0,0.117647059,60.5,0,8.72,0.01,0.02,3.7,0.01,0,33
601,Joel Amartey,SYD,FWD,33,174935,195600,-20665,1,52,51,1.02,5.88,52,0,7.35,1.39,0.48,3.21,0.01,0,33
602,Marcus Adams,BRI,DEF,32,171560,250400,-78840,1,28,51.8,1.79,5.88,28,0,7.47,2.43,0.48,1.81,0.01,0,32
603,Trey Ruscoe,COL,FWD,32,171420,206800,-35380,4,38.5,37.5,1.83,23.53,38,0,5.41,2.48,1.89,2.4,0.01,0,32
604,Jeremy Sharp,GCS,MID,32,171420,141800,29620,2,33,32,3.33,11.76,33,0,4.62,4.51,0.95,2.1,0.01,0,32
605,Mitch Georgiades,POR,FWD,32,171279,317000,-145721,7,59,59,0,0.411764706,59,0,8.5,0.01,0.04,3.62,0.01,0,32
606,Kyle Hartigan,HAW,DEF,32,170295,314300,-144005,12,58.5,58.5,0,0.705882353,58.5,0,8.43,0.01,0.07,3.59,0.01,0,32
607,Jonathon Patton,HAW,FWD,32,170295,189800,-19505,6,35.3,34.33,1.53,35.29,35.3,0,4.95,2.08,2.83,2.24,0.01,0,32
608,Sam Flanders,GCS,FWD,32,170013,192300,-22287,5,35.8,34.8,2.17,29.41,27,0,5.02,2.94,2.36,1.76,0.01,0,32
609,Jimmy Webster,STK,DEF,32,169591,274000,-104409,0,0,82.26,0,0,0,0,11.85,0.01,0.01,0.18,0.01,0,32
610,Mark Keane,COL,DEF,32,169310,158000,11310,1,42,41,2.22,5.88,42,0,5.91,3.01,0.48,2.63,0.01,0,32
611,Jesse Hogan,GWS,FWD,31,168185,310800,-142615,7,57.9,57.9,0,0.411764706,57.9,0,8.35,0.01,0.04,3.55,0.01,0,31
612,Kieran Strachan,ADE,RUC,31,165795,146700,19095,1,39,38,2.485,5.88,39,0,5.48,3.37,0.48,2.45,0.01,0,31
613,Liam Henry,FRE,FWD,31,165092,184500,-19408,3,34.3,33.33,2.45,17.65,34.3,0,4.81,3.32,1.42,2.18,0.01,0,31
614,Aaron vandenBerg,MEL,MID,30,163545,301300,-137755,12,56.1,56.1,0,0.705882353,56.1,0,8.09,0.01,0.07,3.45,0.01,0,30
615,Thomson Dow,RIC,MID,30,163404,146100,17304,2,34,33,2.76,11.76,34,0,4.76,3.74,0.95,2.16,0.01,0,30
616,Lachlan Schultz,FRE,FWD,30,161998,298000,-136002,17,55.5,55.5,0,1,55.5,0,8,0.01,0.09,3.41,0.01,0,30
617,Tom Hickey,SYD,RUC,29,156795,261100,-104305,3,54,54,0,0.176470588,54,0,7.78,0.01,0.02,3.33,0.01,0,29
618,Chad Warner,SYD,FWD,29,154967,144000,10967,2,33.5,32.5,2.39,11.76,33.5,0,4.69,3.24,0.95,2.13,0.01,0,29
619,Lewis Young,WBD,DEF,29,154685,198300,-43615,0,0,59.5,1.29,5.88,0,0,8.58,1.75,0.48,0.18,0.01,0,29
620,Tom Hutchesson,GWS,MID,29,154685,135400,19285,1,36,35,2.35,5.88,36,0,5.05,3.18,0.48,2.28,0.01,0,29
621,Tom Hutchesson,GWS,FWD,29,154685,135400,19285,1,36,35,2.35,5.88,36,0,5.05,3.18,0.48,2.28,0.01,0,29
622,Tom Campbell,NME,FWD,29,153982,154700,-718,1,36,41,1.67,5.88,36,0,5.91,2.27,0.48,2.28,0.01,0,29
623,Tom Fullarton,BRI,RUC,28,152998,128900,24098,2,30,29,2.8175,11.76,30,0,4.18,3.81,0.95,1.93,0.01,0,28
624,Cody Weightman,WBD,FWD,28,149623,173700,-24077,3,32.3,31.33,1.94,17.65,32.3,0,4.52,2.63,1.42,2.06,0.01,0,28
625,Rory Atkins,GCS,MID,27,146951,244200,-97249,4,50.5,50.5,0,0.235294118,50.5,0,7.28,0.01,0.03,3.12,0.01,0,27
626,Kieran Strachan,ADE,FWD,27,145545,146700,-1155,1,39,38,1.42,5.88,39,0,5.48,1.93,0.48,2.45,0.01,0,27
627,Charlie Curnow,CAR,FWD,27,144139,294600,-150461,0,0,69.64,0,0,0,0,10.04,0.01,0.01,0.18,0.01,0,27
628,Ben Jarvis,GEE,FWD,27,143436,139200,4236,1,37,36,1.61,5.88,37,0,5.19,2.18,0.48,2.34,0.01,0,27
629,Ben Jarvis,GEE,DEF,27,143436,139200,4236,1,37,36,1.61,5.88,37,0,5.19,2.18,0.48,2.34,0.01,0,27
630,Willem Drew,POR,MID,27,143436,310800,-167364,0,0,69.3,0,0,0,0,9.99,0.01,0.01,0.18,0.01,0,27
631,Sam Switkowski,FRE,FWD,26,141748,279400,-137652,0,0,68.5,0,0,0,0,9.87,0.01,0.01,0.18,0.01,0,26
632,Ned Cahill,ESS,FWD,26,141748,161200,-19452,3,30,29,1.87,17.65,30,0,4.18,2.54,1.42,1.93,0.01,0,26
633,Connor Ballenden,BRI,FWD,26,141467,146100,-4633,2,34,33,1.61,11.76,34,0,4.76,2.18,0.95,2.16,0.01,0,26
634,Will Kelly,COL,FWD,26,140342,135400,4942,1,36,35,1.59,5.88,36,0,5.05,2.16,0.48,2.28,0.01,0,26
635,Marty Hore,MEL,DEF,26,140061,303600,-163539,0,0,67.64,0,0,0,0,9.75,0.01,0.01,0.18,0.01,0,26
636,Josh Morris,HAW,FWD,26,139076,145100,-6024,4,27,26,1.83,23.53,27,0,3.75,2.48,1.89,1.76,0.01,0,26
637,Toby Bedford,MEL,FWD,26,138233,137000,1233,2,25.5,24.5,2.7,11.76,25.5,0,3.54,3.66,0.95,1.67,0.01,0,26
638,Dom Tyson,NME,MID,26,137389,243900,-106511,0,0,66.33,0,0,0,0,9.56,0.01,0.01,0.18,0.01,0,26
639,Willie Rioli,WCE,FWD,26,136967,296600,-159633,0,0,66.12,0,0,0,0,9.53,0.01,0.01,0.18,0.01,0,26
640,Joel Hamling,FRE,DEF,25,135701,271000,-135299,0,0,65.5,0,0,0,0,9.44,0.01,0.01,0.18,0.01,0,25
641,Zac Smith,GCS,RUC,25,132326,216000,-83674,0,0,63.82,0,0,0,0,9.2,0.01,0.01,0.18,0.01,0,25
642,Bailey J. Williams,WCE,RUC,24,131201,193400,-62199,3,45,45,0,0.176470588,45,0,6.49,0.01,0.02,2.8,0.01,0,24
643,Bailey J. Williams,WCE,FWD,24,131201,193400,-62199,3,45,45,0,0.176470588,45,0,6.49,0.01,0.02,2.8,0.01,0,24
644,Tom Fullarton,BRI,FWD,24,130076,128900,1176,2,30,29,1.61,11.76,30,0,4.18,2.18,0.95,1.93,0.01,0,24
645,Thomas Berry,BRI,FWD,24,128108,235500,-107392,6,43.8,43.8,0,0.352941176,43.8,0,6.32,0.01,0.04,2.73,0.01,0,24
646,Xavier O'Neill,WCE,MID,24,126842,233200,-106358,5,43.4,43.4,0,0.294117647,43.4,0,6.26,0.01,0.03,2.71,0.01,0,24
647,Xavier O'Neill,WCE,FWD,24,126842,233200,-106358,5,43.4,43.4,0,0.294117647,43.4,0,6.26,0.01,0.03,2.71,0.01,0,24
648,Caleb Marchbank,CAR,DEF,24,126701,275400,-148699,0,0,61.08,0,0,0,0,8.8,0.01,0.01,0.18,0.01,0,24
649,Luke Foley,WCE,DEF,23,124311,127900,-3589,1,34,33,1.05,5.88,34,0,4.76,1.43,0.48,2.16,0.01,0,23
650,Daniel McKenzie,STK,DEF,23,123045,222300,-99255,0,0,59.27,0,0,0,0,8.54,0.01,0.01,0.18,0.01,0,23
651,Zac Langdon,WCE,FWD,23,122623,224900,-102277,7,41.9,41.9,0,0.411764706,41.9,0,6.04,0.01,0.04,2.62,0.01,0,23
652,Nathan Vardy,WCE,RUC,23,122483,228600,-106117,0,0,59,0,0,0,0,8.5,0.01,0.01,0.18,0.01,0,23
653,Kade Chandler,MEL,FWD,22,118545,161200,-42655,0,0,57,0,0,0,0,8.22,0.01,0.01,0.18,0.01,0,22
654,Callum Coleman-Jones,RIC,RUC,22,118545,161200,-42655,0,0,57,0,0,0,0,8.22,0.01,0.01,0.18,0.01,0,22
655,Callum Coleman-Jones,RIC,FWD,22,118545,161200,-42655,0,0,57,0,0,0,0,8.22,0.01,0.01,0.18,0.01,0,22
656,Kayne Turner,NME,FWD,22,117983,260800,-142817,0,0,56.74,0,0,0,0,8.18,0.01,0.01,0.18,0.01,0,22
657,Jordan Murdoch,GCS,DEF,22,116155,253000,-136845,0,0,55.86,0,0,0,0,8.05,0.01,0.01,0.18,0.01,0,22
658,Ryan Garthwaite,RIC,DEF,21,114467,188000,-73533,0,0,55,0,0,0,0,7.93,0.01,0.01,0.18,0.01,0,21
659,Matt Buntine,GWS,FWD,21,110108,225900,-115792,0,0,52.86,0,0,0,0,7.62,0.01,0.01,0.18,0.01,0,21
660,Matt Buntine,GWS,DEF,21,110108,225900,-115792,0,0,52.86,0,0,0,0,7.62,0.01,0.01,0.18,0.01,0,21
661,Darragh Joyce,STK,DEF,20,108420,177300,-68880,0,0,52,0,0,0,0,7.5,0.01,0.01,0.18,0.01,0,20
662,Alex Pearce,FRE,DEF,20,107999,235600,-127601,0,0,51.82,0,0,0,0,7.47,0.01,0.01,0.18,0.01,0,20
663,Patrick Ambrose,ESS,DEF,20,105749,217800,-112051,0,0,50.68,0,0,0,0,7.31,0.01,0.01,0.18,0.01,0,20
664,Jack Hombsch,GCS,DEF,20,105467,230200,-124733,0,0,50.56,0,0,0,0,7.29,0.01,0.01,0.18,0.01,0,20
665,Rory Thompson,GCS,DEF,20,105186,123900,-18714,0,0,50.43,0,0,0,0,7.27,0.01,0.01,0.18,0.01,0,20
666,Jake Stein,GWS,DEF,20,104764,200100,-95336,0,0,50.2,0,0,0,0,7.24,0.01,0.01,0.18,0.01,0,20
667,Ryan Byrnes,STK,MID,19,102655,123900,-21245,1,22,21,1.71,5.88,22,0,3.03,2.32,0.48,1.46,0.01,0,19
668,Joel Garner,POR,DEF,18,99280,189900,-90620,0,0,47.5,0,0,0,0,6.85,0.01,0.01,0.18,0.01,0,18
669,Liam Stocker,CAR,DEF,18,97452,186500,-89048,0,0,46.6,0,0,0,0,6.72,0.01,0.01,0.18,0.01,0,18
670,Minairo Frederick,FRE,FWD,18,96889,175700,-78811,10,32.7,32.7,0,0.588235294,32.7,0,4.72,0.01,0.06,2.09,0.01,0,18
671,Atu Bosenavulagi,NME,FWD,18,96327,175500,-79173,3,32.7,32.7,0,0.176470588,32.7,0,4.72,0.01,0.02,2.09,0.01,0,18
672,Chris Burgess,GCS,DEF,18,94217,210000,-115783,0,0,45,0,0,0,0,6.49,0.01,0.01,0.18,0.01,0,18
673,Daniel Venables,WCE,FWD,17,93796,179900,-86104,0,0,44.83,0,0,0,0,6.46,0.01,0.01,0.18,0.01,0,17
674,Stefan Giro,FRE,MID,17,91546,123900,-32354,0,0,43.7,0,0,0,0,6.3,0.01,0.01,0.18,0.01,0,17
675,Max Lynch,COL,RUC,17,91405,123900,-32495,1,22,21,1.12,5.88,22,0,3.03,1.52,0.48,1.46,0.01,0,17
676,Sam J. Reid,GWS,DEF,17,89436,297300,-207864,3,30.3,30.3,0,0.176470588,30.3,0,4.37,0.01,0.02,1.95,0.01,0,17
677,Matthew Ling,SYD,DEF,17,89436,163000,-73564,3,30.3,30.3,0,0.176470588,30.3,0,4.37,0.01,0.02,1.95,0.01,0,17
678,Matthew Owies,CAR,FWD,16,84233,123900,-39667,1,15,14,1.78,5.88,15,0,2.03,2.41,0.48,1.06,0.01,0,16
679,Max Lynch,COL,FWD,15,82265,123900,-41635,1,22,21,0.64,5.88,22,0,3.03,0.87,0.48,1.46,0.01,0,15
680,Josh Honey,CAR,MID,15,80296,123900,-43604,1,16,15,1.42,5.88,16,0,2.17,1.93,0.48,1.12,0.01,0,15
681,Josh Honey,CAR,FWD,15,80296,123900,-43604,1,16,15,1.42,5.88,16,0,2.17,1.93,0.48,1.12,0.01,0,15
682,Nathan Murphy,COL,DEF,13,68905,123900,-54995,0,0,32.5,0,0,0,0,4.69,0.01,0.01,0.18,0.01,0,13
683,Harry Edwards,WCE,DEF,10,56249,123900,-67651,1,10,9,1.05,5.88,10,0,1.31,1.43,0.48,0.77,0.01,0,10
684,Zach Sproule,GWS,FWD,9,49640,123900,-74260,0,0,23,0,0,0,0,3.32,0.01,0.01,0.18,0.01,0,9
685,Nick Shipley,GWS,MID,7,39515,123900,-84385,0,0,18,0,0,0,0,2.6,0.01,0.01,0.18,0.01,0,7
686,Connor Menadue,NME,DEF,1,3094,201500,-198406,0,0,0,0,0,0,0,0.01,0.01,0.01,0.18,0.01,0,1
687,Denver Grainger-Barras,HAW,DEF,1,3094,184800,-181706,0,0,0,0,0,0,0,0.01,0.01,0.01,0.18,0.01,0,1
688,Tyson Goldsack,POR,DEF,1,3094,182000,-178906,0,0,0,0,0,0,0,0.01,0.01,0.01,0.18,0.01,0,1
689,Zach Reid,ESS,DEF,1,3094,166800,-163706,0,0,0,0,0,0,0,0.01,0.01,0.01,0.18,0.01,0,1
690,Heath Chapman,FRE,DEF,1,3094,148800,-145706,0,0,0,0,0,0,0,0.01,0.01,0.01,0.18,0.01,0,1
691,Lachlan Jones,POR,DEF,1,3094,139800,-136706,0,0,0,0,0,0,0,0.01,0.01,0.01,0.18,0.01,0,1
692,Jaxon Prior,BRI,DEF,1,3094,123900,-120806,0,0,0,0,0,0,0,0.01,0.01,0.01,0.18,0.01,0,1
693,Brock Smith,BRI,DEF,1,3094,123900,-120806,0,0,0,0,0,0,0,0.01,0.01,0.01,0.18,0.01,0,1
694,Cian McBride,ESS,DEF,1,3094,123900,-120806,0,0,0,0,0,0,0,0.01,0.01,0.01,0.18,0.01,0,1
695,Leno Thomas,FRE,DEF,1,3094,123900,-120806,0,0,0,0,0,0,0,0.01,0.01,0.01,0.18,0.01,0,1
696,Sam De Koning,GEE,DEF,1,3094,123900,-120806,0,0,0,0,0,0,0,0.01,0.01,0.01,0.18,0.01,0,1
697,Stefan Okunbor,GEE,DEF,1,3094,123900,-120806,0,0,0,0,0,0,0,0.01,0.01,0.01,0.18,0.01,0,1
698,Jez McLennan,GCS,DEF,1,3094,123900,-120806,0,0,0,0,0,0,0,0.01,0.01,0.01,0.18,0.01,0,1
699,Luke Towey,GCS,DEF,1,3094,123900,-120806,0,0,0,0,0,0,0,0.01,0.01,0.01,0.18,0.01,0,1
700,Callum M. Brown,GWS,DEF,1,3094,123900,-120806,0,0,0,0,0,0,0,0.01,0.01,0.01,0.18,0.01,0,1
701,Jacob Koschitzke,HAW,DEF,1,3094,123900,-120806,0,0,0,0,0,0,0,0.01,0.01,0.01,0.18,0.01,0,1
702,Harry Pepper,HAW,DEF,1,3094,123900,-120806,0,0,0,0,0,0,0,0.01,0.01,0.01,0.18,0.01,0,1
703,Matt McGuinness,NME,DEF,1,3094,123900,-120806,0,0,0,0,0,0,0,0.01,0.01,0.01,0.18,0.01,0,1
704,Martin Frederick,POR,DEF,1,3094,123900,-120806,0,0,0,0,0,0,0,0.01,0.01,0.01,0.18,0.01,0,1
705,Jake Pasini,POR,DEF,1,3094,123900,-120806,0,0,0,0,0,0,0,0.01,0.01,0.01,0.18,0.01,0,1
706,Ben Miller,RIC,DEF,1,3094,123900,-120806,0,0,0,0,0,0,0,0.01,0.01,0.01,0.18,0.01,0,1
707,Oscar Clavarino,STK,DEF,1,3094,123900,-120806,0,0,0,0,0,0,0,0.01,0.01,0.01,0.18,0.01,0,1
708,Will Gould,SYD,DEF,1,3094,123900,-120806,0,0,0,0,0,0,0,0.01,0.01,0.01,0.18,0.01,0,1
709,Ben Johnson,WCE,DEF,1,3094,123900,-120806,0,0,0,0,0,0,0,0.01,0.01,0.01,0.18,0.01,0,1
710,Buku Khamis,WBD,DEF,1,3094,123900,-120806,0,0,0,0,0,0,0,0.01,0.01,0.01,0.18,0.01,0,1
711,Cody Brand,ESS,DEF,1,3094,117300,-114206,0,0,0,0,0,0,0,0.01,0.01,0.01,0.18,0.01,0,1
712,Brandon Walker,FRE,DEF,1,3094,117300,-114206,0,0,0,0,0,0,0,0.01,0.01,0.01,0.18,0.01,0,1
713,Cameron Fleeton,GWS,DEF,1,3094,117300,-114206,0,0,0,0,0,0,0,0.01,0.01,0.01,0.18,0.01,0,1
714,Jacob Wehr,GWS,DEF,1,3094,117300,-114206,0,0,0,0,0,0,0,0.01,0.01,0.01,0.18,0.01,0,1
715,Thomas Highmore,STK,DEF,1,3094,117300,-114206,0,0,0,0,0,0,0,0.01,0.01,0.01,0.18,0.01,0,1
716,Nick Stevens,GEE,DEF,1,3094,117200,-114106,0,0,0,0,0,0,0,0.01,0.01,0.01,0.18,0.01,0,1
717,James Borlase,ADE,DEF,1,3094,102400,-99306,0,0,0,0,0,0,0,0.01,0.01,0.01,0.18,0.01,0,1
718,Deividas Uosis,BRI,DEF,1,3094,102400,-99306,0,0,0,0,0,0,0,0.01,0.01,0.01,0.18,0.01,0,1
719,Luke Parks,CAR,DEF,1,3094,102400,-99306,0,0,0,0,0,0,0,0.01,0.01,0.01,0.18,0.01,0,1
720,Joel Jeffrey,GCS,DEF,1,3094,102400,-99306,0,0,0,0,0,0,0,0.01,0.01,0.01,0.18,0.01,0,1
721,Rhys Nicholls,GCS,DEF,1,3094,102400,-99306,0,0,0,0,0,0,0,0.01,0.01,0.01,0.18,0.01,0,1
722,Will Shaw,GWS,DEF,1,3094,102400,-99306,0,0,0,0,0,0,0,0.01,0.01,0.01,0.18,0.01,0,1
723,Patrick Walker,NME,DEF,1,3094,102400,-99306,0,0,0,0,0,0,0,0.01,0.01,0.01,0.18,0.01,0,1
724,Malachy Carruthers,SYD,DEF,1,3094,102400,-99306,0,0,0,0,0,0,0,0.01,0.01,0.01,0.18,0.01,0,1
725,Harrison Petty,MEL,FWD,1,3094,228200,-225106,0,0,0,0,0,0,0,0.01,0.01,0.01,0.18,0.01,0,1
726,Nikolas Cox,ESS,FWD,1,3094,175800,-172706,0,0,0,0,0,0,0,0.01,0.01,0.01,0.18,0.01,0,1
727,Josh Worrell,ADE,FWD,1,3094,123900,-120806,0,0,0,0,0,0,0,0.01,0.01,0.01,0.18,0.01,0,1
728,James Madden,BRI,FWD,1,3094,123900,-120806,0,0,0,0,0,0,0,0.01,0.01,0.01,0.18,0.01,0,1
729,Ross McQuillan,ESS,FWD,1,3094,123900,-120806,0,0,0,0,0,0,0,0.01,0.01,0.01,0.18,0.01,0,1
730,Kieren Briggs,GWS,FWD,1,3094,123900,-120806,0,0,0,0,0,0,0,0.01,0.01,0.01,0.18,0.01,0,1
731,Barry O'Connor,SYD,FWD,1,3094,123900,-120806,0,0,0,0,0,0,0,0.01,0.01,0.01,0.18,0.01,0,1
732,Joshua Eyre,ESS,FWD,1,3094,117300,-114206,0,0,0,0,0,0,0,0.01,0.01,0.01,0.18,0.01,0,1
733,Bailey Laurie,MEL,FWD,1,3094,117300,-114206,0,0,0,0,0,0,0,0.01,0.01,0.01,0.18,0.01,0,1
734,Isaac Chugg,COL,FWD,1,3094,102400,-99306,0,0,0,0,0,0,0,0.01,0.01,0.01,0.18,0.01,0,1
735,Harrison Petty,MEL,DEF,1,3094,228200,-225106,0,0,0,0,0,0,0,0.01,0.01,0.01,0.18,0.01,0,1
736,Nikolas Cox,ESS,DEF,1,3094,175800,-172706,0,0,0,0,0,0,0,0.01,0.01,0.01,0.18,0.01,0,1
737,Josh Worrell,ADE,DEF,1,3094,123900,-120806,0,0,0,0,0,0,0,0.01,0.01,0.01,0.18,0.01,0,1
738,James Madden,BRI,DEF,1,3094,123900,-120806,0,0,0,0,0,0,0,0.01,0.01,0.01,0.18,0.01,0,1
739,Ross McQuillan,ESS,DEF,1,3094,123900,-120806,0,0,0,0,0,0,0,0.01,0.01,0.01,0.18,0.01,0,1
740,Kieren Briggs,GWS,DEF,1,3094,123900,-120806,0,0,0,0,0,0,0,0.01,0.01,0.01,0.18,0.01,0,1
741,Barry O'Connor,SYD,DEF,1,3094,123900,-120806,0,0,0,0,0,0,0,0.01,0.01,0.01,0.18,0.01,0,1
742,Joshua Eyre,ESS,DEF,1,3094,117300,-114206,0,0,0,0,0,0,0,0.01,0.01,0.01,0.18,0.01,0,1
743,Bailey Laurie,MEL,DEF,1,3094,117300,-114206,0,0,0,0,0,0,0,0.01,0.01,0.01,0.18,0.01,0,1
744,Lachlan Gollant,ADE,DEF,1,3094,123900,-120806,0,0,0,0,0,0,0,0.01,0.01,0.01,0.18,0.01,0,1
745,Trent Bianco,COL,DEF,1,3094,123900,-120806,0,0,0,0,0,0,0,0.01,0.01,0.01,0.18,0.01,0,1
746,Leo Connolly,STK,DEF,1,3094,123900,-120806,0,0,0,0,0,0,0,0.01,0.01,0.01,0.18,0.01,0,1
747,Harry Sharp,BRI,DEF,1,3094,117300,-114206,0,0,0,0,0,0,0,0.01,0.01,0.01,0.18,0.01,0,1
748,Isiah Winder,WCE,DEF,1,3094,117300,-114206,0,0,0,0,0,0,0,0.01,0.01,0.01,0.18,0.01,0,1
749,Aiden Fyfe,GCS,DEF,1,3094,102400,-99306,0,0,0,0,0,0,0,0.01,0.01,0.01,0.18,0.01,0,1
750,Isaac Chugg,COL,DEF,1,3094,102400,-99306,0,0,0,0,0,0,0,0.01,0.01,0.01,0.18,0.01,0,1
751,Lachlan Gollant,ADE,MID,1,3094,123900,-120806,0,0,0,0,0,0,0,0.01,0.01,0.01,0.18,0.01,0,1
752,Trent Bianco,COL,MID,1,3094,123900,-120806,0,0,0,0,0,0,0,0.01,0.01,0.01,0.18,0.01,0,1
753,Leo Connolly,STK,MID,1,3094,123900,-120806,0,0,0,0,0,0,0,0.01,0.01,0.01,0.18,0.01,0,1
754,Harry Sharp,BRI,MID,1,3094,117300,-114206,0,0,0,0,0,0,0,0.01,0.01,0.01,0.18,0.01,0,1
755,Isiah Winder,WCE,MID,1,3094,117300,-114206,0,0,0,0,0,0,0,0.01,0.01,0.01,0.18,0.01,0,1
756,Aiden Fyfe,GCS,MID,1,3094,102400,-99306,0,0,0,0,0,0,0,0.01,0.01,0.01,0.18,0.01,0,1
757,Bigoa Nyuon,RIC,DEF,1,3094,123900,-120806,0,0,0,0,0,0,0,0.01,0.01,0.01,0.18,0.01,0,1
758,Bigoa Nyuon,RIC,RUC,1,3094,123900,-120806,0,0,0,0,0,0,0,0.01,0.01,0.01,0.18,0.01,0,1
759,Peter Wright,ESS,FWD,1,3094,292300,-289206,0,0,0,0,0,0,0,0.01,0.01,0.01,0.18,0.01,0,1
760,Jamarra Ugle-Hagan,WBD,FWD,1,3094,207300,-204206,0,0,0,0,0,0,0,0.01,0.01,0.01,0.18,0.01,0,1
761,Logan McDonald,SYD,FWD,1,3094,193800,-190706,0,0,0,0,0,0,0,0.01,0.01,0.01,0.18,0.01,0,1
762,Conor Stone,GWS,FWD,1,3094,144300,-141206,0,0,0,0,0,0,0,0.01,0.01,0.01,0.18,0.01,0,1
763,Oliver Henry,COL,FWD,1,3094,135300,-132206,0,0,0,0,0,0,0,0.01,0.01,0.01,0.18,0.01,0,1
764,Harrison Jones,ESS,FWD,1,3094,123900,-120806,0,0,0,0,0,0,0,0.01,0.01,0.01,0.18,0.01,0,1
765,Connor McFadyen,BRI,FWD,1,3094,123900,-120806,0,0,0,0,0,0,0,0.01,0.01,0.01,0.18,0.01,0,1
766,Anton Tohill,COL,FWD,1,3094,123900,-120806,0,0,0,0,0,0,0,0.01,0.01,0.01,0.18,0.01,0,1
767,Tom Wilson,COL,FWD,1,3094,123900,-120806,0,0,0,0,0,0,0,0.01,0.01,0.01,0.18,0.01,0,1
768,Oscar Brownless,GEE,FWD,1,3094,123900,-120806,0,0,0,0,0,0,0,0.01,0.01,0.01,0.18,0.01,0,1
769,Francis Evans,GEE,FWD,1,3094,123900,-120806,0,0,0,0,0,0,0,0.01,0.01,0.01,0.18,0.01,0,1
770,Nathan Kreuger,GEE,FWD,1,3094,123900,-120806,0,0,0,0,0,0,0,0.01,0.01,0.01,0.18,0.01,0,1
771,Cameron Taheny,GEE,FWD,1,3094,123900,-120806,0,0,0,0,0,0,0,0.01,0.01,0.01,0.18,0.01,0,1
772,Patrick Murtagh,GCS,FWD,1,3094,123900,-120806,0,0,0,0,0,0,0,0.01,0.01,0.01,0.18,0.01,0,1
773,Malcolm Rosas,GCS,FWD,1,3094,123900,-120806,0,0,0,0,0,0,0,0.01,0.01,0.01,0.18,0.01,0,1
774,Emerson Jeka,HAW,FWD,1,3094,123900,-120806,0,0,0,0,0,0,0,0.01,0.01,0.01,0.18,0.01,0,1
775,Miles Bergman,POR,FWD,1,3094,123900,-120806,0,0,0,0,0,0,0,0.01,0.01,0.01,0.18,0.01,0,1
776,James Rowe,ADE,FWD,1,3094,117300,-114206,0,0,0,0,0,0,0,0.01,0.01,0.01,0.18,0.01,0,1
777,Beau McCreery,COL,FWD,1,3094,117300,-114206,0,0,0,0,0,0,0,0.01,0.01,0.01,0.18,0.01,0,1
778,Liam McMahon,COL,FWD,1,3094,117300,-114206,0,0,0,0,0,0,0,0.01,0.01,0.01,0.18,0.01,0,1
779,Seamus Mitchell,HAW,FWD,1,3094,117300,-114206,0,0,0,0,0,0,0,0.01,0.01,0.01,0.18,0.01,0,1
780,Eddie Ford,NME,FWD,1,3094,117300,-114206,0,0,0,0,0,0,0,0.01,0.01,0.01,0.18,0.01,0,1
781,Ollie Lord,POR,FWD,1,3094,117300,-114206,0,0,0,0,0,0,0,0.01,0.01,0.01,0.18,0.01,0,1
782,Matthew Allison,STK,FWD,1,3094,117300,-114206,0,0,0,0,0,0,0,0.01,0.01,0.01,0.18,0.01,0,1
783,Dominic Bedendo,WBD,FWD,1,3094,117300,-114206,0,0,0,0,0,0,0,0.01,0.01,0.01,0.18,0.01,0,1
784,Blake Coleman,BRI,FWD,1,3094,117200,-114106,0,0,0,0,0,0,0,0.01,0.01,0.01,0.18,0.01,0,1
785,Marc Sheather,SYD,FWD,1,3094,102400,-99306,0,0,0,0,0,0,0,0.01,0.01,0.01,0.18,0.01,0,1
786,Will Phillips,NME,MID,1,3094,198300,-195206,0,0,0,0,0,0,0,0.01,0.01,0.01,0.18,0.01,0,1
787,Luke Pedlar,ADE,MID,1,3094,162300,-159206,0,0,0,0,0,0,0,0.01,0.01,0.01,0.18,0.01,0,1
788,Tanner Bruhn,GWS,MID,1,3094,157800,-154706,0,0,0,0,0,0,0,0.01,0.01,0.01,0.18,0.01,0,1
789,Tom Powell,NME,MID,1,3094,153300,-150206,0,0,0,0,0,0,0,0.01,0.01,0.01,0.18,0.01,0,1
790,Ryan Angwin,GWS,MID,1,3094,130800,-127706,0,0,0,0,0,0,0,0.01,0.01,0.01,0.18,0.01,0,1
791,Ronin O'Connor,ADE,MID,1,3094,123900,-120806,0,0,0,0,0,0,0,0.01,0.01,0.01,0.18,0.01,0,1
792,Brodie Kemp,CAR,MID,1,3094,123900,-120806,0,0,0,0,0,0,0,0.01,0.01,0.01,0.18,0.01,0,1
793,Sam Ramsay,CAR,MID,1,3094,123900,-120806,0,0,0,0,0,0,0,0.01,0.01,0.01,0.18,0.01,0,1
794,Jay Rantall,COL,MID,1,3094,123900,-120806,0,0,0,0,0,0,0,0.01,0.01,0.01,0.18,0.01,0,1
795,Tom Hird,ESS,MID,1,3094,123900,-120806,0,0,0,0,0,0,0,0.01,0.01,0.01,0.18,0.01,0,1
796,Luke Valente,FRE,MID,1,3094,123900,-120806,0,0,0,0,0,0,0,0.01,0.01,0.01,0.18,0.01,0,1
797,Cooper Stephens,GEE,MID,1,3094,123900,-120806,0,0,0,0,0,0,0,0.01,0.01,0.01,0.18,0.01,0,1
798,James Jordon,MEL,MID,1,3094,123900,-120806,0,0,0,0,0,0,0,0.01,0.01,0.01,0.18,0.01,0,1
799,Aaron Nietschke,MEL,MID,1,3094,123900,-120806,0,0,0,0,0,0,0,0.01,0.01,0.01,0.18,0.01,0,1
800,Jackson Mead,POR,MID,1,3094,123900,-120806,0,0,0,0,0,0,0,0.01,0.01,0.01,0.18,0.01,0,1
801,Riley Collier-Dawkins,RIC,MID,1,3094,123900,-120806,0,0,0,0,0,0,0,0.01,0.01,0.01,0.18,0.01,0,1
802,Will Martyn,RIC,MID,1,3094,123900,-120806,0,0,0,0,0,0,0,0.01,0.01,0.01,0.18,0.01,0,1
803,Riley Garcia,WBD,MID,1,3094,123900,-120806,0,0,0,0,0,0,0,0.01,0.01,0.01,0.18,0.01,0,1
804,Sam Berry,ADE,MID,1,3094,117300,-114206,0,0,0,0,0,0,0,0.01,0.01,0.01,0.18,0.01,0,1
805,Reef McInnes,COL,MID,1,3094,117300,-114206,0,0,0,0,0,0,0,0.01,0.01,0.01,0.18,0.01,0,1
806,Nathan O'Driscoll,FRE,MID,1,3094,117300,-114206,0,0,0,0,0,0,0,0.01,0.01,0.01,0.18,0.01,0,1
807,Joel Western,FRE,MID,1,3094,117300,-114206,0,0,0,0,0,0,0,0.01,0.01,0.01,0.18,0.01,0,1
808,Connor Downie,HAW,MID,1,3094,117300,-114206,0,0,0,0,0,0,0,0.01,0.01,0.01,0.18,0.01,0,1
809,Charlie Lazzaro,NME,MID,1,3094,117300,-114206,0,0,0,0,0,0,0,0.01,0.01,0.01,0.18,0.01,0,1
810,Errol Gulden,SYD,MID,1,3094,117300,-114206,0,0,0,0,0,0,0,0.01,0.01,0.01,0.18,0.01,0,1
811,Luke Edwards,WCE,MID,1,3094,117300,-114206,0,0,0,0,0,0,0,0.01,0.01,0.01,0.18,0.01,0,1
812,Jack Carroll,CAR,MID,1,3094,117200,-114106,0,0,0,0,0,0,0,0.01,0.01,0.01,0.18,0.01,0,1
813,Carter Michael,BRI,MID,1,3094,102400,-99306,0,0,0,0,0,0,0,0.01,0.01,0.01,0.18,0.01,0,1
814,Alex Davies,GCS,MID,1,3094,102400,-99306,0,0,0,0,0,0,0,0.01,0.01,0.01,0.18,0.01,0,1
815,Taj Schofield,POR,MID,1,3094,102400,-99306,0,0,0,0,0,0,0,0.01,0.01,0.01,0.18,0.01,0,1
816,Zane Trew,WCE,MID,1,3094,102400,-99306,0,0,0,0,0,0,0,0.01,0.01,0.01,0.18,0.01,0,1
817,Lachlan McNeil,WBD,MID,1,3094,102400,-99306,0,0,0,0,0,0,0,0.01,0.01,0.01,0.18,0.01,0,1
818,Braeden Campbell,SYD,MID,1,3094,189300,-186206,0,0,0,0,0,0,0,0.01,0.01,0.01,0.18,0.01,0,1
819,Braeden Campbell,SYD,FWD,1,3094,189300,-186206,0,0,0,0,0,0,0,0.01,0.01,0.01,0.18,0.01,0,1
820,Elijah Hollands,GCS,MID,1,3094,180300,-177206,0,0,0,0,0,0,0,0.01,0.01,0.01,0.18,0.01,0,1
821,Elijah Hollands,GCS,FWD,1,3094,180300,-177206,0,0,0,0,0,0,0,0.01,0.01,0.01,0.18,0.01,0,1
822,Archie Perkins,ESS,MID,1,3094,171300,-168206,0,0,0,0,0,0,0,0.01,0.01,0.01,0.18,0.01,0,1
823,Archie Perkins,ESS,FWD,1,3094,171300,-168206,0,0,0,0,0,0,0,0.01,0.01,0.01,0.18,0.01,0,1
824,Finlay Macrae,COL,MID,1,3094,126300,-123206,0,0,0,0,0,0,0,0.01,0.01,0.01,0.18,0.01,0,1
825,Finlay Macrae,COL,FWD,1,3094,126300,-123206,0,0,0,0,0,0,0,0.01,0.01,0.01,0.18,0.01,0,1
826,Nakia Cockatoo,BRI,MID,1,3094,123900,-120806,0,0,0,0,0,0,0,0.01,0.01,0.01,0.18,0.01,0,1
827,Tom Joyce,BRI,MID,1,3094,123900,-120806,0,0,0,0,0,0,0,0.01,0.01,0.01,0.18,0.01,0,1
828,Ely Smith,BRI,MID,1,3094,123900,-120806,0,0,0,0,0,0,0,0.01,0.01,0.01,0.18,0.01,0,1
829,Lachlan Johnson,ESS,MID,1,3094,123900,-120806,0,0,0,0,0,0,0,0.01,0.01,0.01,0.18,0.01,0,1
830,Trent Burgoyne,POR,MID,1,3094,123900,-120806,0,0,0,0,0,0,0,0.01,0.01,0.01,0.18,0.01,0,1
831,Dylan Williams,POR,MID,1,3094,123900,-120806,0,0,0,0,0,0,0,0.01,0.01,0.01,0.18,0.01,0,1
832,Noah Cumberland,RIC,MID,1,3094,123900,-120806,0,0,0,0,0,0,0,0.01,0.01,0.01,0.18,0.01,0,1
833,Hugo Ralphsmith,RIC,MID,1,3094,123900,-120806,0,0,0,0,0,0,0,0.01,0.01,0.01,0.18,0.01,0,1
834,Nakia Cockatoo,BRI,FWD,1,3094,123900,-120806,0,0,0,0,0,0,0,0.01,0.01,0.01,0.18,0.01,0,1
835,Tom Joyce,BRI,FWD,1,3094,123900,-120806,0,0,0,0,0,0,0,0.01,0.01,0.01,0.18,0.01,0,1
836,Ely Smith,BRI,FWD,1,3094,123900,-120806,0,0,0,0,0,0,0,0.01,0.01,0.01,0.18,0.01,0,1
837,Lachlan Johnson,ESS,FWD,1,3094,123900,-120806,0,0,0,0,0,0,0,0.01,0.01,0.01,0.18,0.01,0,1
838,Trent Burgoyne,POR,FWD,1,3094,123900,-120806,0,0,0,0,0,0,0,0.01,0.01,0.01,0.18,0.01,0,1
839,Dylan Williams,POR,FWD,1,3094,123900,-120806,0,0,0,0,0,0,0,0.01,0.01,0.01,0.18,0.01,0,1
840,Noah Cumberland,RIC,FWD,1,3094,123900,-120806,0,0,0,0,0,0,0,0.01,0.01,0.01,0.18,0.01,0,1
841,Hugo Ralphsmith,RIC,FWD,1,3094,123900,-120806,0,0,0,0,0,0,0,0.01,0.01,0.01,0.18,0.01,0,1
842,Max Holmes,GEE,MID,1,3094,121800,-118706,0,0,0,0,0,0,0,0.01,0.01,0.01,0.18,0.01,0,1
843,Max Holmes,GEE,FWD,1,3094,121800,-118706,0,0,0,0,0,0,0,0.01,0.01,0.01,0.18,0.01,0,1
844,Brayden Cook,ADE,FWD,1,3094,117300,-114206,0,0,0,0,0,0,0,0.01,0.01,0.01,0.18,0.01,0,1
845,Caleb Poulter,COL,FWD,1,3094,117300,-114206,0,0,0,0,0,0,0,0.01,0.01,0.01,0.18,0.01,0,1
846,Tyler Brockman,HAW,FWD,1,3094,117300,-114206,0,0,0,0,0,0,0,0.01,0.01,0.01,0.18,0.01,0,1
847,Jake Bowey,MEL,FWD,1,3094,117300,-114206,0,0,0,0,0,0,0,0.01,0.01,0.01,0.18,0.01,0,1
848,Fraser Rosman,MEL,FWD,1,3094,117300,-114206,0,0,0,0,0,0,0,0.01,0.01,0.01,0.18,0.01,0,1
849,Phoenix Spicer,NME,FWD,1,3094,117300,-114206,0,0,0,0,0,0,0,0.01,0.01,0.01,0.18,0.01,0,1
850,Maurice Rioli,RIC,FWD,1,3094,117300,-114206,0,0,0,0,0,0,0,0.01,0.01,0.01,0.18,0.01,0,1
851,Brayden Cook,ADE,MID,1,3094,117300,-114206,0,0,0,0,0,0,0,0.01,0.01,0.01,0.18,0.01,0,1
852,Corey Durdin,CAR,MID,1,3094,117300,-114206,0,0,0,0,0,0,0,0.01,0.01,0.01,0.18,0.01,0,1
853,Caleb Poulter,COL,MID,1,3094,117300,-114206,0,0,0,0,0,0,0,0.01,0.01,0.01,0.18,0.01,0,1
854,Tyler Brockman,HAW,MID,1,3094,117300,-114206,0,0,0,0,0,0,0,0.01,0.01,0.01,0.18,0.01,0,1
855,Jake Bowey,MEL,MID,1,3094,117300,-114206,0,0,0,0,0,0,0,0.01,0.01,0.01,0.18,0.01,0,1
856,Fraser Rosman,MEL,MID,1,3094,117300,-114206,0,0,0,0,0,0,0,0.01,0.01,0.01,0.18,0.01,0,1
857,Phoenix Spicer,NME,MID,1,3094,117300,-114206,0,0,0,0,0,0,0,0.01,0.01,0.01,0.18,0.01,0,1
858,Maurice Rioli,RIC,MID,1,3094,117300,-114206,0,0,0,0,0,0,0,0.01,0.01,0.01,0.18,0.01,0,1
859,Corey Durdin,CAR,FWD,1,3094,117200,-114106,0,0,0,0,0,0,0,0.01,0.01,0.01,0.18,0.01,0,1
860,Tariek Newchurch,ADE,FWD,1,3094,102400,-99306,0,0,0,0,0,0,0,0.01,0.01,0.01,0.18,0.01,0,1
861,Jack Ginnivan,COL,FWD,1,3094,102400,-99306,0,0,0,0,0,0,0,0.01,0.01,0.01,0.18,0.01,0,1
862,Hawego Paul Oea,GCS,MID,1,3094,102400,-99306,0,0,0,0,0,0,0,0.01,0.01,0.01,0.18,0.01,0,1
863,Jack Saunders,HAW,FWD,1,3094,102400,-99306,0,0,0,0,0,0,0,0.01,0.01,0.01,0.18,0.01,0,1
864,Tariek Newchurch,ADE,MID,1,3094,102400,-99306,0,0,0,0,0,0,0,0.01,0.01,0.01,0.18,0.01,0,1
865,Jack Ginnivan,COL,MID,1,3094,102400,-99306,0,0,0,0,0,0,0,0.01,0.01,0.01,0.18,0.01,0,1
866,Hawego Paul Oea,GCS,FWD,1,3094,102400,-99306,0,0,0,0,0,0,0,0.01,0.01,0.01,0.18,0.01,0,1
867,Jack Saunders,HAW,MID,1,3094,102400,-99306,0,0,0,0,0,0,0,0.01,0.01,0.01,0.18,0.01,0,1
868,Nick Bryan,ESS,RUC,1,3094,123900,-120806,0,0,0,0,0,0,0,0.01,0.01,0.01,0.18,0.01,0,1
869,Lloyd Meek,FRE,RUC,1,3094,123900,-120806,0,0,0,0,0,0,0,0.01,0.01,0.01,0.18,0.01,0,1
870,Matt Conroy,GCS,RUC,1,3094,123900,-120806,0,0,0,0,0,0,0,0.01,0.01,0.01,0.18,0.01,0,1
871,Matt Flynn,GWS,RUC,1,3094,123900,-120806,0,0,0,0,0,0,0,0.01,0.01,0.01,0.18,0.01,0,1
872,Ned Reeves,HAW,RUC,1,3094,123900,-120806,0,0,0,0,0,0,0,0.01,0.01,0.01,0.18,0.01,0,1
873,Austin Bradtke,MEL,RUC,1,3094,123900,-120806,0,0,0,0,0,0,0,0.01,0.01,0.01,0.18,0.01,0,1
874,Sam Hayes,POR,RUC,1,3094,123900,-120806,0,0,0,0,0,0,0,0.01,0.01,0.01,0.18,0.01,0,1
875,Sam Alabakis,STK,RUC,1,3094,123900,-120806,0,0,0,0,0,0,0,0.01,0.01,0.01,0.18,0.01,0,1
876,Callum Jamieson,WCE,RUC,1,3094,123900,-120806,0,0,0,0,0,0,0,0.01,0.01,0.01,0.18,0.01,0,1
877,Jordon Sweet,WBD,RUC,1,3094,123900,-120806,0,0,0,0,0,0,0,0.01,0.01,0.01,0.18,0.01,0,1
878,Henry Smith,BRI,RUC,1,3094,117300,-114206,0,0,0,0,0,0,0,0.01,0.01,0.01,0.18,0.01,0,1
879,Samson Ryan,RIC,RUC,1,3094,117300,-114206,0,0,0,0,0,0,0,0.01,0.01,0.01,0.18,0.01,0,1
880,Paul Tsapatolis,GEE,RUC,1,3094,102400,-99306,0,0,0,0,0,0,0,0.01,0.01,0.01,0.18,0.01,0,1
881,Mate Colina,RIC,RUC,1,3094,102400,-99306,0,0,0,0,0,0,0,0.01,0.01,0.01,0.18,0.01,0,1
882,Riley Thilthorpe,ADE,RUC,1,3094,202800,-199706,0,0,0,0,0,0,0,0.01,0.01,0.01,0.18,0.01,0,1
883,Riley Thilthorpe,ADE,FWD,1,3094,202800,-199706,0,0,0,0,0,0,0,0.01,0.01,0.01,0.18,0.01,0,1
884,Charlie Comben,NME,RUC,1,3094,123900,-120806,0,0,0,0,0,0,0,0.01,0.01,0.01,0.18,0.01,0,1
885,Charlie Comben,NME,FWD,1,3094,123900,-120806,0,0,0,0,0,0,0,0.01,0.01,0.01,0.18,0.01,0,1
886,Shannon Neale,GEE,RUC,1,3094,117300,-114206,0,0,0,0,0,0,0,0.01,0.01,0.01,0.18,0.01,0,1
887,Shannon Neale,GEE,FWD,1,3094,117300,-114206,0,0,0,0,0,0,0,0.01,0.01,0.01,0.18,0.01,0,1
888,Josh Treacy,FRE,RUC,1,3094,102400,-99306,0,0,0,0,0,0,0,0.01,0.01,0.01,0.18,0.01,0,1
889,Josh Treacy,FRE,FWD,1,3094,102400,-99306,0,0,0,0,0,0,0,0.01,0.01,0.01,0.18,0.01,0,1
