"","Name","Team","Position","proj_score","proj_salary","Price","value","2020_Games","2020_Average","talent","opportunity","durability","form","consistency","weighted_talent","weighted_opportunity","weighted_durability","weighted_form","weighted_consistency","manual_weight"
"1","Max Gawn","MEL","RUC",131,717709,751400,-33691,14,139.9,138.86,9.3625,82.35,134.33,0.86,25,4.87,6.59,5,7.32,0
"2","Lachie Neale","BRI","MID",128,704025,721800,-17775,17,134.4,132.74,9.62,100,112.86,0.79,23.9,5,8,4.22,6.73,0
"3","Jake Lloyd","SYD","DEF",126,692843,656400,36443,17,122.2,121.18,8.82,100,125.4,0.94,21.82,4.59,8,4.68,8,0
"4","Brodie Grundy","COL","RUC",125,683574,648200,35374,17,120.6,128.85,7.9625,100,106,0.84,23.2,4.14,8,3.97,7.15,0
"5","Clayton Oliver","MEL","MID",120,658856,656700,2156,17,122.2,121.24,8.43,100,109.5,0.76,21.83,4.38,8,4.1,6.47,0
"6","Jack Steele","STK","MID",120,655913,658000,-2087,17,122.5,119.58,7.51,100,129.86,0.74,21.53,3.91,8,4.84,6.3,0
"7","Tom Mitchell","HAW","MID",118,645467,610000,35467,17,113.5,123.04,8.01,100,107.4,0.65,22.15,4.16,8,4.02,5.54,0
"8","Patrick Dangerfield","GEE","MID",117,642083,611900,30183,17,113.9,125.12,6.69,100,116.56,0.62,22.53,3.48,8,4.35,5.28,0
"9","Patrick Dangerfield","GEE","FWD",117,642083,611900,30183,17,113.9,125.12,6.69,100,116.56,0.62,22.53,3.48,8,4.35,5.28,0
"10","Christian Petracca","MEL","MID",117,641641,631400,10241,17,117.5,116.53,7.94,100,107.67,0.76,20.98,4.13,8,4.03,6.47,0
"11","Jack Macrae","WBD","MID",117,640023,650100,-10077,17,121,120.44,8.52,100,97.6,0.67,21.69,4.43,8,3.67,5.71,0
"12","Zach Merrett","ESS","MID",116,636786,620900,15886,16,115.6,114.56,8.68,94.12,127,0.69,20.63,4.51,7.53,4.73,5.88,0
"13","Matt Crouch","ADE","MID",115,629282,594700,34582,16,110.7,109.69,9.25,94.12,128.8,0.69,19.75,4.81,7.53,4.8,5.88,0
"14","Taylor Adams","COL","MID",113,620896,588800,32096,17,109.6,109.63,7.19,100,106.43,0.79,19.74,3.74,8,3.99,6.73,0
"15","Todd Goldstein","NME","RUC",113,618836,601700,17136,17,112,112.88,8.715,100,84,0.71,20.32,4.53,8,3.17,6.04,0
"16","Jarryd Lyons","BRI","MID",112,614422,604600,9822,17,112.5,109.58,7.74,100,98.71,0.74,19.73,4.02,8,3.71,6.3,0
"17","Nat Fyfe","FRE","MID",111,606918,608300,-1382,14,113.2,118.36,7.12,82.35,112.4,0.64,21.31,3.7,6.59,4.2,5.45,0
"18","Marcus Bontempelli","WBD","MID",111,606477,623900,-17423,17,116.1,112.68,6.74,100,112.8,0.61,20.29,3.51,8,4.22,5.2,0
"19","Luke Parker","SYD","MID",110,603976,571100,32876,17,106.3,105.29,7.57,100,109.8,0.71,18.96,3.94,8,4.11,6.04,0
"20","Josh Kelly","GWS","MID",110,602210,615600,-13390,14,114.6,113.57,7.39,82.35,107,0.71,20.45,3.84,6.59,4.01,6.04,0
"21","Mitch Duncan","GEE","MID",110,601327,556700,44627,16,103.6,107.75,6.56,94.12,110.56,0.75,19.4,3.41,7.53,4.14,6.39,0
"22","Andrew Gaff","WCE","MID",109,600297,570800,29497,17,106.2,104.94,8.48,100,114.83,0.61,18.9,4.41,8,4.29,5.2,0
"23","Sam Menegola","GEE","MID",109,599562,579000,20562,17,107.8,105.71,6.83,100,110.33,0.71,19.03,3.55,8,4.13,6.04,0
"24","Reilly O'Brien","ADE","RUC",109,596325,570800,25525,17,106.2,105.24,8.4525,100,111.6,0.59,18.95,4.39,8,4.17,5.02,0
"25","Travis Boak","POR","MID",108,593824,590400,3424,17,109.9,107.47,7.43,100,112.5,0.58,19.35,3.86,8,4.21,4.94,0
"26","Nic Naitanui","WCE","RUC",108,591764,593700,-1936,16,110.5,110.41,6.895,94.12,112.2,0.59,19.88,3.59,7.53,4.2,5.02,0
"27","Lachie Whitfield","GWS","DEF",108,590734,561600,29134,17,104.5,104.1,7.69,100,117.6,0.59,18.74,4,8,4.39,5.02,0
"28","Luke Ryan","FRE","DEF",108,590440,576500,13940,17,107.3,105.71,6.2,100,102.2,0.71,19.03,3.23,8,3.83,6.04,0
"29","Touk Miller","GCS","MID",107,587497,569200,18297,17,105.9,104.94,7.01,100,102.4,0.65,18.9,3.65,8,3.84,5.54,0
"30","Dustin Martin","RIC","MID",107,586908,541600,45308,16,100.8,112.89,7.12,94.12,108.67,0.5,20.33,3.7,7.53,4.07,4.26,0
"31","Dustin Martin","RIC","FWD",107,586908,541600,45308,16,100.8,112.89,7.12,94.12,108.67,0.5,20.33,3.7,7.53,4.07,4.26,0
"32","Rory Laird","ADE","DEF",107,586614,564800,21814,17,105.1,104.12,8.1,100,117.6,0.53,18.75,4.21,8,4.39,4.52,0
"33","Rory Laird","ADE","MID",107,586614,564800,21814,17,105.1,104.12,8.1,100,117.6,0.53,18.75,4.21,8,4.39,4.52,0
"34","Tom Rockliff","POR","MID",106,579699,573000,6699,14,106.6,106.12,7.39,82.35,122.67,0.62,19.11,3.84,6.59,4.58,5.28,0
"35","Rowan Marshall","STK","RUC",105,577345,557200,20145,17,103.7,105.64,8.3825,100,102.86,0.47,19.02,4.36,8,3.86,4,0
"36","Caleb Daniel","WBD","DEF",105,577198,545500,31698,17,101.5,103.44,6.51,100,118.8,0.56,18.63,3.39,8,4.44,4.77,0
"37","Patrick Cripps","CAR","MID",105,573667,523700,49967,17,97.5,112.58,6.99,100,81.6,0.47,20.27,3.64,8,3.08,4,0
"38","Cameron Guthrie","GEE","MID",104,572931,554700,18231,17,103.2,102.43,6.87,100,109.11,0.57,18.44,3.57,8,4.08,4.85,0
"39","Hugh Greenwood","GCS","MID",104,570430,567300,3130,17,105.6,104.59,6.22,100,111.8,0.53,18.83,3.24,8,4.18,4.52,0
"40","Stephen Coniglio","GWS","MID",104,568076,528900,39176,16,98.4,105.88,7.06,94.12,95.25,0.56,19.06,3.67,7.53,3.58,4.77,0
"41","Tom Liberatore","WBD","MID",103,564692,569900,-5208,15,106.1,104,6.7,88.24,115.8,0.56,18.73,3.49,7.06,4.33,4.77,0
"42","Sam Walsh","CAR","MID",103,564544,543300,21244,17,101.1,100.12,7.3,100,121.8,0.47,18.03,3.8,8,4.54,4,0
"43","Hugh McCluggage","BRI","MID",103,564103,545500,18603,17,101.5,102.16,6.68,100,105.43,0.53,18.4,3.47,8,3.95,4.52,0
"44","Tim English","WBD","RUC",103,564103,551200,12903,17,102.6,101.06,7.595,100,105,0.5,18.2,3.95,8,3.93,4.26,0
"45","Jed Anderson","NME","MID",103,563662,562300,1362,15,104.7,103.67,7,88.24,118.4,0.53,18.67,3.64,7.06,4.42,4.52,0
"46","Jordan Ridley","ESS","DEF",102,558071,547700,10371,17,101.9,100.94,5.91,100,97.17,0.59,18.18,3.08,8,3.65,5.02,0
"47","Lachie Hunter","WBD","MID",102,557335,618500,-61165,9,115.1,110.9,8.16,52.94,115.75,0.6,19.97,4.24,4.24,4.32,5.11,0
"48","Ollie Wines","POR","MID",102,557335,560600,-3265,15,104.3,103.24,7.07,88.24,107.67,0.53,18.59,3.68,7.06,4.03,4.52,0
"49","Jeremy Howe","COL","DEF",102,556894,517900,38994,4,120.5,119.5,6.83,23.53,120.5,0.75,21.52,3.55,1.89,4.5,6.39,0
"50","Tom Hawkins","GEE","FWD",101,554981,568600,-13619,17,105.8,105.43,3.97,100,101.89,0.57,18.98,2.07,8,3.82,4.85,0
"51","Tom Stewart","GEE","DEF",101,554098,538000,16098,14,100.1,100.06,6.16,82.35,110.33,0.67,18.02,3.21,6.59,4.13,5.71,0
"52","Andrew Brayshaw","FRE","MID",100,549831,544200,5631,17,101.3,99.71,6.63,100,91.8,0.53,17.95,3.45,8,3.45,4.52,0
"53","Rowan Marshall","STK","FWD",100,549831,557200,-7369,17,103.7,105.64,4.79,100,102.86,0.47,19.02,2.49,8,3.86,4,0
"54","Adam Saad","CAR","DEF",100,549537,526200,23337,17,97.9,96.94,6.24,100,96.33,0.59,17.46,3.25,8,3.62,5.02,0
"55","Scott Pendlebury","COL","MID",100,548360,592200,-43840,13,110.2,107.83,7.47,76.47,102.6,0.47,19.42,3.88,6.12,3.85,4,0
"56","Callum Mills","SYD","DEF",99,543063,544800,-1737,15,101.4,100.4,6.17,88.24,108,0.53,18.08,3.21,7.06,4.04,4.52,0
"57","Dylan Shiel","ESS","MID",99,542622,548000,-5378,15,102,101,7.65,88.24,97.17,0.47,18.19,3.98,7.06,3.65,4,0
"58","Steele Sidebottom","COL","MID",99,541739,588000,-46261,9,109.4,108.44,7.52,52.94,117,0.56,19.53,3.91,4.24,4.37,4.77,0
"59","Steele Sidebottom","COL","FWD",99,541739,588000,-46261,9,109.4,108.44,7.52,52.94,117,0.56,19.53,3.91,4.24,4.37,4.77,0
"60","Dayne Zorko","BRI","MID",98,537914,525800,12114,15,97.9,101.92,6.02,88.24,93,0.53,18.35,3.13,7.06,3.5,4.52,0
"61","Dayne Zorko","BRI","FWD",98,537914,525800,12114,15,97.9,101.92,6.02,88.24,93,0.53,18.35,3.13,7.06,3.5,4.52,0
"62","Adam Treloar","WBD","MID",98,535707,587600,-51893,8,109.4,110.23,8.54,47.06,86,0.6,19.85,4.44,3.77,3.24,5.11,0
"63","Jayden Short","RIC","DEF",97,534530,519300,15230,17,96.6,97.33,6.56,100,99.33,0.43,17.53,3.41,8,3.73,3.66,0
"64","Luke McDonald","NME","DEF",97,534235,512900,21335,17,95.5,94.47,6.74,100,114.8,0.41,17.01,3.51,8,4.29,3.5,0
"65","Steven May","MEL","DEF",97,534235,507900,26335,17,94.5,93.53,5.4,100,110.67,0.53,16.84,2.81,8,4.14,4.52,0
"66","Josh Dunkley","WBD","MID",97,534088,560200,-26112,11,104.3,113.24,5.86,64.71,109.6,0.42,20.39,3.05,5.18,4.1,3.58,0
"67","Josh Dunkley","WBD","FWD",97,534088,560200,-26112,11,104.3,113.24,5.86,64.71,109.6,0.42,20.39,3.05,5.18,4.1,3.58,0
"68","Jack Crisp","COL","DEF",97,533941,533200,741,17,99.2,97.16,6.07,100,108.29,0.42,17.5,3.16,8,4.05,3.58,0
"69","Brayden Maynard","COL","DEF",97,532764,549900,-17136,17,102.4,95.84,5.87,100,89.71,0.53,17.26,3.05,8,3.38,4.52,0
"70","Nick Haynes","GWS","DEF",96,528644,528400,244,17,98.4,97.35,5.36,100,81.8,0.53,17.53,2.79,8,3.09,4.52,0
"71","Trent Dumont","NME","MID",96,528056,543300,-15244,17,101.2,100.24,6.7,100,89.4,0.35,18.05,3.49,8,3.37,2.98,0
"72","Jy Simpkin","NME","MID",96,527762,499700,28062,17,93,92,6.74,100,86.6,0.53,16.57,3.51,8,3.27,4.52,0
"73","Tim Kelly","WCE","MID",96,526584,517400,9184,17,96.3,94.72,7.01,100,100,0.39,17.06,3.65,8,3.75,3.33,0
"74","Shaun Higgins","GEE","MID",96,526143,510400,15743,17,95,97.2,7.12,100,81,0.41,17.5,3.7,8,3.06,3.5,0
"75","David Mundy","FRE","MID",96,525113,502000,23113,16,93.4,96.4,6.06,94.12,104,0.44,17.36,3.15,7.53,3.9,3.75,0
"76","Michael Walters","FRE","MID",96,524525,531100,-6575,14,98.9,99.67,5.88,82.35,84.67,0.57,17.95,3.06,6.59,3.2,4.85,0
"77","Michael Walters","FRE","FWD",96,524525,531100,-6575,14,98.9,99.67,5.88,82.35,84.67,0.57,17.95,3.06,6.59,3.2,4.85,0
"78","Sam Docherty","CAR","DEF",96,524230,496000,28230,16,92.3,104.46,6.62,94.12,85,0.31,18.81,3.44,7.53,3.21,2.64,0
"79","Bailey Smith","WBD","MID",95,522759,494600,28159,17,92.1,90.89,6.85,100,88.6,0.5,16.37,3.56,8,3.34,4.26,0
"80","Harry Perryman","GWS","MID",95,521729,505000,16729,16,94,93,6.16,94.12,98.75,0.5,16.75,3.21,7.53,3.71,4.26,0
"81","Jack Viney","MEL","MID",95,521141,534900,-13759,16,99.6,98.56,6.7,94.12,90.6,0.38,17.75,3.49,7.53,3.41,3.24,0
"82","Josh P. Kennedy","SYD","MID",95,519522,513500,6022,12,95.6,102.63,7.06,70.59,105,0.42,18.48,3.67,5.65,3.93,3.58,0
"83","Ed Curnow","CAR","MID",94,517609,512600,5009,17,95.4,95.48,6.69,100,93.8,0.35,17.19,3.48,8,3.53,2.98,0
"84","Luke Shuey","WCE","MID",93,510106,508600,1506,12,94.7,99.19,6.61,70.59,82.67,0.54,17.86,3.44,5.65,3.12,4.6,0
"85","Shannon Hurn","WCE","DEF",93,509811,477800,32011,16,88.9,99.74,5.57,94.12,101,0.29,17.96,2.9,7.53,3.79,2.47,0
"86","Robbie Gray","POR","FWD",93,509223,491100,18123,17,91.4,95.3,5.37,100,104.67,0.32,17.16,2.8,8,3.92,2.73,0
"87","Mark Blicavs","GEE","DEF",93,508634,531600,-22966,17,98.9,95.62,4.03,100,95.56,0.43,17.22,2.1,8,3.59,3.66,0
"88","Mark Blicavs","GEE","MID",93,508634,531600,-22966,17,98.9,95.62,4.03,100,95.56,0.43,17.22,2.1,8,3.59,3.66,0
"89","Elliot Yeo","WCE","MID",92,505692,483000,22692,10,89.9,102.88,6.71,58.82,89.9,0.5,18.52,3.49,4.71,3.39,4.26,0
"90","Jacob Hopper","GWS","MID",92,504220,488600,15620,17,90.9,93.2,6.44,100,97.8,0.29,16.78,3.35,8,3.67,2.47,0
"91","Marc Murphy","CAR","MID",92,502602,444700,57902,17,82.8,98.88,6.55,100,76.6,0.24,17.8,3.41,8,2.9,2.05,0
"92","Jarrod Witts","GCS","RUC",92,502161,501600,561,17,93.4,95.62,6.16,100,85.6,0.29,17.22,3.21,8,3.23,2.47,0
"93","James Sicily","HAW","DEF",91,500984,552900,-51916,11,102.9,101.18,5.66,64.71,102.9,0.45,18.22,2.95,5.18,3.86,3.84,0
"94","Andrew McGrath","ESS","MID",91,499512,510000,-10488,14,94.9,93.93,7.32,82.35,78.67,0.43,16.91,3.81,6.59,2.98,3.66,0
"95","Dan Houston","POR","DEF",90,496128,489300,6828,15,91.1,90.53,5.58,88.24,105.75,0.41,16.3,2.9,7.06,3.96,3.5,0
"96","Jack Billings","STK","MID",90,495981,514800,-18819,17,95.8,92.42,6.35,100,80.29,0.32,16.64,3.3,8,3.04,2.73,0
"97","Brad Sheppard","WCE","DEF",90,492891,492700,191,17,91.7,88.89,5.55,100,86.83,0.39,16.01,2.89,8,3.27,3.33,0
"98","Devon Smith","ESS","MID",90,492450,458000,34450,16,85.2,92.33,6.01,94.12,94.2,0.31,16.63,3.13,7.53,3.54,2.64,0
"99","Joel Selwood","GEE","MID",90,491567,445000,46567,11,82.8,105.08,5.54,64.71,96.2,0.33,18.92,2.88,5.18,3.61,2.82,0
"100","Will Setterfield","CAR","MID",89,490537,481900,8637,16,89.7,88.69,5.42,94.12,100.75,0.38,15.97,2.82,7.53,3.78,3.24,0
"101","Christian Salem","MEL","DEF",89,490096,469100,20996,16,87.3,87.45,6.34,94.12,92.67,0.38,15.75,3.3,7.53,3.49,3.24,0
"102","Scott Lycett","POR","RUC",89,489654,520700,-31046,13,96.9,98.39,6.23,76.47,89.67,0.33,17.72,3.24,6.12,3.38,2.82,0
"103","Ed Langdon","MEL","MID",89,488919,487300,1619,17,90.7,89.71,6.77,100,93.33,0.24,16.15,3.52,8,3.51,2.05,0
"104","Adam Cerra","FRE","MID",89,488919,484800,4119,17,90.2,88.76,5.79,100,100.6,0.29,15.98,3.01,8,3.77,2.47,0
"105","Daniel Rich","BRI","DEF",89,488330,483100,5230,13,89.9,92.46,6.11,76.47,118.25,0.33,16.65,3.18,6.12,4.42,2.82,0
"106","Brad Crouch","STK","MID",88,480826,448600,32226,12,83.5,95.12,7.79,70.59,80,0.33,17.13,4.05,5.65,3.03,2.82,0
"107","Sebastian Ross","STK","MID",87,478472,417900,60572,14,77.8,99.13,6.13,82.35,86.4,0.19,17.85,3.19,6.59,3.26,1.63,0
"108","Dom Sheed","WCE","MID",87,475824,478500,-2676,16,89.1,88.96,6.9,94.12,71.8,0.29,16.02,3.59,7.53,2.73,2.47,0
"109","James Worpel","HAW","MID",87,475677,474200,1477,15,88.3,95.71,6.08,88.24,84,0.2,17.23,3.16,7.06,3.17,1.71,0
"110","Ben McEvoy","HAW","RUC",87,475235,456000,19235,16,84.9,94.79,4.9,94.12,79.75,0.25,17.07,2.55,7.53,3.02,2.13,0
"111","Rhys Stanley","GEE","RUC",87,474941,551900,-76959,7,102.7,97.45,7.2275,41.18,102.17,0.45,17.55,3.76,3.3,3.83,3.84,0
"112","Jarrod Berry","BRI","MID",87,474647,521500,-46853,15,97.1,89.76,5.7,88.24,81.8,0.35,16.16,2.97,7.06,3.09,2.98,0
"113","Jaeger O'Meara","HAW","MID",86,474500,488000,-13500,12,90.8,89.5,6.62,70.59,92,0.42,16.12,3.44,5.65,3.46,3.58,0
"114","Rory Sloane","ADE","MID",86,471410,471900,-490,12,87.8,104.19,5.6,70.59,86.33,0.17,18.76,2.91,5.65,3.26,1.46,0
"115","Nick Vlastuin","RIC","DEF",86,470969,483500,-12531,16,90,88.62,4.7,94.12,81.89,0.35,15.96,2.45,7.53,3.09,2.98,0
"116","Zak Jones","STK","MID",86,470527,494700,-24173,14,92.1,87.25,6.5,82.35,81,0.38,15.71,3.38,6.59,3.06,3.24,0
"117","Bachar Houli","RIC","DEF",86,470233,465600,4633,9,86.7,105.17,6.41,52.94,74,0.31,18.94,3.33,4.24,2.81,2.64,0
"118","Jordan Dawson","SYD","DEF",86,469939,485700,-15761,16,85.4,84.38,5.55,94.12,98,0.31,15.2,2.89,7.53,3.68,2.64,0
"119","Tim Taranto","GWS","MID",86,469497,453700,15797,11,84.5,100.57,6.46,64.71,77.8,0.27,18.11,3.36,5.18,2.95,2.31,0
"120","Zac Williams","CAR","DEF",85,468320,458600,9720,11,85.4,98.62,5.66,64.71,75.75,0.36,17.76,2.95,5.18,2.87,3.07,0
"121","Darcy Parish","ESS","MID",85,467143,465800,1343,17,86.7,85.71,6.34,100,92.5,0.18,15.43,3.3,8,3.48,1.54,0
"122","Brodie Smith","ADE","DEF",85,466996,438200,28796,16,81.6,84.92,6.08,94.12,82.5,0.31,15.29,3.16,7.53,3.12,2.64,0
"123","Brodie Smith","ADE","MID",85,466996,438200,28796,16,81.6,84.92,6.08,94.12,82.5,0.31,15.29,3.16,7.53,3.12,2.64,0
"124","Lachie Weller","GCS","MID",85,466996,436500,30496,17,81.2,84.32,5.92,100,79.6,0.29,15.18,3.08,8,3.01,2.47,0
"125","Robbie Tarrant","NME","DEF",85,465083,463100,1983,16,86.2,85.19,5.21,94.12,90,0.31,15.34,2.71,7.53,3.39,2.64,0
"126","Liam Duggan","WCE","DEF",84,462435,448600,13835,16,83.5,82.29,5.77,94.12,96,0.29,14.82,3,7.53,3.61,2.47,0
"127","Trent Cotchin","RIC","MID",84,460375,443500,16875,13,82.5,94.29,6.3,76.47,75.5,0.24,16.98,3.28,6.12,2.86,2.05,0
"128","Dane Rampe","SYD","DEF",84,459934,492300,-32366,11,91.6,94.19,5,64.71,91.6,0.36,16.96,2.6,5.18,3.45,3.07,0
"129","Shai Bolton","RIC","MID",84,459934,462400,-2466,15,86.1,84.84,5.46,88.24,88.88,0.32,15.28,2.84,7.06,3.35,2.73,0
"130","Shai Bolton","RIC","FWD",84,459934,462400,-2466,15,86.1,84.84,5.46,88.24,88.88,0.32,15.28,2.84,7.06,3.35,2.73,0
"131","Ben McEvoy","HAW","DEF",84,459198,456000,3198,16,84.9,94.79,2.8,94.12,79.75,0.25,17.07,1.46,7.53,3.02,2.13,0
"132","Liam Ryan","WCE","FWD",84,459198,409600,49598,17,76.2,77.33,3.76,100,106.5,0.39,13.93,1.96,8,3.99,3.33,0
"133","Rory Lobb","FRE","RUC",84,458610,415000,43610,17,77.2,84.07,5.9325,100,76.2,0.24,15.14,3.09,8,2.89,2.05,0
"134","Darcy Byrne-Jones","POR","DEF",84,458168,441800,16368,17,82.2,87,5.47,100,86.17,0.16,15.67,2.85,8,3.25,1.37,0
"135","Trent McKenzie","POR","DEF",83,457138,388300,68838,15,72.3,107,3.75,88.24,72.83,0,19.27,1.96,7.06,2.77,0.01,0
"136","Charlie Dixon","POR","FWD",83,456108,498700,-42592,16,92.8,87.39,3.06,94.12,87.83,0.33,15.74,1.6,7.53,3.31,2.82,0
"137","Oscar McInerney","BRI","RUC",83,455961,443400,12561,17,82.5,82.21,5.4775,100,82.71,0.26,14.8,2.85,8,3.12,2.22,0
"138","Zak Butters","POR","FWD",83,455078,471400,-16322,15,87.7,84.82,4.73,88.24,83.75,0.35,15.27,2.46,7.06,3.16,2.98,0
"139","Chad Wingard","HAW","FWD",83,454931,452300,2631,17,84.2,83.18,4.67,100,80.4,0.29,14.98,2.43,8,3.04,2.47,0
"140","Bailey Williams","WBD","DEF",83,454784,452600,2184,17,84.2,84.39,5.34,100,80.8,0.22,15.2,2.78,8,3.05,1.88,0
"141","Angus Brayshaw","MEL","MID",83,453313,435200,18113,14,81,91.79,5.61,82.35,78.33,0.21,16.53,2.92,6.59,2.97,1.8,0
"142","Jared Polec","NME","MID",83,453166,477800,-24634,13,88.9,87.92,6.41,76.47,94.5,0.23,15.83,3.33,6.12,3.55,1.97,0
"143","Liam Shiels","HAW","MID",83,452871,420100,32771,16,78.2,84.84,5.68,94.12,76,0.25,15.28,2.96,7.53,2.88,2.13,0
"144","Mitch Robinson","BRI","MID",82,449929,418800,31129,17,77.9,90.67,4.91,100,72.14,0.11,16.33,2.56,8,2.74,0.95,0
"145","Jack Gunston","HAW","FWD",82,449487,438200,11287,16,81.6,88.8,3.57,94.12,94.25,0.19,15.99,1.86,7.53,3.54,1.63,0
"146","Toby Nankervis","RIC","RUC",82,449340,442900,6440,7,82.4,92.91,6.9125,41.18,102.4,0.36,16.73,3.6,3.3,3.84,3.07,0
"147","Toby Greene","GWS","FWD",82,448163,448400,-237,13,83.5,92.19,5.31,76.47,61,0.31,16.6,2.76,6.12,2.34,2.64,0
"148","Brandon Ellis","GCS","MID",82,447428,450600,-3172,16,83.9,82.88,6.42,94.12,78.8,0.19,14.93,3.34,7.53,2.98,1.63,0
"149","Kane Lambert","RIC","FWD",82,447280,445900,1380,16,83,83.24,5.38,94.12,78,0.25,14.99,2.8,7.53,2.95,2.13,0
"150","Hunter Clark","STK","DEF",81,446986,438900,8086,16,81.7,80.28,5.89,94.12,77.33,0.28,14.46,3.07,7.53,2.93,2.39,0
"151","Ben Keays","ADE","MID",81,446692,436200,10492,16,81.2,80.19,5.86,94.12,85.2,0.25,14.44,3.05,7.53,3.21,2.13,0
"152","Jack Bowes","GCS","DEF",81,445368,451300,-5932,17,84,83,5.98,100,70.2,0.18,14.95,3.11,8,2.67,1.54,0
"153","David Swallow","GCS","MID",81,445368,438400,6968,15,81.6,86.12,6.31,88.24,87.75,0.13,15.51,3.28,7.06,3.31,1.11,0
"154","Hamish Hartlett","POR","DEF",81,444338,421900,22438,17,78.5,86.42,4.79,100,73.17,0.16,15.56,2.49,8,2.78,1.37,0
"155","Sam Petrevski-Seton","CAR","DEF",81,444044,401400,42644,16,74.7,80.17,4.82,94.12,81,0.31,14.44,2.51,7.53,3.06,2.64,0
"156","Harris Andrews","BRI","DEF",81,443602,469700,-26098,14,87.4,86.56,3.82,82.35,88.75,0.31,15.59,1.99,6.59,3.34,2.64,0
"157","Jack Darling","WCE","FWD",81,443308,434900,8408,17,80.9,82.31,3.28,100,85,0.28,14.82,1.71,8,3.21,2.39,0
"158","Jeremy Cameron","GEE","FWD",81,443308,388100,55208,17,72.2,88,3.47,100,77.4,0.18,15.85,1.81,8,2.93,1.54,0
"159","Alex Witherden","WCE","DEF",81,442866,456100,-13234,6,94.3,93.33,6.86,35.29,69,0.5,16.81,3.57,2.83,2.63,4.26,0
"160","Tom Doedee","ADE","DEF",81,441837,457900,-16063,9,85.2,84.22,5.07,52.94,85.2,0.56,15.17,2.64,4.24,3.21,4.77,0
"161","Kyle Langford","ESS","MID",81,441689,436900,4789,16,81.3,80.31,5.95,94.12,87.67,0.19,14.46,3.1,7.53,3.3,1.63,0
"162","Kyle Langford","ESS","FWD",81,441689,436900,4789,16,81.3,80.31,5.95,94.12,87.67,0.19,14.46,3.1,7.53,3.3,1.63,0
"163","Tom Barrass","WCE","DEF",80,440660,447200,-6540,17,83.2,80.22,3.51,100,87,0.28,14.45,1.83,8,3.28,2.39,0
"164","Jack Lukosius","GCS","DEF",80,439630,430800,8830,17,80.2,79.18,5.73,100,68,0.24,14.26,2.98,8,2.59,2.05,0
"165","Rory Lobb","FRE","FWD",80,439188,415000,24188,17,77.2,84.07,3.39,100,76.2,0.24,15.14,1.77,8,2.89,2.05,0
"166","Jason Johannisen","WBD","DEF",80,438453,448300,-9847,16,83.4,81.71,5.07,94.12,75.75,0.24,14.71,2.64,7.53,2.87,2.05,0
"167","Josh Daicos","COL","MID",80,436981,442200,-5219,16,82.3,79.22,5.5,94.12,83.57,0.22,14.27,2.86,7.53,3.16,1.88,0
"168","Michael Hurley","ESS","DEF",79,435510,431400,4110,14,80.3,93.52,5.2,82.35,59,0.14,16.84,2.71,6.59,2.26,1.2,0
"169","Noah Anderson","GCS","MID",79,433597,411500,22097,17,76.6,75.59,5.79,100,87.8,0.18,13.61,3.01,8,3.31,1.54,0
"170","Marlion Pickett","RIC","MID",79,431832,386500,45332,15,71.9,93,4.21,88.24,62.67,0.11,16.75,2.19,7.06,2.4,0.95,0
"171","Jack Martin","CAR","FWD",78,429625,446300,-16675,15,83.1,82.07,4.81,88.24,53,0.33,14.78,2.5,7.06,2.04,2.82,0
"172","Jack Redden","WCE","MID",78,429183,377900,51283,12,70.3,93.85,5.48,70.59,65,0.15,16.9,2.85,5.65,2.48,1.29,0
"173","Tom Papley","SYD","FWD",78,428889,428600,289,17,79.8,78.76,4.02,100,74.2,0.24,14.18,2.1,8,2.82,2.05,0
"174","Nick Coffield","STK","DEF",78,428742,426500,2242,16,79.4,78.94,5.21,94.12,85.29,0.17,14.22,2.71,7.53,3.22,1.46,0
"175","Caleb Serong","FRE","MID",78,427271,435600,-8329,14,81.1,79.79,5.62,82.35,88.8,0.21,14.37,2.93,6.59,3.35,1.8,0
"176","Jeremy McGovern","WCE","DEF",78,425946,462100,-36154,11,86,89,4.57,64.71,85.5,0.25,16.03,2.38,5.18,3.23,2.13,0
"177","James Harmes","MEL","DEF",78,425652,344700,80952,13,64.2,91.96,4.98,76.47,78.5,0.08,16.56,2.59,6.12,2.97,0.69,0
"178","Tom Jonas","POR","DEF",77,424034,373600,50434,17,69.5,80.78,3.51,100,69.33,0.21,14.55,1.83,8,2.64,1.8,0
"179","Jack Graham","RIC","MID",77,424034,446400,-22366,12,83.1,81.12,5.19,70.59,85.29,0.31,14.61,2.7,5.65,3.22,2.64,0
"180","Brandan Parfitt","GEE","MID",77,423739,455100,-31361,14,84.7,83.44,4.99,82.35,82.62,0.17,15.03,2.6,6.59,3.12,1.46,0
"181","Michael Hibberd","MEL","DEF",77,423298,378000,45298,14,70.4,91.1,5.16,82.35,65,0.07,16.4,2.69,6.59,2.48,0.61,0
"182","Tom Lynch","ADE","FWD",77,423151,407900,15251,13,75.9,81.69,6.04,76.47,93,0.15,14.71,3.14,6.12,3.5,1.29,0
"183","Karl Amon","POR","MID",77,421680,431400,-9720,17,80.3,78,5.22,100,77.5,0.11,14.05,2.72,8,2.94,0.95,0
"184","Dan Butler","STK","FWD",77,421532,416900,4632,17,77.7,76.21,3.73,100,72.57,0.26,13.73,1.94,8,2.76,2.22,0
"185","Sean Darcy","FRE","RUC",77,421385,420100,1285,15,78.2,76.53,5.215,88.24,89.4,0.2,13.78,2.72,7.06,3.37,1.71,0
"186","Hayden Crozier","WBD","DEF",77,421238,409100,12138,14,76.1,77,4.5,82.35,79.67,0.33,13.87,2.34,6.59,3.01,2.82,0
"187","Sam Powell-Pepper","POR","MID",76,419178,404500,14678,17,75.3,74.11,4.77,100,75.5,0.21,13.35,2.48,8,2.86,1.8,0
"188","Sam Powell-Pepper","POR","FWD",76,419178,404500,14678,17,75.3,74.11,4.77,100,75.5,0.21,13.35,2.48,8,2.86,1.8,0
"189","Darcy Moore","COL","DEF",76,419031,430200,-11169,16,80.1,77.17,4.2,94.12,78.67,0.22,13.9,2.19,7.53,2.98,1.88,0
"190","Isaac Heeney","SYD","FWD",76,419031,454500,-35469,6,94,93,4.9,35.29,94,0.33,16.75,2.55,2.83,3.53,2.82,0
"191","Callum Sinclair","SYD","RUC",76,419031,414100,4931,13,77.1,87.88,5.4775,76.47,62.5,0.15,15.83,2.85,6.12,2.39,1.29,0
"192","Jade Gresham","STK","MID",76,418737,438100,-19363,11,81.5,81.9,6.03,64.71,81.5,0.27,14.75,3.14,5.18,3.08,2.31,0
"193","Jake Lever","MEL","DEF",76,418001,419400,-1399,17,78.1,77.06,3.53,100,83.5,0.18,13.88,1.84,8,3.15,1.54,0
"194","Zac Bailey","BRI","MID",76,417707,420300,-2593,17,78.2,74.95,4.8,100,68,0.21,13.5,2.5,8,2.59,1.8,0
"195","Zac Bailey","BRI","FWD",76,417707,420300,-2593,17,78.2,74.95,4.8,100,68,0.21,13.5,2.5,8,2.59,1.8,0
"196","Shane Mumford","GWS","RUC",76,417560,420700,-3140,10,78.3,90.84,4.69,58.82,83.67,0.2,16.36,2.44,4.71,3.16,1.71,0
"197","Dion Prestia","RIC","MID",76,416236,446800,-30564,5,92.4,101.85,6.74,29.41,83,0.11,18.34,3.51,2.36,3.13,0.95,0
"198","Oliver Florent","SYD","MID",76,416236,408300,7936,17,76,75,5.61,100,60.6,0.18,13.51,2.92,8,2.32,1.54,0
"199","Tom Phillips","HAW","MID",76,416089,402600,13489,15,74.9,84.14,5.17,88.24,73,0.07,15.15,2.69,7.06,2.77,0.61,0
"200","Tom Phillips","HAW","FWD",76,416089,402600,13489,15,74.9,84.14,5.17,88.24,73,0.07,15.15,2.69,7.06,2.77,0.61,0
"201","Tim Membrey","STK","FWD",76,415353,363700,51653,16,67.7,79.67,3.5,94.12,80.83,0.17,14.35,1.83,7.53,3.06,1.46,0
"202","Sam Collins","GCS","DEF",76,415059,422500,-7441,17,78.6,77.65,3.61,100,74,0.18,13.98,1.88,8,2.81,1.54,0
"203","James Aish","FRE","MID",75,413734,404600,9134,16,75.3,73.94,5.52,94.12,73,0.19,13.32,2.87,7.53,2.77,1.63,0
"204","Jacob Weitering","CAR","DEF",75,412852,410400,2452,17,74.7,73.71,3.93,100,84.4,0.18,13.28,2.05,8,3.19,1.54,0
"205","Zach Tuohy","GEE","MID",75,412852,405100,7752,15,75.4,81.11,5.36,88.24,69.71,0.11,14.61,2.79,7.06,2.65,0.95,0
"206","Blake Acres","FRE","MID",75,410939,453600,-42661,7,84.4,83.43,6.38,41.18,69,0.43,15.02,3.32,3.3,2.63,3.66,0
"207","Ben Ainsworth","GCS","FWD",75,410792,406300,4492,16,75.6,74.62,4.97,94.12,88.5,0.12,13.44,2.59,7.53,3.33,1.03,0
"208","Callan Ward","GWS","MID",75,410203,409900,303,7,76.3,99.42,4.98,41.18,76.3,0.14,17.9,2.59,3.3,2.89,1.2,0
"209","Jack Newnes","CAR","MID",75,410203,401700,8503,17,74.8,73.76,4.62,100,83.6,0.12,13.28,2.41,8,3.16,1.03,0
"210","Jack Newnes","CAR","FWD",75,410203,401700,8503,17,74.8,73.76,4.62,100,83.6,0.12,13.28,2.41,8,3.16,1.03,0
"211","Harry Cunningham","SYD","DEF",75,410056,410400,-344,17,74.7,77.33,5.08,100,73,0.06,13.93,2.65,8,2.77,0.52,0
"212","Mitch Wallis","WBD","FWD",74,407261,379900,27361,17,70.7,85.89,2.98,100,55.4,0.06,15.47,1.56,8,2.13,0.52,0
"213","Luke Breust","HAW","FWD",74,405789,428100,-22311,13,81.5,83.62,3.44,76.47,88,0.15,15.06,1.79,6.12,3.32,1.29,0
"214","Shaun Atley","NME","DEF",74,405642,404200,1442,17,75.2,74.24,5.25,100,64,0.12,13.37,2.73,8,2.44,1.03,0
"215","Charlie Cameron","BRI","FWD",74,404465,395400,9065,17,73.6,73.81,3.33,100,70,0.21,13.29,1.74,8,2.66,1.8,0
"216","Liam Baker","RIC","DEF",74,404171,419100,-14929,16,78,75.2,5.12,94.12,75.78,0.1,13.54,2.67,7.53,2.87,0.86,0
"217","Marc Pittonet","CAR","RUC",74,403288,421500,-18212,13,78.5,77.46,5.215,76.47,88.5,0.15,13.95,2.72,6.12,3.33,1.29,0
"218","Isaac Smith","GEE","MID",73,402405,397600,4805,10,74,80,5.49,58.82,74,0.3,14.41,2.86,4.71,2.81,2.56,0
"219","Isaac Smith","GEE","FWD",73,402405,397600,4805,10,74,80,5.49,58.82,74,0.3,14.41,2.86,4.71,2.81,2.56,0
"220","Jack Riewoldt","RIC","FWD",73,401817,344500,57317,17,64.1,82.54,2.84,100,66.22,0.05,14.86,1.48,8,2.53,0.44,0
"221","Paul Seedsman","ADE","MID",73,401228,429800,-28572,9,80,79,5.66,52.94,80,0.33,14.23,2.95,4.24,3.03,2.82,0
"222","Ivan Soldo","RIC","RUC",73,400640,403000,-2360,14,75,74,4.655,82.35,63.25,0.29,13.33,2.42,6.59,2.42,2.47,0
"223","Toby McLean","WBD","FWD",73,399904,366700,33204,12,68.2,89.08,4.44,70.59,65.33,0.08,16.04,2.31,5.65,2.49,0.69,0
"224","Oscar Allen","WCE","FWD",73,399610,422100,-22490,14,78.6,76.67,3.07,82.35,75.2,0.27,13.81,1.6,6.59,2.85,2.31,0
"225","Callum Wilkie","STK","DEF",73,399463,409000,-9537,17,76.1,72.47,4.32,100,65,0.16,13.05,2.25,8,2.48,1.37,0
"226","James Rowbottom","SYD","MID",72,397697,405600,-7903,16,75.5,74.5,5.06,94.12,63.25,0.12,13.42,2.63,7.53,2.42,1.03,0
"227","Michael Gibbons","CAR","FWD",72,396667,401500,-4833,15,74.7,73.73,4.91,88.24,61.33,0.2,13.28,2.56,7.06,2.35,1.71,0
"228","Peter Ladhams","POR","RUC",72,395196,460000,-64804,8,85.6,80.9,7.49,47.06,53.33,0.3,14.57,3.9,3.77,2.06,2.56,0
"229","Will Snelling","ESS","FWD",72,394902,368500,26402,17,68.6,75.25,4.32,100,66,0.06,13.55,2.25,8,2.52,0.52,0
"230","Levi Casboult","CAR","FWD",72,394902,349900,45002,17,65.1,71.59,3.16,100,58.6,0.24,12.89,1.65,8,2.25,2.05,0
"231","Gryan Miers","GEE","FWD",72,394460,387100,7360,17,72.1,70.57,4.39,100,68.67,0.14,12.71,2.29,8,2.61,1.2,0
"232","Jamie Cripps","WCE","FWD",72,394460,373600,20860,13,69.5,75.53,4.17,76.47,99,0.14,13.6,2.17,6.12,3.72,1.2,0
"233","Jackson Nelson","WCE","DEF",72,393725,397600,-3875,14,74,71.33,4.75,82.35,66.6,0.27,12.85,2.47,6.59,2.54,2.31,0
"234","Brennan Cox","FRE","DEF",72,392695,433500,-40805,13,80.7,78.92,3.8,76.47,81.8,0.15,14.21,1.98,6.12,3.09,1.29,0
"235","Shaun Burgoyne","HAW","FWD",71,392253,378600,13653,13,70.5,83.81,3.4,76.47,79,0.08,15.09,1.77,6.12,2.99,0.69,0
"236","Ethan Hughes","FRE","DEF",71,391812,381800,10012,17,71.1,69.94,4.26,100,87.2,0.06,12.6,2.22,8,3.29,0.52,0
"237","Shane Edwards","RIC","MID",71,391518,416700,-25182,6,86.2,86.04,5.93,35.29,69.5,0.3,15.49,3.09,2.83,2.64,2.56,0
"238","Ben Cunnington","NME","MID",71,391223,439800,-48577,3,102.3,101.33,5.89,17.65,102.3,0,18.25,3.07,1.42,3.84,0.01,0
"239","Connor Rozee","POR","FWD",71,390782,377200,13582,14,70.2,75.71,4.17,82.35,66.33,0.19,13.64,2.17,6.59,2.53,1.63,0
"240","Dougal Howard","STK","DEF",71,390193,355200,34993,17,66.1,68.16,3.55,100,79.71,0.16,12.28,1.85,8,3.02,1.37,0
"241","Blake Hardwick","HAW","DEF",71,387251,373100,14151,16,69.4,75.62,4.09,94.12,66,0.06,13.62,2.13,7.53,2.52,0.52,0
"242","David Zaharakis","ESS","FWD",70,386221,351400,34821,10,65.4,87.37,4.7,58.82,65.4,0.1,15.73,2.45,4.71,2.5,0.86,0
"243","Aaron Hall","NME","FWD",70,386074,392200,-6126,15,73,72,4.87,88.24,50.67,0.2,12.97,2.54,7.06,1.96,1.71,0
"244","Sam Reid","SYD","FWD",70,385632,328300,57332,10,61.1,98,2.87,58.82,61.2,0,17.65,1.5,4.71,2.34,0.01,0
"245","James Cousins","HAW","MID",70,382837,412600,-29763,6,85.3,84.33,6.19,35.29,88,0.17,15.19,3.22,2.83,3.32,1.46,0
"246","Jonathon Ceglar","HAW","RUC",70,381365,388100,-6735,13,72.2,73.8,5.8625,76.47,56.33,0.15,13.29,3.05,6.12,2.17,1.29,0
"247","Jack Higgins","STK","FWD",69,380630,419600,-38970,10,78.1,77.1,5,58.82,78.1,0.2,13.89,2.6,4.71,2.96,1.71,0
"248","Luke Davies-Uniacke","NME","MID",69,379306,432800,-53494,9,80.6,79.56,5.78,52.94,86.25,0.11,14.33,3.01,4.24,3.25,0.95,0
"249","Jack Scrimshaw","HAW","DEF",69,379158,399600,-20442,13,74.4,73.31,4.93,76.47,84.4,0.08,13.2,2.57,6.12,3.19,0.69,0
"250","Bayley Fritsch","MEL","FWD",69,379158,359300,19858,16,66.9,73.79,3.71,94.12,79.6,0,13.29,1.93,7.53,3.01,0.01,0
"251","Kamdyn McIntosh","RIC","MID",69,379011,381500,-2489,14,71,69.72,4.67,82.35,71.56,0.17,12.56,2.43,6.59,2.72,1.46,0
"252","Eric Hipwood","BRI","FWD",69,378717,391300,-12583,17,72.8,68.47,3.52,100,68.71,0.11,12.33,1.84,8,2.62,0.95,0
"253","Aidan Corr","NME","DEF",69,378423,381100,-2677,15,70.9,69.93,4.02,88.24,59,0.2,12.59,2.1,7.06,2.26,1.71,0
"254","Xavier Duursma","POR","MID",69,377981,398400,-20419,13,74.2,73.86,4.25,76.47,77.8,0.13,13.3,2.21,6.12,2.95,1.11,0
"255","Mark O'Connor","GEE","DEF",69,377834,380800,-2966,17,70.9,67.9,3.65,100,61.33,0.14,12.23,1.9,8,2.35,1.2,0
"256","John Noble","COL","DEF",69,377540,393300,-15760,15,73.2,68,5.17,88.24,69,0.12,12.25,2.69,7.06,2.63,1.03,0
"257","Cameron Rayner","BRI","FWD",69,377246,392900,-15654,15,73.1,70.65,3.51,88.24,79.2,0.12,12.72,1.83,7.06,3,1.03,0
"258","Brody Mihocek","COL","FWD",69,377099,366000,11099,16,68.1,69.17,2.79,94.12,71.67,0.17,12.46,1.46,7.53,2.72,1.46,0
"259","Dylan Grimes","RIC","DEF",69,376951,382800,-5849,16,71.2,70.5,3.39,94.12,60.88,0.15,12.7,1.77,7.53,2.33,1.29,0
"260","Luke Dahlhaus","GEE","FWD",69,376363,375200,1163,12,69.8,78.75,4.37,70.59,64,0.12,14.18,2.28,5.65,2.44,1.03,0
"261","Sam Naismith","SYD","RUC",68,375039,376100,-1061,2,100,99,5.67,11.76,100,0,17.83,2.95,0.95,3.75,0.01,0
"262","Liam Jones","CAR","DEF",68,374745,387500,-12755,17,72.1,71.12,2.82,100,84.2,0,12.81,1.47,8,3.18,0.01,0
"263","Jarryn Geary","STK","DEF",68,374303,320400,53903,14,59.6,75.59,3.55,82.35,75.67,0.06,13.61,1.85,6.59,2.87,0.52,0
"264","Jeremy Finlayson","GWS","FWD",68,374009,346700,27309,15,64.5,76.4,2.75,88.24,67,0.07,13.76,1.44,7.06,2.55,0.61,0
"265","Dan Hannebery","STK","MID",68,373862,338500,35362,6,70,93,6.07,35.29,70,0,16.75,3.16,2.83,2.66,0.01,0
"266","Gary Rohan","GEE","FWD",68,373715,392200,-18485,15,73,69.26,2.8,88.24,68.43,0.21,12.47,1.46,7.06,2.61,1.8,0
"267","Nathan Wilson","FRE","DEF",68,372538,395100,-22562,15,73.5,73.3,4.56,88.24,70.2,0,13.2,2.38,7.06,2.67,0.01,0
"268","Lincoln McCarthy","BRI","FWD",68,372096,354600,17496,15,66,67.71,3.47,88.24,70.4,0.18,12.2,1.81,7.06,2.68,1.54,0
"269","Luke Brown","ADE","DEF",68,371213,363400,7813,17,67.6,66.65,4.1,100,67.4,0.06,12,2.14,8,2.57,0.52,0
"270","Jake Kelly","ADE","DEF",68,371213,309800,61413,15,57.7,73.71,2.95,88.24,72.25,0.07,13.28,1.54,7.06,2.74,0.61,0
"271","Peter Ladhams","POR","FWD",68,370625,460000,-89375,8,85.6,80.9,4.28,47.06,53.33,0.3,14.57,2.23,3.77,2.06,2.56,0
"272","Tom McDonald","MEL","FWD",67,370183,323000,47183,9,60.1,89.73,2.89,52.94,60.1,0.11,16.16,1.51,4.24,2.3,0.95,0
"273","Stefan Martin","WBD","RUC",67,368859,272200,96659,6,50.7,99.46,4.5325,35.29,50.7,0,17.91,2.36,2.83,1.96,0.01,0
"274","Matthew Kennedy","CAR","MID",67,368565,437500,-68935,7,81.4,80.43,5.74,41.18,81.4,0.14,14.48,2.99,3.3,3.08,1.2,0
"275","Matthew Kennedy","CAR","FWD",67,368565,437500,-68935,7,81.4,80.43,5.74,41.18,81.4,0.14,14.48,2.99,3.3,3.08,1.2,0
"276","Anthony McDonald-Tipungwuti","ESS","FWD",67,368418,370400,-1982,17,68.9,68.68,2.86,100,69.83,0.06,12.37,1.49,8,2.66,0.52,0
"277","Stephen Hill","FRE","DEF",67,368124,338000,30124,12,62.9,81,4.36,70.59,65.4,0,14.59,2.27,5.65,2.5,0.01,0
"278","Ben Long","STK","DEF",67,366947,384100,-17153,14,71.5,68.53,4.2,82.35,71.33,0.13,12.34,2.19,6.59,2.71,1.11,0
"279","Bradley Hill","STK","MID",67,366799,354000,12799,17,65.9,61.74,5.27,100,69,0.05,11.12,2.74,8,2.63,0.44,0
"280","Jamie Elliott","COL","MID",67,366505,362700,3805,16,67.5,69.94,4,94.12,70.83,0,12.6,2.08,7.53,2.69,0.01,0
"281","Jamie Elliott","COL","FWD",67,366505,362700,3805,16,67.5,69.94,4,94.12,70.83,0,12.6,2.08,7.53,2.69,0.01,0
"282","Darcy Gardiner","BRI","DEF",67,365181,362800,2381,17,67.5,66.33,3.96,100,73.83,0,11.95,2.06,8,2.8,0.01,0
"283","Darcy MacPherson","GCS","FWD",67,365181,306700,58481,12,57.1,78.92,4,70.59,57.1,0.08,14.21,2.08,5.65,2.19,0.69,0
"284","Robbie Fox","SYD","DEF",67,365034,385700,-20666,14,71.8,70.79,3.51,82.35,63.8,0.14,12.75,1.83,6.59,2.44,1.2,0
"285","Lachie Plowman","CAR","DEF",67,364887,354900,9987,16,66.1,69.74,3.62,94.12,60,0.06,12.56,1.89,7.53,2.3,0.52,0
"286","Wil Powell","GCS","DEF",66,364004,358900,5104,15,66.8,65.8,4.6,88.24,74.4,0.07,11.85,2.4,7.06,2.82,0.61,0
"287","Ben Paton","STK","DEF",66,363562,344200,19362,17,64.1,60.58,4.27,100,57.57,0.16,10.91,2.22,8,2.21,1.37,0
"288","Will Hoskin-Elliott","COL","FWD",66,363562,337500,26062,16,62.8,71.29,3.44,94.12,66.5,0,12.84,1.79,7.53,2.54,0.01,0
"289","Ryan Clarke","SYD","MID",66,363415,407800,-44385,10,75.9,74.9,5.64,58.82,71,0.1,13.49,2.94,4.71,2.7,0.86,0
"290","Ryan Lester","BRI","DEF",66,362974,380200,-17226,13,70.8,71.07,4.22,76.47,77.6,0.07,12.8,2.2,6.12,2.94,0.61,0
"291","Jack Sinclair","STK","MID",66,362533,426600,-64067,10,79.4,76.42,4.84,58.82,78.29,0.08,13.76,2.52,4.71,2.96,0.69,0
"292","Patrick Lipinski","WBD","MID",66,362385,429800,-67415,12,80,76.5,5.24,70.59,64.5,0,13.78,2.73,5.65,2.46,0.01,0
"293","Aliir Aliir","POR","DEF",66,360767,321200,39567,14,59.8,75.17,3.29,82.35,70,0,13.54,1.72,6.59,2.66,0.01,0
"294","Izak Rankine","GCS","FWD",66,360620,371600,-10980,12,69.2,68.17,4.03,70.59,61.4,0.25,12.28,2.1,5.65,2.35,2.13,0
"295","Lachie Henderson","GEE","DEF",66,360473,377700,-17227,10,70.3,74.36,4.21,58.82,79.67,0.14,13.39,2.19,4.71,3.01,1.2,0
"296","Jason Castagna","RIC","FWD",65,358266,341000,17266,17,63.5,63.27,3.91,100,64.78,0.05,11.4,2.04,8,2.47,0.44,0
"297","Tom Clurey","POR","DEF",65,357971,335500,22471,16,62.4,70.48,3.17,94.12,50.2,0.06,12.69,1.65,7.53,1.94,0.52,0
"298","Callum Ah Chee","BRI","DEF",65,357089,353300,3789,16,65.8,64.33,4.11,94.12,65.14,0.06,11.59,2.14,7.53,2.49,0.52,0
"299","Taylor Walker","ADE","FWD",65,356942,298200,58742,14,55.5,76,2.65,82.35,51.5,0.07,13.69,1.38,6.59,1.99,0.61,0
"300","Brent Daniels","GWS","FWD",65,354440,356600,-2160,16,66.4,65.38,4.06,94.12,69.75,0,11.78,2.12,7.53,2.65,0.01,0
"301","Darcy Fort","GEE","RUC",65,354293,390700,-36407,5,80.8,79.2,5.18,29.41,80.8,0.2,14.26,2.7,2.36,3.05,1.71,0
"302","Luke Dunstan","STK","MID",65,354146,395400,-41254,1,92,91,7.18,5.88,92,0,16.39,3.73,0.48,3.46,0.01,0
"303","Chris Mayne","COL","MID",65,353999,373400,-19401,12,69.5,73.13,4.6,70.59,58,0.07,13.17,2.4,5.65,2.23,0.61,0
"304","Rhys Mathieson","BRI","MID",64,353558,365800,-12242,1,97,96,5.01,5.88,97,0,17.29,2.61,0.48,3.64,0.01,0
"305","Rhys Mathieson","BRI","FWD",64,353558,364800,-11242,1,97,96,5.01,5.88,97,0,17.29,2.61,0.48,3.64,0.01,0
"306","Nathan Jones","MEL","MID",64,352675,292100,60575,8,54.4,91.11,4.38,47.06,38,0,16.41,2.28,3.77,1.5,0.01,0
"307","Nathan Jones","MEL","FWD",64,352675,292100,60575,8,54.4,91.11,4.38,47.06,38,0,16.41,2.28,3.77,1.5,0.01,0
"308","Jake Carlisle","STK","DEF",64,352086,372500,-20414,12,69.3,74.11,3.84,70.59,58.5,0.08,13.35,2,5.65,2.24,0.69,0
"309","Jack Henry","GEE","DEF",64,351939,325500,26439,17,60.6,63.19,3.14,100,64.44,0.05,11.38,1.64,8,2.46,0.44,0
"310","Taylin Duman","FRE","DEF",64,351792,354600,-2808,15,66,64.6,3.8,88.24,68.8,0.07,11.64,1.98,7.06,2.62,0.61,0
"311","Josh Battle","STK","MID",64,351351,362900,-11549,13,67.5,69.29,3.47,76.47,59.17,0.14,12.48,1.81,6.12,2.27,1.2,0
"312","Josh Battle","STK","FWD",64,351351,362900,-11549,13,67.5,69.29,3.47,76.47,59.17,0.14,12.48,1.81,6.12,2.27,1.2,0
"313","Damon Greaves","HAW","DEF",64,350909,389700,-38791,3,90.7,89.67,5.5,17.65,90.7,0,16.15,2.86,1.42,3.41,0.01,0
"314","Mason Redman","ESS","DEF",64,350468,330200,20268,13,61.5,75.5,4.04,76.47,51.33,0,13.6,2.11,6.12,1.98,0.01,0
"315","Esava Ratugolea","GEE","RUC",64,350321,369400,-19079,12,68.8,68.33,4.8825,70.59,68.8,0.08,12.31,2.54,5.65,2.62,0.69,0
"316","Sam Day","GCS","FWD",64,349585,298300,51285,17,55.5,65.1,3.03,100,49.8,0.06,11.73,1.58,8,1.93,0.52,0
"317","Jarrod Harbrow","GCS","DEF",64,349438,309100,40338,13,57.5,75.86,4.34,76.47,43.5,0,13.66,2.26,6.12,1.7,0.01,0
"318","Tim O'Brien","HAW","FWD",64,349291,297500,51791,16,55.4,69.33,2.3,94.12,65.8,0,12.49,1.2,7.53,2.51,0.01,0
"319","Brett Bewley","FRE","MID",64,348849,388200,-39351,12,72.2,71,4.83,70.59,72.2,0,12.79,2.52,5.65,2.74,0.01,0
"320","Brett Bewley","FRE","FWD",64,348849,388200,-39351,12,72.2,71,4.83,70.59,72.2,0,12.79,2.52,5.65,2.74,0.01,0
"321","David Mackay","ADE","DEF",64,348408,393300,-44892,10,73.2,72.2,5.49,58.82,82,0,13,2.86,4.71,3.1,0.01,0
"322","Lachlan Keeffe","GWS","DEF",63,347967,372800,-24833,13,69.4,68.38,2.99,76.47,78.2,0.08,12.32,1.56,6.12,2.96,0.69,0
"323","Reece Conca","FRE","DEF",63,347819,370300,-22481,14,68.9,67.5,4.74,82.35,63,0,12.16,2.47,6.59,2.41,0.01,0
"324","Andrew Phillips","ESS","RUC",63,347525,353000,-5475,5,73,72,4.0425,29.41,73,0.4,12.97,2.11,2.36,2.77,3.41,0
"325","Harry Morrison","HAW","DEF",63,347378,358500,-11122,11,66.7,70,4.5,64.71,71,0.09,12.61,2.34,5.18,2.7,0.78,0
"326","Harry Morrison","HAW","MID",63,347378,358500,-11122,11,66.7,70,4.5,64.71,71,0.09,12.61,2.34,5.18,2.7,0.78,0
"327","Noah Balta","RIC","DEF",63,346642,373600,-26958,13,69.5,66.12,3.73,76.47,67.11,0.12,11.91,1.94,6.12,2.56,1.03,0
"328","Shane McAdam","ADE","FWD",63,345171,354600,-9429,13,66,65,3.32,76.47,85,0.08,11.71,1.73,6.12,3.21,0.69,0
"329","Justin McInerney","SYD","MID",63,344435,384400,-39965,9,71.6,70.56,4.74,52.94,80.5,0.11,12.71,2.47,4.24,3.04,0.95,0
"330","Daniel Talia","ADE","DEF",63,343994,354600,-10606,14,66,67.77,3.14,82.35,44.5,0.14,12.21,1.64,6.59,1.74,1.2,0
"331","Dyson Heppell","ESS","MID",63,343553,319100,24453,3,66,94.96,4.41,17.65,66,0,17.1,2.3,1.42,2.52,0.01,0
"332","Grant Birchall","BRI","DEF",63,343111,375300,-32189,14,69.9,66.5,4.54,82.35,62.2,0,11.98,2.36,6.59,2.38,0.01,0
"333","Jake Melksham","MEL","FWD",63,342964,296800,46164,17,55.2,65.13,3.17,100,49.5,0,11.73,1.65,8,1.92,0.01,0
"334","Steven Motlop","POR","FWD",62,341934,308500,33434,12,57.4,64.71,3.42,70.59,78,0.14,11.66,1.78,5.65,2.95,1.2,0
"335","Will Day","HAW","DEF",62,341787,384400,-42613,11,71.5,70.09,4.97,64.71,74.5,0,12.62,2.59,5.18,2.83,0.01,0
"336","Sam Mayes","POR","DEF",62,341787,342500,-713,6,70.8,69.83,4.43,35.29,70.8,0.33,12.58,2.31,2.83,2.69,2.82,0
"337","Jordan De Goey","COL","FWD",62,341493,435200,-93707,8,81,79.67,4.26,47.06,52,0.1,14.35,2.22,3.77,2.01,0.86,0
"338","Jack Madgen","COL","DEF",62,340757,380500,-39743,11,70.8,67.15,3.79,64.71,68.71,0.15,12.09,1.98,5.18,2.62,1.29,0
"339","Josh Jenkins","GEE","RUC",62,340463,323400,17063,1,86,85,7.8925,5.88,86,0,15.31,4.1,0.48,3.24,0.01,0
"340","Cameron Zurhaar","NME","FWD",62,339874,337800,2074,16,62.9,62.81,3.25,94.12,53,0.06,11.31,1.7,7.53,2.04,0.52,0
"341","David Cuningham","CAR","FWD",62,339727,340700,-973,12,63.4,63.44,4.09,70.59,63.4,0.17,11.43,2.13,5.65,2.42,1.46,0
"342","Josh Walker","NME","DEF",62,339286,329600,9686,17,61.4,60.35,3.57,100,46.6,0.06,10.87,1.86,8,1.81,0.52,0
"343","Daniel Rioli","RIC","FWD",62,339286,341500,-2214,14,63.6,64.83,3.75,82.35,74.38,0,11.68,1.96,6.59,2.82,0.01,0
"344","Will Hayward","SYD","FWD",62,339139,327100,12039,16,60.9,59.88,3.44,94.12,63.2,0.06,10.79,1.79,7.53,2.42,0.52,0
"345","Tom Scully","HAW","MID",62,339139,290500,48639,14,54.1,63.26,4.31,82.35,74,0,11.39,2.25,6.59,2.81,0.01,0
"346","Tom Scully","HAW","FWD",62,339139,290500,48639,14,54.1,63.26,4.31,82.35,74,0,11.39,2.25,6.59,2.81,0.01,0
"347","Isaac Quaynor","COL","DEF",62,338844,405300,-66456,9,75.4,71.18,4.27,52.94,78.5,0.09,12.82,2.22,4.24,2.97,0.78,0
"348","Brendon Ah Chee","WCE","FWD",62,338109,310200,27909,15,57.7,67,3.38,88.24,54,0,12.07,1.76,7.06,2.08,0.01,0
"349","Jed Bews","GEE","DEF",62,337814,341800,-3986,16,63.6,59.9,3.51,94.12,62,0.05,10.79,1.83,7.53,2.37,0.44,0
"350","Bryce Gibbs","ADE","DEF",62,337520,290100,47420,3,60,90.96,5.43,17.65,60,0,16.38,2.83,1.42,2.3,0.01,0
"351","Alex Keath","WBD","DEF",61,337226,323900,13326,17,60.3,58.83,3.21,100,55.2,0.06,10.6,1.68,8,2.12,0.52,0
"352","George Hewett","SYD","MID",61,337226,374700,-37474,6,77.5,81.54,4.72,35.29,77.5,0,14.68,2.46,2.83,2.94,0.01,0
"353","Nick Blakey","SYD","MID",61,335902,318700,17202,16,59.3,58.31,3.46,94.12,65,0.06,10.5,1.8,7.53,2.48,0.52,0
"354","Nick Blakey","SYD","FWD",61,335902,318700,17202,16,59.3,58.31,3.46,94.12,65,0.06,10.5,1.8,7.53,2.48,0.52,0
"355","Jaidyn Stephenson","NME","FWD",61,334872,354100,-19228,12,65.9,77.29,2.99,70.59,41.25,0,13.92,1.56,5.65,1.62,0.01,0
"356","Esava Ratugolea","GEE","FWD",61,334430,369400,-34970,12,68.8,68.33,2.79,70.59,68.8,0.08,12.31,1.46,5.65,2.62,0.69,0
"357","Elliott Himmelberg","ADE","FWD",61,334283,358000,-23717,11,66.6,65.64,3.41,64.71,83.8,0.09,11.82,1.78,5.18,3.16,0.78,0
"358","Tom Cole","WCE","DEF",61,333695,364600,-30905,14,67.9,65.27,3.66,82.35,63.17,0,11.76,1.91,6.59,2.41,0.01,0
"359","Josh Caddy","RIC","MID",61,333695,335100,-1405,8,62.4,79.17,4.31,47.06,62.4,0,14.26,2.25,3.77,2.39,0.01,0
"360","Griffin Logue","FRE","DEF",61,332665,339400,-6735,5,70.2,69.2,3.27,29.41,70.2,0.4,12.46,1.71,2.36,2.67,3.41,0
"361","Tom Green","GWS","MID",61,332665,351400,-18735,6,72.7,71.67,5.08,35.29,72.7,0.17,12.91,2.65,2.83,2.76,1.46,0
"362","Zac Fisher","CAR","FWD",61,332518,394200,-61682,8,73.4,72.38,4.76,47.06,59.5,0.12,13.04,2.48,3.77,2.28,1.03,0
"363","Alex Sexton","GCS","FWD",60,331341,330000,1341,14,61.4,60.43,3.28,82.35,71.67,0.07,10.89,1.71,6.59,2.72,0.61,0
"364","Jack Ziebell","NME","FWD",60,331046,257900,73146,8,48,86.04,2.62,47.06,48,0,15.49,1.37,3.77,1.86,0.01,0
"365","Trent Rivers","MEL","DEF",60,329575,350400,-20825,9,65.2,64.22,4.61,52.94,86,0.11,11.57,2.4,4.24,3.24,0.95,0
"366","Matt Rowell","GCS","MID",60,328545,495100,-166555,5,102.4,102.4,0,0.294117647058824,102.4,0,18.44,0.01,0.03,3.84,0.01,0
"367","Josh Thomas","COL","FWD",60,328251,305800,22451,12,56.9,70.21,3.36,70.59,58.57,0,12.65,1.75,5.65,2.25,0.01,0
"368","Quinton Narkle","GEE","MID",60,328104,310400,17704,5,64.2,77,3.67,29.41,64.2,0.2,13.87,1.91,2.36,2.45,1.71,0
"369","Brayden Fiorini","GCS","MID",60,327957,301700,26257,5,62.4,84.13,4.56,29.41,62.4,0,15.15,2.38,2.36,2.39,0.01,0
"370","Nathan Broad","RIC","DEF",60,327368,349200,-21832,13,65,63.25,3.77,76.47,58.75,0.06,11.39,1.97,6.12,2.25,0.52,0
"371","Easton Wood","WBD","DEF",60,327074,297700,29374,12,55.4,71.04,3.08,70.59,37.67,0.08,12.79,1.61,5.65,1.49,0.69,0
"372","Mitchell Hinge","ADE","MID",60,327074,328800,-1726,1,102,102,0,0.0588235294117647,102,0,18.37,0.01,0.01,3.83,0.01,0
"373","Taylor Duryea","WBD","FWD",60,326780,342200,-15420,2,91,84.33,5.06,11.76,91,0,15.19,2.63,0.95,3.43,0.01,0
"374","Taylor Duryea","WBD","DEF",60,326780,342200,-15420,2,91,84.33,5.06,11.76,91,0,15.19,2.63,0.95,3.43,0.01,0
"375","Sydney Stack","RIC","MID",59,326191,277600,48591,9,51.7,77.12,3.52,52.94,57,0,13.89,1.84,4.24,2.19,0.01,0
"376","Sydney Stack","RIC","FWD",59,326191,277600,48591,9,51.7,77.12,3.52,52.94,57,0,13.89,1.84,4.24,2.19,0.01,0
"377","Brandon Starcevich","BRI","DEF",59,325750,307300,18450,16,57.2,55.67,3.34,94.12,60.67,0.06,10.03,1.74,7.53,2.32,0.52,0
"378","Phil Davis","GWS","DEF",59,325308,290700,34608,10,54.1,72.14,2.81,58.82,54.1,0.1,12.99,1.47,4.71,2.08,0.86,0
"379","Nick Holman","GCS","FWD",59,325014,328600,-3586,12,61.2,64.25,3.53,70.59,61.2,0.08,11.57,1.84,5.65,2.34,0.69,0
"380","Martin Gleeson","ESS","DEF",59,324867,293400,31467,13,54.6,68.33,3.56,76.47,45.8,0,12.31,1.86,6.12,1.78,0.01,0
"381","Charlie Ballard","GCS","DEF",59,323837,307600,16237,16,57.2,58.91,3.46,94.12,53.4,0,10.61,1.8,7.53,2.06,0.01,0
"382","Sam Draper","ESS","RUC",59,323837,378100,-54263,8,70.4,69.38,4.7775,47.06,57.75,0.12,12.5,2.49,3.77,2.22,1.03,0
"383","Cale Hooker","ESS","DEF",59,323396,372700,-49304,8,69.4,75.71,3.68,47.06,69.4,0,13.64,1.92,3.77,2.64,0.01,0
"384","Sam Simpson","GEE","FWD",59,323248,350600,-27352,6,72.5,72.78,4.47,35.29,72.5,0.11,13.11,2.33,2.83,2.75,0.95,0
"385","Bailey Scott","NME","MID",59,322954,332300,-9346,13,61.8,60.85,3.54,76.47,60.8,0.08,10.96,1.85,6.12,2.33,0.69,0
"386","Bailey Scott","NME","FWD",59,322954,332300,-9346,13,61.8,60.85,3.54,76.47,60.8,0.08,10.96,1.85,6.12,2.33,0.69,0
"387","Daniel Lloyd","GWS","FWD",59,322366,330900,-8534,12,61.6,60.58,3.43,70.59,75.67,0.08,10.91,1.79,5.65,2.87,0.69,0
"388","Andrew McPherson","ADE","DEF",59,322218,368300,-46082,9,68.6,67.56,4.48,52.94,83.5,0,12.17,2.33,4.24,3.15,0.01,0
"389","Max King","STK","FWD",59,321924,327400,-5476,16,60.9,60.11,2.6,94.12,56,0,10.83,1.36,7.53,2.15,0.01,0
"390","Ed Richards","WBD","MID",58,320012,309300,10712,16,57.6,56.71,3.47,94.12,56.8,0,10.22,1.81,7.53,2.18,0.01,0
"391","Ed Richards","WBD","FWD",58,320012,309300,10712,16,57.6,56.71,3.47,94.12,56.8,0,10.22,1.81,7.53,2.18,0.01,0
"392","Tom Williamson","CAR","DEF",58,318540,313400,5140,15,58.3,57.33,3.75,88.24,59.8,0,10.33,1.96,7.06,2.29,0.01,0
"393","Aaron Naughton","WBD","FWD",58,318246,329700,-11454,11,61.4,63.64,2.26,64.71,61.4,0.17,11.46,1.18,5.18,2.35,1.46,0
"394","Wayne Milera","ADE","DEF",58,318099,312200,5899,2,83,82,5.31,11.76,83,0,14.77,2.76,0.95,3.13,0.01,0
"395","James Frawley","STK","DEF",58,318099,295900,22199,14,55.1,62.36,2.77,82.35,61,0,11.23,1.45,6.59,2.34,0.01,0
"396","Jordan Roughead","COL","DEF",58,317952,311300,6652,15,57.9,59.73,2.95,88.24,58.33,0,10.76,1.54,7.06,2.24,0.01,0
"397","Ben King","GCS","FWD",58,317363,298700,18663,17,55.6,54.59,2.49,100,49.6,0.06,9.83,1.3,8,1.92,0.52,0
"398","Adam Tomlinson","MEL","DEF",58,317216,324000,-6784,13,60.3,59.31,4.2,76.47,67.17,0,10.68,2.19,6.12,2.56,0.01,0
"399","Adam Tomlinson","MEL","MID",58,317216,324000,-6784,13,60.3,59.31,4.2,76.47,67.17,0,10.68,2.19,6.12,2.56,0.01,0
"400","Lachie Ash","GWS","DEF",58,316480,320600,-4120,12,59.7,58.67,3.8,70.59,87.5,0,10.57,1.98,5.65,3.3,0.01,0
"401","Michael Hartley","HAW","DEF",58,316480,317800,-1320,2,84.5,83.5,4.45,11.76,84.5,0,15.04,2.32,0.95,3.19,0.01,0
"402","Harry McKay","CAR","FWD",58,316480,319900,-3420,13,59.5,61.53,2.65,76.47,77,0,11.08,1.38,6.12,2.92,0.01,0
"403","Dean Kent","STK","FWD",58,315892,335200,-19308,13,62.4,60.69,3.24,76.47,41.33,0.13,10.93,1.69,6.12,1.62,1.11,0
"404","Josh Jenkins","GEE","FWD",57,314715,323400,-8685,1,86,85,4.51,5.88,86,0,15.31,2.35,0.48,3.24,0.01,0
"405","Tyson Stengle","ADE","FWD",57,313832,305300,8532,12,56.8,59,3.45,70.59,67.25,0.08,10.63,1.8,5.65,2.56,0.69,0
"406","Darcy Tucker","FRE","MID",57,313243,347900,-34657,8,64.8,70.04,4.67,47.06,64.8,0,12.61,2.43,3.77,2.47,0.01,0
"407","Daniel McStay","BRI","FWD",57,313096,333800,-20704,15,62.1,57.41,2.65,88.24,51.17,0.06,10.34,1.38,7.06,1.98,0.52,0
"408","Eddie Betts","CAR","FWD",57,312949,308800,4149,15,57.5,56.47,3.15,88.24,46,0.07,10.17,1.64,7.06,1.79,0.61,0
"409","Lachlan Sholl","ADE","DEF",57,312802,343200,-30398,8,63.9,62.88,4.65,47.06,71.2,0.12,11.33,2.42,3.77,2.71,1.03,0
"410","Lachlan Sholl","ADE","MID",57,312802,343200,-30398,8,63.9,62.88,4.65,47.06,71.2,0.12,11.33,2.42,3.77,2.71,1.03,0
"411","Aaron Francis","ESS","DEF",57,312508,320300,-7792,8,59.6,74.8,3.27,47.06,59.6,0,13.47,1.71,3.77,2.28,0.01,0
"412","Jake Kolodjashnij","GEE","DEF",57,311478,330200,-18722,13,61.5,58.65,3.35,76.47,57.88,0.06,10.56,1.75,6.12,2.22,0.52,0
"413","Ben Brown","MEL","FWD",57,311036,260300,50736,9,48.4,76.67,2.3,52.94,48.4,0,13.81,1.2,4.24,1.88,0.01,0
"414","Jye Caldwell","ESS","MID",57,311036,348600,-37564,9,64.9,63.89,4.24,52.94,84,0,11.51,2.21,4.24,3.17,0.01,0
"415","Jye Caldwell","ESS","FWD",57,311036,348600,-37564,9,64.9,63.89,4.24,52.94,84,0,11.51,2.21,4.24,3.17,0.01,0
"416","Sam Frost","HAW","DEF",56,309565,304900,4665,16,56.8,55.5,3.26,94.12,46.25,0,10,1.7,7.53,1.8,0.01,0
"417","Jarrod Lienert","POR","DEF",56,309565,289200,20365,5,59.8,79.14,4.08,29.41,59.8,0,14.25,2.13,2.36,2.29,0.01,0
"418","Jake Aarts","RIC","FWD",56,308682,329400,-20718,13,61.3,59.64,3.32,76.47,62.17,0,10.74,1.73,6.12,2.38,0.01,0
"419","Todd Marshall","POR","FWD",56,307064,377400,-70336,12,70.2,63.14,2.57,70.59,32.67,0.14,11.37,1.34,5.65,1.31,1.2,0
"420","Tom McCartin","SYD","FWD",56,306181,312800,-6619,14,58.2,57.21,2.9,82.35,62.4,0,10.31,1.51,6.59,2.39,0.01,0
"421","Tom Cutler","ESS","MID",56,305593,364700,-59107,8,67.9,66.88,4.55,47.06,67.5,0,12.05,2.37,3.77,2.57,0.01,0
"422","Joe Daniher","BRI","FWD",56,305445,233300,72145,4,48.2,76.36,3.14,23.53,34,0.25,13.75,1.64,1.89,1.35,2.13,0
"423","Josh Bruce","WBD","FWD",56,305004,275000,30004,16,51.2,50.18,2.58,94.12,59.75,0.06,9.04,1.35,7.53,2.29,0.52,0
"424","Connor Blakely","FRE","MID",56,305004,295000,10004,5,61,80.18,5,29.41,33,0,14.44,2.6,2.36,1.32,0.01,0
"425","Riley Bonner","POR","DEF",56,304563,318200,-13637,9,59.2,67.67,4.39,52.94,51,0,12.19,2.29,4.24,1.97,0.01,0
"426","Nic Newman","CAR","DEF",55,303974,415400,-111426,2,23.5,96.27,2.67,11.76,23.5,0,17.34,1.39,0.95,0.97,0.01,0
"427","Tom Atkins","GEE","FWD",55,303533,293500,10033,11,54.6,61.12,3.14,64.71,73.4,0,11.01,1.64,5.18,2.79,0.01,0
"428","Lachlan Murphy","ADE","FWD",55,303386,328600,-25214,12,61.2,60.17,3.27,70.59,63,0,10.84,1.71,5.65,2.41,0.01,0
"429","Paddy Ryder","STK","RUC",55,302944,505900,-202956,13,94.2,94.2,0,0.764705882352941,94.2,0,16.96,0.01,0.07,3.54,0.01,0
"430","Matt Guelfi","ESS","DEF",55,302650,324300,-21650,11,60.4,59.36,4.18,64.71,65.67,0,10.69,2.18,5.18,2.51,0.01,0
"431","Jackson Hately","ADE","MID",55,301767,310300,-8533,6,64.2,63.17,4.58,35.29,64.2,0.17,11.38,2.39,2.83,2.45,1.46,0
"432","Jack Lonie","STK","FWD",55,299854,351200,-51346,11,65.4,62.38,3.45,64.71,56,0,11.24,1.8,5.18,2.15,0.01,0
"433","Lachie Fogarty","CAR","FWD",54,297795,319100,-21305,6,66,65,4.35,35.29,51,0.17,11.71,2.27,2.83,1.97,1.46,0
"434","Alex Neal-Bullen","MEL","FWD",54,296618,310100,-13482,7,57.7,71.67,3.04,41.18,61.5,0,12.91,1.59,3.3,2.35,0.01,0
"435","Charlie Constable","GEE","MID",54,296323,266500,29823,2,62,77,5.64,11.76,62,0,13.87,2.94,0.95,2.37,0.01,0
"436","Shaun McKernan","STK","FWD",54,295441,245900,49541,9,45.8,70.33,2.65,52.94,45.8,0,12.67,1.38,4.24,1.78,0.01,0
"437","Brayden Sier","COL","MID",54,294705,313800,-19095,3,73,72,5.5,17.65,73,0,12.97,2.86,1.42,2.77,0.01,0
"438","Ben McKay","NME","DEF",54,294558,333600,-39042,11,62.1,61.09,3.09,64.71,57.8,0,11,1.61,5.18,2.22,0.01,0
"439","Lewis Melican","SYD","DEF",53,293381,324700,-31319,9,60.4,59.44,3.38,52.94,59.4,0.11,10.71,1.76,4.24,2.28,0.95,0
"440","Dylan Stephens","SYD","MID",53,292792,337800,-45008,8,62.9,61.88,4.27,47.06,72.5,0,11.15,2.22,3.77,2.75,0.01,0
"441","Adam Kennedy","GWS","MID",53,292351,300900,-8549,6,56,75.11,3.8,35.29,38.5,0,13.53,1.98,2.83,1.52,0.01,0
"442","Orazio Fantasia","POR","FWD",53,292056,271800,20256,5,56.2,75.67,3.24,29.41,56.2,0,13.63,1.69,2.36,2.16,0.01,0
"443","Orazio Fantasia","POR","DEF",53,292056,271800,20256,5,56.2,75.67,3.24,29.41,56.2,0,13.63,1.69,2.36,2.16,0.01,0
"444","Jake Stringer","ESS","FWD",53,290144,282600,7544,10,52.6,66.14,2.41,58.82,47,0,11.91,1.26,4.71,1.83,0.01,0
"445","Lin Jong","WBD","MID",53,289702,318100,-28398,3,74,73,4.41,17.65,74,0,13.15,2.3,1.42,2.81,0.01,0
"446","Lin Jong","WBD","FWD",53,289702,318100,-28398,3,74,73,4.41,17.65,74,0,13.15,2.3,1.42,2.81,0.01,0
"447","Josh Rotham","WCE","DEF",53,289408,331500,-42092,10,61.7,60.7,3.74,58.82,53.6,0,10.93,1.95,4.71,2.07,0.01,0
"448","Curtis Taylor","NME","FWD",53,288967,315800,-26833,9,58.8,57.78,3.41,52.94,58.8,0.11,10.41,1.78,4.24,2.26,0.95,0
"449","Dylan Clarke","ESS","MID",53,288231,348600,-60369,8,64.9,63.88,3.35,47.06,67,0,11.51,1.75,3.77,2.55,0.01,0
"450","Dylan Clarke","ESS","FWD",53,288231,348600,-60369,8,64.9,63.88,3.35,47.06,67,0,11.51,1.75,3.77,2.55,0.01,0
"451","Darcy Fogarty","ADE","FWD",52,286171,286400,-229,10,53.3,62.25,2.58,58.82,56.5,0,11.21,1.35,4.71,2.17,0.01,0
"452","Tom De Koning","CAR","RUC",52,286171,305500,-19329,7,56.9,55.86,4.795,41.18,62.5,0.14,10.06,2.5,3.3,2.39,1.2,0
"453","Ryan Burton","POR","DEF",52,286024,318800,-32776,6,59.3,71,4.09,35.29,15,0.12,12.79,2.13,2.83,0.66,1.03,0
"454","James Stewart","ESS","FWD",52,285436,295000,-9564,10,54.9,61.45,2.48,58.82,60.17,0,11.07,1.3,4.71,2.31,0.01,0
"455","Sam Weideman","MEL","FWD",52,283523,303800,-20277,13,56.5,55.82,2.59,76.47,44.33,0,10.06,1.35,6.12,1.73,0.01,0
"456","Kane Farrell","POR","MID",52,283376,309200,-25824,11,57.5,56.55,3,64.71,39,0.09,10.19,1.57,5.18,1.54,0.78,0
"457","Kane Farrell","POR","FWD",52,283376,309200,-25824,11,57.5,56.55,3,64.71,39,0.09,10.19,1.57,5.18,1.54,0.78,0
"458","Mitch Lewis","HAW","FWD",52,283229,199500,83729,8,37.1,64.58,1.83,47.06,76,0,11.63,0.96,3.77,2.88,0.01,0
"459","Tyler Brown","COL","MID",51,281463,311000,-29537,9,57.9,56.89,3.7,52.94,71,0,10.25,1.93,4.24,2.7,0.01,0
"460","Mabior Chol","RIC","RUC",51,281022,327200,-46178,10,60.9,59.09,3.6225,58.82,47.67,0,10.64,1.89,4.71,1.85,0.01,0
"461","Oleg Markov","GCS","DEF",51,280580,314300,-33720,6,65,64,3.91,35.29,70,0,11.53,2.04,2.83,2.66,0.01,0
"462","Mitch Crowden","FRE","FWD",51,280433,295500,-15067,10,55,59.8,2.8,58.82,54.8,0,10.77,1.46,4.71,2.11,0.01,0
"463","Jack Ross","RIC","MID",51,279403,333100,-53697,7,62,61,4.58,41.18,60,0,10.99,2.39,3.3,2.3,0.01,0
"464","Bailey Dale","WBD","FWD",51,278815,298500,-19685,9,55.6,61.08,2.98,52.94,55.6,0,11,1.56,4.24,2.14,0.01,0
"465","Connor Budarick","GCS","DEF",51,278667,256500,22167,15,47.7,46.73,3.22,88.24,45.33,0,8.42,1.68,7.06,1.77,0.01,0
"466","Zaine Cordy","WBD","DEF",51,277932,313700,-35768,13,58.4,55.47,2.72,76.47,34,0,9.99,1.42,6.12,1.35,0.01,0
"467","Harry Schoenberg","ADE","FWD",50,276755,315600,-38845,8,58.8,57.75,4.16,47.06,64.4,0,10.4,2.17,3.77,2.46,0.01,0
"468","Daniel Howe","HAW","DEF",50,276461,280500,-4039,5,58,70.58,3.37,29.41,50.5,0,12.71,1.76,2.36,1.95,0.01,0
"469","Daniel Howe","HAW","MID",50,276461,280500,-4039,5,58,70.58,3.37,29.41,50.5,0,12.71,1.76,2.36,1.95,0.01,0
"470","Dylan Moore","HAW","FWD",50,276461,302300,-25839,3,70.3,69.33,4.23,17.65,70.3,0,12.49,2.2,1.42,2.67,0.01,0
"471","Noah Answerth","BRI","DEF",50,275283,304500,-29217,9,56.7,57.9,3.78,52.94,53.5,0,10.43,1.97,4.24,2.06,0.01,0
"472","Jake Riccardi","GWS","FWD",50,273076,336500,-63424,5,69.6,68.6,3.48,29.41,52,0,12.36,1.82,2.36,2.01,0.01,0
"473","Laitham Vandermeer","WBD","MID",50,271752,278900,-7148,12,51.9,50.92,3.15,70.59,51.9,0,9.17,1.64,5.65,2,0.01,0
"474","Laitham Vandermeer","WBD","FWD",50,271752,278900,-7148,12,51.9,50.92,3.15,70.59,51.9,0,9.17,1.64,5.65,2,0.01,0
"475","Tobe Watson","FRE","DEF",49,270870,303700,-32830,3,70.7,69.67,3.33,17.65,70.7,0,12.55,1.74,1.42,2.69,0.01,0
"476","Will Brodie","GCS","MID",49,270575,344900,-74325,1,36,77.25,4.91,5.88,36,0,13.91,2.56,0.48,1.43,0.01,0
"477","Will Brodie","GCS","FWD",49,270575,344900,-74325,1,36,77.25,4.91,5.88,36,0,13.91,2.56,0.48,1.43,0.01,0
"478","David Astbury","RIC","DEF",49,270428,400400,-129972,5,82.8,68.89,4.25,29.41,35,0,12.41,2.21,2.36,1.39,0.01,0
"479","Jake Waterman","WCE","FWD",49,269840,323600,-53760,9,60.2,58.6,3.6,52.94,42,0,10.56,1.88,4.24,1.65,0.01,0
"480","Chayce Jones","ADE","MID",49,269545,236800,32745,15,44.1,47,2.88,88.24,32,0,8.47,1.5,7.06,1.28,0.01,0
"481","Mabior Chol","RIC","FWD",49,269104,327200,-58096,10,60.9,59.09,2.07,58.82,47.67,0,10.64,1.08,4.71,1.85,0.01,0
"482","Brayden Ham","ESS","MID",49,268663,277800,-9137,10,51.7,50.7,3.27,58.82,71,0,9.13,1.71,4.71,2.7,0.01,0
"483","Kysaiah Pickett","MEL","FWD",49,268221,256400,11821,14,47.7,46.71,2.63,82.35,47.5,0,8.42,1.37,6.59,1.84,0.01,0
"484","Colin O'Riordan","SYD","DEF",49,267927,268000,-73,8,49.9,60,3.24,47.06,49.9,0,10.81,1.69,3.77,1.93,0.01,0
"485","Jarman Impey","HAW","FWD",49,267780,212800,54980,5,39.6,71.12,2.92,29.41,38,0,12.81,1.52,2.36,1.5,0.01,0
"486","Hayden McLean","SYD","FWD",49,266750,317000,-50250,6,59,58,2.16,35.29,59,0.17,10.45,1.13,2.83,2.26,1.46,0
"487","Bobby Hill","GWS","FWD",49,266750,287200,-20450,5,59.4,58.4,2.88,29.41,53,0.2,10.52,1.5,2.36,2.04,1.71,0
"488","Mitch McGovern","CAR","FWD",49,266456,283900,-17444,12,52.8,51.83,2.61,70.59,45,0,9.34,1.36,5.65,1.75,0.01,0
"489","Mason Cox","COL","FWD",48,265720,312200,-46480,9,58.1,57,1.99,52.94,65.5,0,10.27,1.04,4.24,2.5,0.01,0
"490","Dylan Roberton","STK","DEF",48,264101,139700,124401,1,26,83.12,2.74,5.88,26,0,14.97,1.43,0.48,1.06,0.01,0
"491","Isaac Cumming","GWS","DEF",48,263513,288000,-24487,3,67,66,3.91,17.65,67,0,11.89,2.04,1.42,2.55,0.01,0
"492","Jay Lockhart","MEL","DEF",48,263072,289600,-26528,10,53.9,52.9,2.97,58.82,53.9,0,9.53,1.55,4.71,2.08,0.01,0
"493","Archie Smith","BRI","RUC",48,262630,217100,45530,5,40.4,67.33,3.3775,29.41,40.4,0,12.13,1.76,2.36,1.59,0.01,0
"494","Kyron Hayden","NME","DEF",48,261894,281400,-19506,8,52.4,51.38,3.29,47.06,52.4,0.12,9.26,1.72,3.77,2.02,1.03,0
"495","Nick Larkey","NME","FWD",48,261894,263800,-1906,10,49.1,57.42,2.07,58.82,42.5,0,10.34,1.08,4.71,1.66,0.01,0
"496","Braydon Preuss","GWS","RUC",48,261894,303000,-41106,3,62.7,64.43,4.5325,17.65,62.7,0,11.61,2.36,1.42,2.4,0.01,0
"497","Brandon Zerk-Thatcher","ESS","DEF",48,261747,255200,6547,10,47.5,55,2.71,58.82,44.6,0,9.91,1.42,4.71,1.74,0.01,0
"498","Sam Taylor","GWS","DEF",48,261012,323400,-62388,4,67,66,2.68,23.53,67,0,11.89,1.4,1.89,2.55,0.01,0
"499","Roarke Smith","WBD","MID",47,260570,281400,-20830,5,58.2,59,3.76,29.41,72.5,0,10.63,1.96,2.36,2.75,0.01,0
"500","Roarke Smith","WBD","FWD",47,260570,281400,-20830,5,58.2,59,3.76,29.41,72.5,0,10.63,1.96,2.36,2.75,0.01,0
"501","Levi Greenwood","COL","MID",47,259687,276800,-17113,4,57.2,64.5,3.7,23.53,57.33,0,11.62,1.93,1.89,2.2,0.01,0
"502","Jayden Laverde","ESS","FWD",47,258069,308000,-49931,6,57.3,62,2.54,35.29,57.3,0,11.17,1.33,2.83,2.2,0.01,0
"503","Sam Wicks","SYD","FWD",47,257481,316200,-58719,7,58.9,57.86,2.83,41.18,59.75,0,10.42,1.48,3.3,2.29,0.01,0
"504","Changkuoth Jiath","HAW","DEF",46,254244,266500,-12256,5,49.6,64.5,3.05,29.41,43.5,0,11.62,1.59,2.36,1.7,0.01,0
"505","Will Walker","NME","MID",46,253508,244500,9008,2,65,64,4.33,11.76,65,0,11.53,2.26,0.95,2.48,0.01,0
"506","Will Walker","NME","FWD",46,253508,244500,9008,2,65,64,4.33,11.76,65,0,11.53,2.26,0.95,2.48,0.01,0
"507","Charlie Spargo","MEL","FWD",46,253067,298200,-45133,8,55.5,54.5,2.74,47.06,56.5,0,9.82,1.43,3.77,2.17,0.01,0
"508","Mitch Hannan","WBD","FWD",46,251890,283600,-31710,9,52.8,52.27,2.7,52.94,52.8,0,9.42,1.41,4.24,2.04,0.01,0
"509","Hayden Young","FRE","DEF",46,250271,279400,-29129,5,52,51,3.33,29.41,52,0.2,9.19,1.74,2.36,2.01,1.71,0
"510","Travis Colyer","FRE","FWD",45,249094,275800,-26706,9,51.3,50.8,2.96,52.94,51.3,0,9.15,1.55,4.24,1.98,0.01,0
"511","Tarryn Thomas","NME","FWD",45,248947,290100,-41153,6,54,59.09,2.61,35.29,54,0,10.64,1.36,2.83,2.08,0.01,0
"512","Luke Jackson","MEL","FWD",45,248505,312500,-63995,6,58.2,57.17,2.92,35.29,58.2,0,10.3,1.52,2.83,2.23,0.01,0
"513","Jarrod Brander","WCE","MID",45,248505,295500,-46995,8,55,54,3.89,47.06,34,0,9.73,2.03,3.77,1.35,0.01,0
"514","Jarrod Brander","WCE","FWD",45,248505,295500,-46995,8,55,54,3.89,47.06,34,0,9.73,2.03,3.77,1.35,0.01,0
"515","Bailey Banfield","FRE","FWD",45,247770,288200,-40430,5,59.6,58.6,3.13,29.41,59.6,0,10.56,1.63,2.36,2.28,0.01,0
"516","Tom Sparrow","MEL","MID",45,247034,337200,-90166,5,62.8,61.8,3.78,29.41,33,0,11.13,1.97,2.36,1.32,0.01,0
"517","Oskar Baker","MEL","MID",45,246593,290100,-43507,3,60,59,4.61,17.65,60,0,10.63,2.4,1.42,2.3,0.01,0
"518","Lance Franklin","SYD","FWD",45,245710,312000,-66290,0,0,91.9,0,0,0,0,16.55,0.01,0.01,0.12,0.01,0
"519","Jack Mahony","NME","FWD",45,245121,271900,-26779,10,50.6,49.6,2.8,58.82,39,0,8.94,1.46,4.71,1.54,0.01,0
"520","Darcy Cameron","COL","FWD",45,244680,302900,-58220,8,56.4,51.7,2.41,47.06,36,0.1,9.31,1.26,3.77,1.43,0.86,0
"521","Mitch Brown","MEL","FWD",45,244533,280500,-35967,5,52.2,51.2,3.84,29.41,80,0,9.22,2,2.36,3.03,0.01,0
"522","Bradley Close","GEE","FWD",44,243797,257200,-13403,8,53.2,52.25,2.82,47.06,49.33,0,9.41,1.47,3.77,1.91,0.01,0
"523","Mark Hutchings","WCE","MID",44,242473,157600,84873,3,29.3,68.89,2.79,17.65,29.3,0,12.41,1.46,1.42,1.18,0.01,0
"524","Mark Hutchings","WCE","FWD",44,242473,157600,84873,3,29.3,68.89,2.79,17.65,29.3,0,12.41,1.46,1.42,1.18,0.01,0
"525","Jayden Hunt","MEL","FWD",44,242326,163300,79026,6,49,59.38,1.97,35.29,49,0,10.7,1.03,2.83,1.9,0.01,0
"526","Matt Taberner","FRE","FWD",44,242179,403000,-160821,16,75,75,0,0.941176470588235,75,0,13.51,0.01,0.09,2.84,0.01,0
"527","Lewis Taylor","SYD","FWD",44,241885,265600,-23715,9,49.4,48.44,2.96,52.94,49.4,0,8.73,1.55,4.24,1.91,0.01,0
"528","Rhylee West","WBD","FWD",44,239972,278000,-38028,4,57.5,56.5,3.87,23.53,57.5,0,10.18,2.02,1.89,2.21,0.01,0
"529","Sam Gray","SYD","FWD",44,239825,276300,-36475,7,51.4,50.43,3.66,41.18,51.4,0,9.09,1.91,3.3,1.99,0.01,0
"530","Jack Payne","BRI","DEF",44,239530,255100,-15570,4,52.8,59.8,2.79,23.53,56,0,10.77,1.46,1.89,2.15,0.01,0
"531","Patrick Naish","RIC","MID",44,239530,180500,59030,1,42,69.5,3.1,5.88,42,0,12.52,1.62,0.48,1.65,0.01,0
"532","Jack Bytel","STK","MID",44,239089,280500,-41411,3,58,57,4.45,17.65,58,0,10.27,2.32,1.42,2.23,0.01,0
"533","Caleb Graham","GCS","DEF",43,238353,284800,-46447,7,53,52,2.5,41.18,57.67,0,9.37,1.31,3.3,2.21,0.01,0
"534","Jordan Clark","GEE","DEF",43,236441,241800,-5359,3,50,58.7,4.08,17.65,50,0,10.57,2.13,1.42,1.94,0.01,0
"535","Jordan Clark","GEE","MID",43,236441,241800,-5359,3,50,58.7,4.08,17.65,50,0,10.57,2.13,1.42,1.94,0.01,0
"536","Sam Sturt","FRE","FWD",43,236294,265100,-28806,3,61.7,60.67,2.56,17.65,61.7,0,10.93,1.34,1.42,2.36,0.01,0
"537","Josh Corbett","GCS","FWD",43,235852,273200,-37348,7,50.9,49.86,3.1,41.18,55,0,8.98,1.62,3.3,2.12,0.01,0
"538","Neville Jetta","MEL","DEF",43,235116,186300,48816,6,34.7,59.21,2.08,35.29,34.7,0,10.67,1.09,2.83,1.38,0.01,0
"539","Jacob Townsend","GCS","FWD",43,235116,238200,-3084,12,44.3,43.33,2.07,70.59,36,0,7.81,1.08,5.65,1.43,0.01,0
"540","Ryan Gardner","WBD","DEF",43,233792,232800,992,9,43.3,45.5,2.45,52.94,56.2,0,8.2,1.28,4.24,2.16,0.01,0
"541","Brayden Ainsworth","WCE","MID",42,232762,253900,-21138,8,47.2,48,2.99,47.06,47,0,8.65,1.56,3.77,1.83,0.01,0
"542","Brayden Ainsworth","WCE","FWD",42,232762,253900,-21138,8,47.2,48,2.99,47.06,47,0,8.65,1.56,3.77,1.83,0.01,0
"543","Oliver Hanrahan","HAW","FWD",42,231144,237200,-6056,7,44.1,49.44,3.4,41.18,44.1,0,8.91,1.77,3.3,1.72,0.01,0
"544","James Bell","SYD","FWD",42,228937,267300,-38363,8,49.8,48.75,2.95,47.06,37,0,8.78,1.54,3.77,1.46,0.01,0
"545","Ben Ronke","SYD","FWD",41,227466,275600,-48134,3,57,56.2,3.3,17.65,57,0,10.12,1.72,1.42,2.19,0.01,0
"546","Jack Buckley","GWS","DEF",41,227171,223800,3371,2,59.5,58.5,3.18,11.76,59.5,0,10.54,1.66,0.95,2.28,0.01,0
"547","Jack Buckley","GWS","MID",41,227171,223800,3371,2,59.5,58.5,3.18,11.76,59.5,0,10.54,1.66,0.95,2.28,0.01,0
"548","Billy Frampton","ADE","FWD",41,225112,286100,-60988,5,53.2,52.2,2.83,29.41,53.2,0,9.4,1.48,2.36,2.05,0.01,0
"549","Taylor Garner","NME","FWD",41,223787,267400,-43613,2,45,59.22,3.5,11.76,45,0,10.67,1.83,0.95,1.75,0.01,0
"550","Matthew Cottrell","CAR","MID",41,222463,262200,-39737,5,48.8,47.8,3.77,29.41,56.5,0,8.61,1.97,2.36,2.17,0.01,0
"551","Tom J. Lynch","RIC","FWD",40,220845,366700,-145855,16,68.3,68.3,0,0.941176470588235,68.3,0,12.3,0.01,0.09,2.6,0.01,0
"552","Jimmy Webster","STK","DEF",40,220109,274000,-53891,0,0,82.26,0,0,0,0,14.81,0.01,0.01,0.12,0.01,0
"553","Kaiden Brand","SYD","DEF",40,218343,245000,-26657,2,57,56,3.07,11.76,57,0,10.09,1.6,0.95,2.19,0.01,0
"554","Harry Himmelberg","GWS","FWD",39,213930,355300,-141370,16,66.1,66.1,0,0.941176470588235,66.1,0,11.91,0.01,0.09,2.52,0.01,0
"555","Louis Butler","WBD","DEF",39,212752,191800,20952,2,51,50,4.84,11.76,51,0,9.01,2.52,0.95,1.97,0.01,0
"556","Joel Smith","MEL","DEF",39,211870,211100,770,7,39.3,50.12,1.83,41.18,27,0,9.03,0.96,3.3,1.1,0.01,0
"557","Paddy Dow","CAR","MID",39,211723,202400,9323,3,37.7,54.41,3.2,17.65,37.7,0,9.8,1.67,1.42,1.49,0.01,0
"558","Paddy Dow","CAR","FWD",39,211723,202400,9323,3,37.7,54.41,3.2,17.65,37.7,0,9.8,1.67,1.42,1.49,0.01,0
"559","Keidean Coleman","BRI","FWD",38,210987,299800,-88813,4,62,52,3.01,23.53,38,0,9.37,1.57,1.89,1.5,0.01,0
"560","Callum L. Brown","COL","FWD",38,210546,349600,-139054,14,65.1,65.1,0,0.823529411764706,65.1,0,11.73,0.01,0.08,2.48,0.01,0
"561","Boyd Woodcock","POR","FWD",38,210546,261100,-50554,5,54,53,3.37,29.41,14,0,9.55,1.76,2.36,0.63,0.01,0
"562","Aiden Bonar","NME","DEF",38,209074,245400,-36326,6,45.7,44.67,2.94,35.29,45.7,0,8.05,1.54,2.83,1.78,0.01,0
"563","Josh J. Kennedy","WCE","FWD",38,208486,346200,-137714,16,64.4,64.4,0,0.941176470588235,64.4,0,11.6,0.01,0.09,2.46,0.01,0
"564","Jarrod Cameron","WCE","FWD",38,208044,153700,54344,5,28.6,54,1.68,29.41,28.6,0,9.73,0.88,2.36,1.16,0.01,0
"565","Ned McHenry","ADE","FWD",38,206132,212900,-6768,8,39.6,38.62,3.27,47.06,39.6,0,6.96,1.71,3.77,1.56,0.01,0
"566","Irving Mosquito","ESS","FWD",37,205249,264700,-59451,4,54.8,53.75,2.65,23.53,24,0,9.68,1.38,1.89,0.99,0.01,0
"567","Fischer Mcasey","ADE","FWD",37,204366,199300,5066,10,37.1,36.1,2.27,58.82,37.1,0,6.51,1.19,4.71,1.47,0.01,0
"568","Fischer Mcasey","ADE","DEF",37,204366,199300,5066,10,37.1,36.1,2.27,58.82,37.1,0,6.51,1.19,4.71,1.47,0.01,0
"569","Jack Petruccelle","WCE","FWD",37,204219,217100,-12881,5,40.4,47.95,2.44,29.41,40.4,0,8.64,1.28,2.36,1.59,0.01,0
"570","Will Hayes","WBD","MID",37,203925,249300,-45375,2,47.5,52,3.23,11.76,47.5,0,9.37,1.69,0.95,1.84,0.01,0
"571","Matt de Boer","GWS","MID",37,203042,303700,-100658,13,62.8,62.8,0,0.764705882352941,62.8,0,11.31,0.01,0.07,2.4,0.01,0
"572","Cameron Ellis-Yolmen","BRI","MID",37,203042,337800,-134758,8,62.9,62.9,0,0.470588235294118,62.9,0,11.33,0.01,0.05,2.4,0.01,0
"573","Cameron Ellis-Yolmen","BRI","FWD",37,203042,337800,-134758,8,62.9,62.9,0,0.470588235294118,62.9,0,11.33,0.01,0.05,2.4,0.01,0
"574","Keegan Brooksby","HAW","RUC",37,202895,206900,-4005,1,55,54,2.7825,5.88,55,0,9.73,1.45,0.48,2.12,0.01,0
"575","Will Hamill","ADE","DEF",37,202748,210900,-8152,8,39.2,38.25,3.01,47.06,39.2,0,6.89,1.57,3.77,1.54,0.01,0
"576","Jack Silvagni","CAR","FWD",37,201129,257400,-56271,3,35.3,54.63,1.9,17.65,35.3,0,9.84,1,1.42,1.4,0.01,0
"577","Nick Hind","ESS","FWD",36,199216,331000,-131784,10,61.6,61.6,0,0.588235294117647,61.6,0,11.1,0.01,0.06,2.36,0.01,0
"578","Tristan Xerri","NME","FWD",36,197009,265900,-68891,4,49.5,48.5,1.58,23.53,49.5,0,8.74,0.83,1.89,1.92,0.01,0
"579","Finn Maginness","HAW","MID",36,196421,195600,821,1,52,51,3.18,5.88,52,0,9.19,1.66,0.48,2.01,0.01,0
"580","Zach Guthrie","GEE","DEF",36,196274,180500,15774,3,42,47,3.44,17.65,42,0,8.47,1.79,1.42,1.65,0.01,0
"581","Zach Guthrie","GEE","MID",36,196274,180500,15774,3,42,47,3.44,17.65,42,0,8.47,1.79,1.42,1.65,0.01,0
"582","Jamaine Jones","WCE","FWD",36,195832,182400,13432,2,48.5,47.5,3.67,11.76,48.5,0,8.56,1.91,0.95,1.88,0.01,0
"583","Josh Schache","WBD","FWD",36,195685,214400,-18715,2,39,53.86,2.1,11.76,39,0,9.7,1.1,0.95,1.54,0.01,0
"584","Xavier O'Halloran","GWS","MID",36,195097,227500,-32403,2,60.5,60.5,0,0.117647058823529,60.5,0,10.9,0.01,0.02,2.32,0.01,0
"585","Connor Idun","GWS","DEF",35,194508,214900,-20392,2,50,49,2.85,11.76,50,0,8.83,1.49,0.95,1.94,0.01,0
"586","Keegan Brooksby","HAW","FWD",35,193772,206900,-13128,1,55,54,1.59,5.88,55,0,9.73,0.83,0.48,2.12,0.01,0
"587","Mitch Georgiades","POR","FWD",35,190536,317000,-126464,7,59,59,0,0.411764705882353,59,0,10.63,0.01,0.04,2.26,0.01,0
"588","Kyle Hartigan","HAW","DEF",35,189359,314300,-124941,12,58.5,58.5,0,0.705882352941177,58.5,0,10.54,0.01,0.07,2.24,0.01,0
"589","Flynn Perez","NME","DEF",34,187299,193400,-6101,3,45,44,3.11,17.65,45,0,7.93,1.62,1.42,1.75,0.01,0
"590","Jesse Hogan","GWS","FWD",34,187004,310800,-123796,7,57.9,57.9,0,0.411764705882353,57.9,0,10.43,0.01,0.04,2.22,0.01,0
"591","Charlie Curnow","CAR","FWD",34,186710,294600,-107890,0,0,69.64,0,0,0,0,12.54,0.01,0.01,0.12,0.01,0
"592","Sean Lemmens","GCS","FWD",34,185827,253400,-67573,6,47.2,46.17,2.8,35.29,-3,0,8.32,1.46,2.83,0.01,0.01,0
"593","Willem Drew","POR","MID",34,185827,310800,-124973,0,0,69.3,0,0,0,0,12.48,0.01,0.01,0.12,0.01,0
"594","Joel Amartey","SYD","RUC",34,185827,195600,-9773,1,52,51,1.785,5.88,52,0,9.19,0.94,0.48,2.01,0.01,0
"595","Ben Cavarra","WBD","FWD",34,185386,194900,-9514,3,45.3,44.33,2.69,17.65,45.3,0,7.99,1.41,1.42,1.77,0.01,0
"596","Lachie Young","NME","DEF",34,185239,202000,-16761,2,47,46,2.9,11.76,47,0,8.29,1.51,0.95,1.83,0.01,0
"597","Lachie Young","NME","MID",34,185239,202000,-16761,2,47,46,2.9,11.76,47,0,8.29,1.51,0.95,1.83,0.01,0
"598","Sam Switkowski","FRE","FWD",33,183768,279400,-95632,0,0,68.5,0,0,0,0,12.34,0.01,0.01,0.12,0.01,0
"599","Ben Davis","ADE","FWD",33,182443,191800,-9357,1,51,50,1.77,5.88,51,0,9.01,0.93,0.48,1.97,0.01,0
"600","Jordon Butts","ADE","DEF",33,182149,176800,5349,2,47,46,2.48,11.76,47,0,8.29,1.3,0.95,1.83,0.01,0
"601","Aaron vandenBerg","MEL","MID",33,181855,301300,-119445,12,56.1,56.1,0,0.705882352941177,56.1,0,10.11,0.01,0.07,2.16,0.01,0
"602","Marty Hore","MEL","DEF",33,181413,303600,-122187,0,0,67.64,0,0,0,0,12.18,0.01,0.01,0.12,0.01,0
"603","Conor Nash","HAW","FWD",33,180383,193400,-13017,2,40,46.64,2.54,11.76,40,0,8.4,1.33,0.95,1.57,0.01,0
"604","Lachlan Schultz","FRE","FWD",33,180236,298000,-117764,17,55.5,55.5,0,1,55.5,0,10,0.01,0.09,2.14,0.01,0
"605","Joel Amartey","SYD","FWD",33,179942,195600,-15658,1,52,51,1.02,5.88,52,0,9.19,0.54,0.48,2.01,0.01,0
"606","Jy Farrar","GCS","FWD",33,178618,184300,-5682,1,49,48,2.1,5.88,49,0,8.65,1.1,0.48,1.9,0.01,0
"607","Dom Tyson","NME","MID",32,178029,243900,-65871,0,0,66.33,0,0,0,0,11.95,0.01,0.01,0.12,0.01,0
"608","Willie Rioli","WCE","FWD",32,177441,296600,-119159,0,0,66.12,0,0,0,0,11.91,0.01,0.01,0.12,0.01,0
"609","Sam Philp","CAR","FWD",32,177294,171100,6194,2,45.5,44.5,2.49,11.76,45.5,0,8.02,1.3,0.95,1.77,0.01,0
"610","Lewis Young","WBD","DEF",32,176705,198300,-21595,0,0,59.5,1.29,5.88,0,0,10.72,0.68,0.48,0.12,0.01,0
"611","Joel Hamling","FRE","DEF",32,175822,271000,-95178,0,0,65.5,0,0,0,0,11.8,0.01,0.01,0.12,0.01,0
"612","Deven Robertson","BRI","MID",32,175381,176800,-1419,1,47,46,2.5,5.88,47,0,8.29,1.31,0.48,1.83,0.01,0
"613","Deven Robertson","BRI","FWD",32,175381,176800,-1419,1,47,46,2.5,5.88,47,0,8.29,1.31,0.48,1.83,0.01,0
"614","Marcus Adams","BRI","DEF",32,175087,250400,-75313,1,28,51.8,1.79,5.88,28,0,9.33,0.94,0.48,1.14,0.01,0
"615","Tom Hickey","SYD","RUC",32,174351,261100,-86749,3,54,54,0,0.176470588235294,54,0,9.73,0.01,0.02,2.08,0.01,0
"616","Zac Smith","GCS","RUC",31,171408,216000,-44592,0,0,63.82,0,0,0,0,11.5,0.01,0.01,0.12,0.01,0
"617","Jonathon Patton","HAW","FWD",30,165229,189800,-24571,6,35.3,34.33,1.53,35.29,35.3,0,6.19,0.8,2.83,1.4,0.01,0
"618","Caleb Marchbank","CAR","DEF",30,164052,275400,-111348,0,0,61.08,0,0,0,0,11,0.01,0.01,0.12,0.01,0
"619","Trey Ruscoe","COL","FWD",30,163610,206800,-43190,4,38.5,37.5,1.83,23.53,38,0,6.76,0.96,1.89,1.5,0.01,0
"620","Rory Atkins","GCS","MID",30,163316,244200,-80884,4,50.5,50.5,0,0.235294117647059,50.5,0,9.1,0.01,0.03,1.95,0.01,0
"621","Lochie O'Brien","CAR","MID",29,161551,180500,-18949,1,42,41.82,2.49,5.88,42,0,7.54,1.3,0.48,1.65,0.01,0
"622","Sam Flanders","GCS","FWD",29,160079,192300,-32221,5,35.8,34.8,2.17,29.41,27,0,6.27,1.14,2.36,1.1,0.01,0
"623","Tom Campbell","NME","RUC",29,159491,154700,4791,1,36,41,2.9225,5.88,36,0,7.39,1.53,0.48,1.43,0.01,0
"624","Daniel McKenzie","STK","DEF",29,159344,222300,-62956,0,0,59.27,0,0,0,0,10.68,0.01,0.01,0.12,0.01,0
"625","Nathan Vardy","WCE","RUC",29,158608,228600,-69992,0,0,59,0,0,0,0,10.63,0.01,0.01,0.12,0.01,0
"626","Mark Keane","COL","DEF",29,157284,158000,-716,1,42,41,2.22,5.88,42,0,7.39,1.16,0.48,1.65,0.01,0
"627","Kade Chandler","MEL","FWD",28,153311,161200,-7889,0,0,57,0,0,0,0,10.27,0.01,0.01,0.12,0.01,0
"628","Callum Coleman-Jones","RIC","RUC",28,153311,161200,-7889,0,0,57,0,0,0,0,10.27,0.01,0.01,0.12,0.01,0
"629","Callum Coleman-Jones","RIC","FWD",28,153311,161200,-7889,0,0,57,0,0,0,0,10.27,0.01,0.01,0.12,0.01,0
"630","Kayne Turner","NME","FWD",28,152576,260800,-108224,0,0,56.74,0,0,0,0,10.22,0.01,0.01,0.12,0.01,0
"631","Jordan Murdoch","GCS","DEF",27,150221,253000,-102779,0,0,55.86,0,0,0,0,10.06,0.01,0.01,0.12,0.01,0
"632","Tom Campbell","NME","FWD",27,149927,154700,-4773,1,36,41,1.67,5.88,36,0,7.39,0.88,0.48,1.43,0.01,0
"633","Kieran Strachan","ADE","RUC",27,149780,146700,3080,1,39,38,2.485,5.88,39,0,6.85,1.3,0.48,1.54,0.01,0
"634","Liam Henry","FRE","FWD",27,148456,184500,-36044,3,34.3,33.33,2.45,17.65,34.3,0,6.01,1.28,1.42,1.37,0.01,0
"635","Ryan Garthwaite","RIC","DEF",27,148015,188000,-39985,0,0,55,0,0,0,0,9.91,0.01,0.01,0.12,0.01,0
"636","Bailey J. Williams","WCE","RUC",27,145660,193400,-47740,3,45,45,0,0.176470588235294,45,0,8.11,0.01,0.02,1.75,0.01,0
"637","Bailey J. Williams","WCE","FWD",27,145660,193400,-47740,3,45,45,0,0.176470588235294,45,0,8.11,0.01,0.02,1.75,0.01,0
"638","Jeremy Sharp","GCS","MID",26,144042,141800,2242,2,33,32,3.33,11.76,33,0,5.77,1.74,0.95,1.32,0.01,0
"639","Thomson Dow","RIC","MID",26,142718,146100,-3382,2,34,33,2.76,11.76,34,0,5.95,1.44,0.95,1.35,0.01,0
"640","Matt Buntine","GWS","FWD",26,142276,225900,-83624,0,0,52.86,0,0,0,0,9.52,0.01,0.01,0.12,0.01,0
"641","Matt Buntine","GWS","DEF",26,142276,225900,-83624,0,0,52.86,0,0,0,0,9.52,0.01,0.01,0.12,0.01,0
"642","Thomas Berry","BRI","FWD",26,142129,235500,-93371,6,43.8,43.8,0,0.352941176470588,43.8,0,7.89,0.01,0.04,1.71,0.01,0
"643","Kieran Strachan","ADE","FWD",26,141688,146700,-5012,1,39,38,1.42,5.88,39,0,6.85,0.75,0.48,1.54,0.01,0
"644","Xavier O'Neill","WCE","MID",26,140805,233200,-92395,5,43.4,43.4,0,0.294117647058824,43.4,0,7.82,0.01,0.03,1.7,0.01,0
"645","Xavier O'Neill","WCE","FWD",26,140805,233200,-92395,5,43.4,43.4,0,0.294117647058824,43.4,0,7.82,0.01,0.03,1.7,0.01,0
"646","Darragh Joyce","STK","DEF",26,140069,177300,-37231,0,0,52,0,0,0,0,9.37,0.01,0.01,0.12,0.01,0
"647","Alex Pearce","FRE","DEF",25,139628,235600,-95972,0,0,51.82,0,0,0,0,9.34,0.01,0.01,0.12,0.01,0
"648","Tom Hutchesson","GWS","MID",25,139187,135400,3787,1,36,35,2.35,5.88,36,0,6.31,1.23,0.48,1.43,0.01,0
"649","Tom Hutchesson","GWS","FWD",25,139187,135400,3787,1,36,35,2.35,5.88,36,0,6.31,1.23,0.48,1.43,0.01,0
"650","Chad Warner","SYD","FWD",25,138451,144000,-5549,2,33.5,32.5,2.39,11.76,33.5,0,5.86,1.25,0.95,1.34,0.01,0
"651","Cody Weightman","WBD","FWD",25,138157,173700,-35543,3,32.3,31.33,1.94,17.65,32.3,0,5.65,1.02,1.42,1.29,0.01,0
"652","Ben Jarvis","GEE","FWD",25,136685,139200,-2515,1,37,36,1.61,5.88,37,0,6.49,0.85,0.48,1.46,0.01,0
"653","Ben Jarvis","GEE","DEF",25,136685,139200,-2515,1,37,36,1.61,5.88,37,0,6.49,0.85,0.48,1.46,0.01,0
"654","Patrick Ambrose","ESS","DEF",25,136538,217800,-81262,0,0,50.68,0,0,0,0,9.13,0.01,0.01,0.12,0.01,0
"655","Jack Hombsch","GCS","DEF",25,136244,230200,-93956,0,0,50.56,0,0,0,0,9.11,0.01,0.01,0.12,0.01,0
"656","Zac Langdon","WCE","FWD",25,136097,224900,-88803,7,41.9,41.9,0,0.411764705882353,41.9,0,7.55,0.01,0.04,1.64,0.01,0
"657","Rory Thompson","GCS","DEF",25,135950,123900,12050,0,0,50.43,0,0,0,0,9.09,0.01,0.01,0.12,0.01,0
"658","Jake Stein","GWS","DEF",25,135214,200100,-64886,0,0,50.2,0,0,0,0,9.04,0.01,0.01,0.12,0.01,0
"659","Connor Ballenden","BRI","FWD",24,134037,146100,-12063,2,34,33,1.61,11.76,34,0,5.95,0.85,0.95,1.35,0.01,0
"660","Will Kelly","COL","FWD",24,133301,135400,-2099,1,36,35,1.59,5.88,36,0,6.31,0.83,0.48,1.43,0.01,0
"661","Tom Fullarton","BRI","RUC",24,130506,128900,1606,2,30,29,2.8175,11.76,30,0,5.23,1.47,0.95,1.21,0.01,0
"662","Ned Cahill","ESS","FWD",24,130212,161200,-30988,3,30,29,1.87,17.65,30,0,5.23,0.98,1.42,1.21,0.01,0
"663","Joel Garner","POR","DEF",23,128152,189900,-61748,0,0,47.5,0,0,0,0,8.56,0.01,0.01,0.12,0.01,0
"664","Josh Morris","HAW","FWD",23,127269,145100,-17831,4,27,26,1.83,23.53,27,0,4.69,0.96,1.89,1.1,0.01,0
"665","Liam Stocker","CAR","DEF",23,125798,186500,-60702,0,0,46.6,0,0,0,0,8.4,0.01,0.01,0.12,0.01,0
"666","Luke Foley","WCE","DEF",22,122708,127900,-5192,1,34,33,1.05,5.88,34,0,5.95,0.55,0.48,1.35,0.01,0
"667","Chris Burgess","GCS","DEF",22,121531,210000,-88469,0,0,45,0,0,0,0,8.11,0.01,0.01,0.12,0.01,0
"668","Tom Fullarton","BRI","FWD",22,121384,128900,-7516,2,30,29,1.61,11.76,30,0,5.23,0.85,0.95,1.21,0.01,0
"669","Daniel Venables","WCE","FWD",22,121089,179900,-58811,0,0,44.83,0,0,0,0,8.08,0.01,0.01,0.12,0.01,0
"670","Stefan Giro","FRE","MID",22,118000,123900,-5900,0,0,43.7,0,0,0,0,7.87,0.01,0.01,0.12,0.01,0
"671","Toby Bedford","MEL","FWD",21,115351,137000,-21649,2,25.5,24.5,2.7,11.76,25.5,0,4.42,1.41,0.95,1.05,0.01,0
"672","Minairo Frederick","FRE","FWD",20,107112,175700,-68588,10,32.7,32.7,0,0.588235294117647,32.7,0,5.89,0.01,0.06,1.31,0.01,0
"673","Atu Bosenavulagi","NME","FWD",19,106523,175500,-68977,3,32.7,32.7,0,0.176470588235294,32.7,0,5.89,0.01,0.02,1.31,0.01,0
"674","Sam J. Reid","GWS","DEF",18,98873,297300,-198427,3,30.3,30.3,0,0.176470588235294,30.3,0,5.46,0.01,0.02,1.22,0.01,0
"675","Matthew Ling","SYD","DEF",18,98873,163000,-64127,3,30.3,30.3,0,0.176470588235294,30.3,0,5.46,0.01,0.02,1.22,0.01,0
"676","Ryan Byrnes","STK","MID",16,89750,123900,-34150,1,22,21,1.71,5.88,22,0,3.79,0.9,0.48,0.92,0.01,0
"677","Nathan Murphy","COL","DEF",16,88426,123900,-35474,0,0,32.5,0,0,0,0,5.86,0.01,0.01,0.12,0.01,0
"678","Max Lynch","COL","RUC",16,85189,123900,-38711,1,22,21,1.12,5.88,22,0,3.79,0.59,0.48,0.92,0.01,0
"679","Max Lynch","COL","FWD",15,81511,123900,-42389,1,22,21,0.64,5.88,22,0,3.79,0.34,0.48,0.92,0.01,0
"680","Josh Honey","CAR","MID",12,68416,123900,-55484,1,16,15,1.42,5.88,16,0,2.71,0.75,0.48,0.7,0.01,0
"681","Josh Honey","CAR","FWD",12,68416,123900,-55484,1,16,15,1.42,5.88,16,0,2.71,0.75,0.48,0.7,0.01,0
"682","Matthew Owies","CAR","FWD",12,67828,123900,-56072,1,15,14,1.78,5.88,15,0,2.53,0.93,0.48,0.66,0.01,0
"683","Zach Sproule","GWS","FWD",12,63267,123900,-60633,0,0,23,0,0,0,0,4.15,0.01,0.01,0.12,0.01,0
"684","Nick Shipley","GWS","MID",9,50025,123900,-73875,0,0,18,0,0,0,0,3.25,0.01,0.01,0.12,0.01,0
"685","Harry Edwards","WCE","DEF",8,46346,123900,-77554,1,10,9,1.05,5.88,10,0,1.63,0.55,0.48,0.48,0.01,0
"686","Connor Menadue","NME","DEF",0,2354,201500,-199146,0,0,0,0,0,0,0,0.01,0.01,0.01,0.12,0.01,0
"687","Denver Grainger-Barras","HAW","DEF",0,2354,184800,-182446,0,0,0,0,0,0,0,0.01,0.01,0.01,0.12,0.01,0
"688","Tyson Goldsack","POR","DEF",0,2354,182000,-179646,0,0,0,0,0,0,0,0.01,0.01,0.01,0.12,0.01,0
"689","Zach Reid","ESS","DEF",0,2354,166800,-164446,0,0,0,0,0,0,0,0.01,0.01,0.01,0.12,0.01,0
"690","Heath Chapman","FRE","DEF",0,2354,148800,-146446,0,0,0,0,0,0,0,0.01,0.01,0.01,0.12,0.01,0
"691","Lachlan Jones","POR","DEF",0,2354,139800,-137446,0,0,0,0,0,0,0,0.01,0.01,0.01,0.12,0.01,0
"692","Jaxon Prior","BRI","DEF",0,2354,123900,-121546,0,0,0,0,0,0,0,0.01,0.01,0.01,0.12,0.01,0
"693","Brock Smith","BRI","DEF",0,2354,123900,-121546,0,0,0,0,0,0,0,0.01,0.01,0.01,0.12,0.01,0
"694","Cian McBride","ESS","DEF",0,2354,123900,-121546,0,0,0,0,0,0,0,0.01,0.01,0.01,0.12,0.01,0
"695","Leno Thomas","FRE","DEF",0,2354,123900,-121546,0,0,0,0,0,0,0,0.01,0.01,0.01,0.12,0.01,0
"696","Sam De Koning","GEE","DEF",0,2354,123900,-121546,0,0,0,0,0,0,0,0.01,0.01,0.01,0.12,0.01,0
"697","Stefan Okunbor","GEE","DEF",0,2354,123900,-121546,0,0,0,0,0,0,0,0.01,0.01,0.01,0.12,0.01,0
"698","Jez McLennan","GCS","DEF",0,2354,123900,-121546,0,0,0,0,0,0,0,0.01,0.01,0.01,0.12,0.01,0
"699","Luke Towey","GCS","DEF",0,2354,123900,-121546,0,0,0,0,0,0,0,0.01,0.01,0.01,0.12,0.01,0
"700","Callum M. Brown","GWS","DEF",0,2354,123900,-121546,0,0,0,0,0,0,0,0.01,0.01,0.01,0.12,0.01,0
"701","Jacob Koschitzke","HAW","DEF",0,2354,123900,-121546,0,0,0,0,0,0,0,0.01,0.01,0.01,0.12,0.01,0
"702","Harry Pepper","HAW","DEF",0,2354,123900,-121546,0,0,0,0,0,0,0,0.01,0.01,0.01,0.12,0.01,0
"703","Matt McGuinness","NME","DEF",0,2354,123900,-121546,0,0,0,0,0,0,0,0.01,0.01,0.01,0.12,0.01,0
"704","Martin Frederick","POR","DEF",0,2354,123900,-121546,0,0,0,0,0,0,0,0.01,0.01,0.01,0.12,0.01,0
"705","Jake Pasini","POR","DEF",0,2354,123900,-121546,0,0,0,0,0,0,0,0.01,0.01,0.01,0.12,0.01,0
"706","Ben Miller","RIC","DEF",0,2354,123900,-121546,0,0,0,0,0,0,0,0.01,0.01,0.01,0.12,0.01,0
"707","Oscar Clavarino","STK","DEF",0,2354,123900,-121546,0,0,0,0,0,0,0,0.01,0.01,0.01,0.12,0.01,0
"708","Will Gould","SYD","DEF",0,2354,123900,-121546,0,0,0,0,0,0,0,0.01,0.01,0.01,0.12,0.01,0
"709","Ben Johnson","WCE","DEF",0,2354,123900,-121546,0,0,0,0,0,0,0,0.01,0.01,0.01,0.12,0.01,0
"710","Buku Khamis","WBD","DEF",0,2354,123900,-121546,0,0,0,0,0,0,0,0.01,0.01,0.01,0.12,0.01,0
"711","Cody Brand","ESS","DEF",0,2354,117300,-114946,0,0,0,0,0,0,0,0.01,0.01,0.01,0.12,0.01,0
"712","Brandon Walker","FRE","DEF",0,2354,117300,-114946,0,0,0,0,0,0,0,0.01,0.01,0.01,0.12,0.01,0
"713","Cameron Fleeton","GWS","DEF",0,2354,117300,-114946,0,0,0,0,0,0,0,0.01,0.01,0.01,0.12,0.01,0
"714","Jacob Wehr","GWS","DEF",0,2354,117300,-114946,0,0,0,0,0,0,0,0.01,0.01,0.01,0.12,0.01,0
"715","Thomas Highmore","STK","DEF",0,2354,117300,-114946,0,0,0,0,0,0,0,0.01,0.01,0.01,0.12,0.01,0
"716","Nick Stevens","GEE","DEF",0,2354,117200,-114846,0,0,0,0,0,0,0,0.01,0.01,0.01,0.12,0.01,0
"717","James Borlase","ADE","DEF",0,2354,102400,-100046,0,0,0,0,0,0,0,0.01,0.01,0.01,0.12,0.01,0
"718","Deividas Uosis","BRI","DEF",0,2354,102400,-100046,0,0,0,0,0,0,0,0.01,0.01,0.01,0.12,0.01,0
"719","Luke Parks","CAR","DEF",0,2354,102400,-100046,0,0,0,0,0,0,0,0.01,0.01,0.01,0.12,0.01,0
"720","Joel Jeffrey","GCS","DEF",0,2354,102400,-100046,0,0,0,0,0,0,0,0.01,0.01,0.01,0.12,0.01,0
"721","Rhys Nicholls","GCS","DEF",0,2354,102400,-100046,0,0,0,0,0,0,0,0.01,0.01,0.01,0.12,0.01,0
"722","Will Shaw","GWS","DEF",0,2354,102400,-100046,0,0,0,0,0,0,0,0.01,0.01,0.01,0.12,0.01,0
"723","Patrick Walker","NME","DEF",0,2354,102400,-100046,0,0,0,0,0,0,0,0.01,0.01,0.01,0.12,0.01,0
"724","Malachy Carruthers","SYD","DEF",0,2354,102400,-100046,0,0,0,0,0,0,0,0.01,0.01,0.01,0.12,0.01,0
"725","Harrison Petty","MEL","FWD",0,2354,228200,-225846,0,0,0,0,0,0,0,0.01,0.01,0.01,0.12,0.01,0
"726","Nikolas Cox","ESS","FWD",0,2354,175800,-173446,0,0,0,0,0,0,0,0.01,0.01,0.01,0.12,0.01,0
"727","Josh Worrell","ADE","FWD",0,2354,123900,-121546,0,0,0,0,0,0,0,0.01,0.01,0.01,0.12,0.01,0
"728","James Madden","BRI","FWD",0,2354,123900,-121546,0,0,0,0,0,0,0,0.01,0.01,0.01,0.12,0.01,0
"729","Ross McQuillan","ESS","FWD",0,2354,123900,-121546,0,0,0,0,0,0,0,0.01,0.01,0.01,0.12,0.01,0
"730","Kieren Briggs","GWS","FWD",0,2354,123900,-121546,0,0,0,0,0,0,0,0.01,0.01,0.01,0.12,0.01,0
"731","Barry O'Connor","SYD","FWD",0,2354,123900,-121546,0,0,0,0,0,0,0,0.01,0.01,0.01,0.12,0.01,0
"732","Joshua Eyre","ESS","FWD",0,2354,117300,-114946,0,0,0,0,0,0,0,0.01,0.01,0.01,0.12,0.01,0
"733","Bailey Laurie","MEL","FWD",0,2354,117300,-114946,0,0,0,0,0,0,0,0.01,0.01,0.01,0.12,0.01,0
"734","Isaac Chugg","COL","FWD",0,2354,102400,-100046,0,0,0,0,0,0,0,0.01,0.01,0.01,0.12,0.01,0
"735","Harrison Petty","MEL","DEF",0,2354,228200,-225846,0,0,0,0,0,0,0,0.01,0.01,0.01,0.12,0.01,0
"736","Nikolas Cox","ESS","DEF",0,2354,175800,-173446,0,0,0,0,0,0,0,0.01,0.01,0.01,0.12,0.01,0
"737","Josh Worrell","ADE","DEF",0,2354,123900,-121546,0,0,0,0,0,0,0,0.01,0.01,0.01,0.12,0.01,0
"738","James Madden","BRI","DEF",0,2354,123900,-121546,0,0,0,0,0,0,0,0.01,0.01,0.01,0.12,0.01,0
"739","Ross McQuillan","ESS","DEF",0,2354,123900,-121546,0,0,0,0,0,0,0,0.01,0.01,0.01,0.12,0.01,0
"740","Kieren Briggs","GWS","DEF",0,2354,123900,-121546,0,0,0,0,0,0,0,0.01,0.01,0.01,0.12,0.01,0
"741","Barry O'Connor","SYD","DEF",0,2354,123900,-121546,0,0,0,0,0,0,0,0.01,0.01,0.01,0.12,0.01,0
"742","Joshua Eyre","ESS","DEF",0,2354,117300,-114946,0,0,0,0,0,0,0,0.01,0.01,0.01,0.12,0.01,0
"743","Bailey Laurie","MEL","DEF",0,2354,117300,-114946,0,0,0,0,0,0,0,0.01,0.01,0.01,0.12,0.01,0
"744","Lachlan Gollant","ADE","DEF",0,2354,123900,-121546,0,0,0,0,0,0,0,0.01,0.01,0.01,0.12,0.01,0
"745","Trent Bianco","COL","DEF",0,2354,123900,-121546,0,0,0,0,0,0,0,0.01,0.01,0.01,0.12,0.01,0
"746","Leo Connolly","STK","DEF",0,2354,123900,-121546,0,0,0,0,0,0,0,0.01,0.01,0.01,0.12,0.01,0
"747","Harry Sharp","BRI","DEF",0,2354,117300,-114946,0,0,0,0,0,0,0,0.01,0.01,0.01,0.12,0.01,0
"748","Isiah Winder","WCE","DEF",0,2354,117300,-114946,0,0,0,0,0,0,0,0.01,0.01,0.01,0.12,0.01,0
"749","Aiden Fyfe","GCS","DEF",0,2354,102400,-100046,0,0,0,0,0,0,0,0.01,0.01,0.01,0.12,0.01,0
"750","Isaac Chugg","COL","DEF",0,2354,102400,-100046,0,0,0,0,0,0,0,0.01,0.01,0.01,0.12,0.01,0
"751","Lachlan Gollant","ADE","MID",0,2354,123900,-121546,0,0,0,0,0,0,0,0.01,0.01,0.01,0.12,0.01,0
"752","Trent Bianco","COL","MID",0,2354,123900,-121546,0,0,0,0,0,0,0,0.01,0.01,0.01,0.12,0.01,0
"753","Leo Connolly","STK","MID",0,2354,123900,-121546,0,0,0,0,0,0,0,0.01,0.01,0.01,0.12,0.01,0
"754","Harry Sharp","BRI","MID",0,2354,117300,-114946,0,0,0,0,0,0,0,0.01,0.01,0.01,0.12,0.01,0
"755","Isiah Winder","WCE","MID",0,2354,117300,-114946,0,0,0,0,0,0,0,0.01,0.01,0.01,0.12,0.01,0
"756","Aiden Fyfe","GCS","MID",0,2354,102400,-100046,0,0,0,0,0,0,0,0.01,0.01,0.01,0.12,0.01,0
"757","Bigoa Nyuon","RIC","DEF",0,2354,123900,-121546,0,0,0,0,0,0,0,0.01,0.01,0.01,0.12,0.01,0
"758","Bigoa Nyuon","RIC","RUC",0,2354,123900,-121546,0,0,0,0,0,0,0,0.01,0.01,0.01,0.12,0.01,0
"759","Peter Wright","ESS","FWD",0,2354,292300,-289946,0,0,0,0,0,0,0,0.01,0.01,0.01,0.12,0.01,0
"760","Jamarra Ugle-Hagan","WBD","FWD",0,2354,207300,-204946,0,0,0,0,0,0,0,0.01,0.01,0.01,0.12,0.01,0
"761","Logan McDonald","SYD","FWD",0,2354,193800,-191446,0,0,0,0,0,0,0,0.01,0.01,0.01,0.12,0.01,0
"762","Conor Stone","GWS","FWD",0,2354,144300,-141946,0,0,0,0,0,0,0,0.01,0.01,0.01,0.12,0.01,0
"763","Oliver Henry","COL","FWD",0,2354,135300,-132946,0,0,0,0,0,0,0,0.01,0.01,0.01,0.12,0.01,0
"764","Harrison Jones","ESS","FWD",0,2354,123900,-121546,0,0,0,0,0,0,0,0.01,0.01,0.01,0.12,0.01,0
"765","Connor McFadyen","BRI","FWD",0,2354,123900,-121546,0,0,0,0,0,0,0,0.01,0.01,0.01,0.12,0.01,0
"766","Anton Tohill","COL","FWD",0,2354,123900,-121546,0,0,0,0,0,0,0,0.01,0.01,0.01,0.12,0.01,0
"767","Tom Wilson","COL","FWD",0,2354,123900,-121546,0,0,0,0,0,0,0,0.01,0.01,0.01,0.12,0.01,0
"768","Oscar Brownless","GEE","FWD",0,2354,123900,-121546,0,0,0,0,0,0,0,0.01,0.01,0.01,0.12,0.01,0
"769","Francis Evans","GEE","FWD",0,2354,123900,-121546,0,0,0,0,0,0,0,0.01,0.01,0.01,0.12,0.01,0
"770","Nathan Kreuger","GEE","FWD",0,2354,123900,-121546,0,0,0,0,0,0,0,0.01,0.01,0.01,0.12,0.01,0
"771","Cameron Taheny","GEE","FWD",0,2354,123900,-121546,0,0,0,0,0,0,0,0.01,0.01,0.01,0.12,0.01,0
"772","Patrick Murtagh","GCS","FWD",0,2354,123900,-121546,0,0,0,0,0,0,0,0.01,0.01,0.01,0.12,0.01,0
"773","Malcolm Rosas","GCS","FWD",0,2354,123900,-121546,0,0,0,0,0,0,0,0.01,0.01,0.01,0.12,0.01,0
"774","Emerson Jeka","HAW","FWD",0,2354,123900,-121546,0,0,0,0,0,0,0,0.01,0.01,0.01,0.12,0.01,0
"775","Miles Bergman","POR","FWD",0,2354,123900,-121546,0,0,0,0,0,0,0,0.01,0.01,0.01,0.12,0.01,0
"776","James Rowe","ADE","FWD",0,2354,117300,-114946,0,0,0,0,0,0,0,0.01,0.01,0.01,0.12,0.01,0
"777","Beau McCreery","COL","FWD",0,2354,117300,-114946,0,0,0,0,0,0,0,0.01,0.01,0.01,0.12,0.01,0
"778","Liam McMahon","COL","FWD",0,2354,117300,-114946,0,0,0,0,0,0,0,0.01,0.01,0.01,0.12,0.01,0
"779","Seamus Mitchell","HAW","FWD",0,2354,117300,-114946,0,0,0,0,0,0,0,0.01,0.01,0.01,0.12,0.01,0
"780","Eddie Ford","NME","FWD",0,2354,117300,-114946,0,0,0,0,0,0,0,0.01,0.01,0.01,0.12,0.01,0
"781","Ollie Lord","POR","FWD",0,2354,117300,-114946,0,0,0,0,0,0,0,0.01,0.01,0.01,0.12,0.01,0
"782","Matthew Allison","STK","FWD",0,2354,117300,-114946,0,0,0,0,0,0,0,0.01,0.01,0.01,0.12,0.01,0
"783","Dominic Bedendo","WBD","FWD",0,2354,117300,-114946,0,0,0,0,0,0,0,0.01,0.01,0.01,0.12,0.01,0
"784","Blake Coleman","BRI","FWD",0,2354,117200,-114846,0,0,0,0,0,0,0,0.01,0.01,0.01,0.12,0.01,0
"785","Marc Sheather","SYD","FWD",0,2354,102400,-100046,0,0,0,0,0,0,0,0.01,0.01,0.01,0.12,0.01,0
"786","Will Phillips","NME","MID",0,2354,198300,-195946,0,0,0,0,0,0,0,0.01,0.01,0.01,0.12,0.01,0
"787","Luke Pedlar","ADE","MID",0,2354,162300,-159946,0,0,0,0,0,0,0,0.01,0.01,0.01,0.12,0.01,0
"788","Tanner Bruhn","GWS","MID",0,2354,157800,-155446,0,0,0,0,0,0,0,0.01,0.01,0.01,0.12,0.01,0
"789","Tom Powell","NME","MID",0,2354,153300,-150946,0,0,0,0,0,0,0,0.01,0.01,0.01,0.12,0.01,0
"790","Ryan Angwin","GWS","MID",0,2354,130800,-128446,0,0,0,0,0,0,0,0.01,0.01,0.01,0.12,0.01,0
"791","Ronin O'Connor","ADE","MID",0,2354,123900,-121546,0,0,0,0,0,0,0,0.01,0.01,0.01,0.12,0.01,0
"792","Brodie Kemp","CAR","MID",0,2354,123900,-121546,0,0,0,0,0,0,0,0.01,0.01,0.01,0.12,0.01,0
"793","Sam Ramsay","CAR","MID",0,2354,123900,-121546,0,0,0,0,0,0,0,0.01,0.01,0.01,0.12,0.01,0
"794","Jay Rantall","COL","MID",0,2354,123900,-121546,0,0,0,0,0,0,0,0.01,0.01,0.01,0.12,0.01,0
"795","Tom Hird","ESS","MID",0,2354,123900,-121546,0,0,0,0,0,0,0,0.01,0.01,0.01,0.12,0.01,0
"796","Luke Valente","FRE","MID",0,2354,123900,-121546,0,0,0,0,0,0,0,0.01,0.01,0.01,0.12,0.01,0
"797","Cooper Stephens","GEE","MID",0,2354,123900,-121546,0,0,0,0,0,0,0,0.01,0.01,0.01,0.12,0.01,0
"798","James Jordon","MEL","MID",0,2354,123900,-121546,0,0,0,0,0,0,0,0.01,0.01,0.01,0.12,0.01,0
"799","Aaron Nietschke","MEL","MID",0,2354,123900,-121546,0,0,0,0,0,0,0,0.01,0.01,0.01,0.12,0.01,0
"800","Jackson Mead","POR","MID",0,2354,123900,-121546,0,0,0,0,0,0,0,0.01,0.01,0.01,0.12,0.01,0
"801","Riley Collier-Dawkins","RIC","MID",0,2354,123900,-121546,0,0,0,0,0,0,0,0.01,0.01,0.01,0.12,0.01,0
"802","Will Martyn","RIC","MID",0,2354,123900,-121546,0,0,0,0,0,0,0,0.01,0.01,0.01,0.12,0.01,0
"803","Riley Garcia","WBD","MID",0,2354,123900,-121546,0,0,0,0,0,0,0,0.01,0.01,0.01,0.12,0.01,0
"804","Sam Berry","ADE","MID",0,2354,117300,-114946,0,0,0,0,0,0,0,0.01,0.01,0.01,0.12,0.01,0
"805","Reef McInnes","COL","MID",0,2354,117300,-114946,0,0,0,0,0,0,0,0.01,0.01,0.01,0.12,0.01,0
"806","Nathan O'Driscoll","FRE","MID",0,2354,117300,-114946,0,0,0,0,0,0,0,0.01,0.01,0.01,0.12,0.01,0
"807","Joel Western","FRE","MID",0,2354,117300,-114946,0,0,0,0,0,0,0,0.01,0.01,0.01,0.12,0.01,0
"808","Connor Downie","HAW","MID",0,2354,117300,-114946,0,0,0,0,0,0,0,0.01,0.01,0.01,0.12,0.01,0
"809","Charlie Lazzaro","NME","MID",0,2354,117300,-114946,0,0,0,0,0,0,0,0.01,0.01,0.01,0.12,0.01,0
"810","Errol Gulden","SYD","MID",0,2354,117300,-114946,0,0,0,0,0,0,0,0.01,0.01,0.01,0.12,0.01,0
"811","Luke Edwards","WCE","MID",0,2354,117300,-114946,0,0,0,0,0,0,0,0.01,0.01,0.01,0.12,0.01,0
"812","Jack Carroll","CAR","MID",0,2354,117200,-114846,0,0,0,0,0,0,0,0.01,0.01,0.01,0.12,0.01,0
"813","Carter Michael","BRI","MID",0,2354,102400,-100046,0,0,0,0,0,0,0,0.01,0.01,0.01,0.12,0.01,0
"814","Alex Davies","GCS","MID",0,2354,102400,-100046,0,0,0,0,0,0,0,0.01,0.01,0.01,0.12,0.01,0
"815","Taj Schofield","POR","MID",0,2354,102400,-100046,0,0,0,0,0,0,0,0.01,0.01,0.01,0.12,0.01,0
"816","Zane Trew","WCE","MID",0,2354,102400,-100046,0,0,0,0,0,0,0,0.01,0.01,0.01,0.12,0.01,0
"817","Lachlan McNeil","WBD","MID",0,2354,102400,-100046,0,0,0,0,0,0,0,0.01,0.01,0.01,0.12,0.01,0
"818","Braeden Campbell","SYD","MID",0,2354,189300,-186946,0,0,0,0,0,0,0,0.01,0.01,0.01,0.12,0.01,0
"819","Braeden Campbell","SYD","FWD",0,2354,189300,-186946,0,0,0,0,0,0,0,0.01,0.01,0.01,0.12,0.01,0
"820","Elijah Hollands","GCS","MID",0,2354,180300,-177946,0,0,0,0,0,0,0,0.01,0.01,0.01,0.12,0.01,0
"821","Elijah Hollands","GCS","FWD",0,2354,180300,-177946,0,0,0,0,0,0,0,0.01,0.01,0.01,0.12,0.01,0
"822","Archie Perkins","ESS","MID",0,2354,171300,-168946,0,0,0,0,0,0,0,0.01,0.01,0.01,0.12,0.01,0
"823","Archie Perkins","ESS","FWD",0,2354,171300,-168946,0,0,0,0,0,0,0,0.01,0.01,0.01,0.12,0.01,0
"824","Finlay Macrae","COL","MID",0,2354,126300,-123946,0,0,0,0,0,0,0,0.01,0.01,0.01,0.12,0.01,0
"825","Finlay Macrae","COL","FWD",0,2354,126300,-123946,0,0,0,0,0,0,0,0.01,0.01,0.01,0.12,0.01,0
"826","Nakia Cockatoo","BRI","MID",0,2354,123900,-121546,0,0,0,0,0,0,0,0.01,0.01,0.01,0.12,0.01,0
"827","Tom Joyce","BRI","MID",0,2354,123900,-121546,0,0,0,0,0,0,0,0.01,0.01,0.01,0.12,0.01,0
"828","Ely Smith","BRI","MID",0,2354,123900,-121546,0,0,0,0,0,0,0,0.01,0.01,0.01,0.12,0.01,0
"829","Lachlan Johnson","ESS","MID",0,2354,123900,-121546,0,0,0,0,0,0,0,0.01,0.01,0.01,0.12,0.01,0
"830","Trent Burgoyne","POR","MID",0,2354,123900,-121546,0,0,0,0,0,0,0,0.01,0.01,0.01,0.12,0.01,0
"831","Dylan Williams","POR","MID",0,2354,123900,-121546,0,0,0,0,0,0,0,0.01,0.01,0.01,0.12,0.01,0
"832","Noah Cumberland","RIC","MID",0,2354,123900,-121546,0,0,0,0,0,0,0,0.01,0.01,0.01,0.12,0.01,0
"833","Hugo Ralphsmith","RIC","MID",0,2354,123900,-121546,0,0,0,0,0,0,0,0.01,0.01,0.01,0.12,0.01,0
"834","Nakia Cockatoo","BRI","FWD",0,2354,123900,-121546,0,0,0,0,0,0,0,0.01,0.01,0.01,0.12,0.01,0
"835","Tom Joyce","BRI","FWD",0,2354,123900,-121546,0,0,0,0,0,0,0,0.01,0.01,0.01,0.12,0.01,0
"836","Ely Smith","BRI","FWD",0,2354,123900,-121546,0,0,0,0,0,0,0,0.01,0.01,0.01,0.12,0.01,0
"837","Lachlan Johnson","ESS","FWD",0,2354,123900,-121546,0,0,0,0,0,0,0,0.01,0.01,0.01,0.12,0.01,0
"838","Trent Burgoyne","POR","FWD",0,2354,123900,-121546,0,0,0,0,0,0,0,0.01,0.01,0.01,0.12,0.01,0
"839","Dylan Williams","POR","FWD",0,2354,123900,-121546,0,0,0,0,0,0,0,0.01,0.01,0.01,0.12,0.01,0
"840","Noah Cumberland","RIC","FWD",0,2354,123900,-121546,0,0,0,0,0,0,0,0.01,0.01,0.01,0.12,0.01,0
"841","Hugo Ralphsmith","RIC","FWD",0,2354,123900,-121546,0,0,0,0,0,0,0,0.01,0.01,0.01,0.12,0.01,0
"842","Max Holmes","GEE","MID",0,2354,121800,-119446,0,0,0,0,0,0,0,0.01,0.01,0.01,0.12,0.01,0
"843","Max Holmes","GEE","FWD",0,2354,121800,-119446,0,0,0,0,0,0,0,0.01,0.01,0.01,0.12,0.01,0
"844","Brayden Cook","ADE","FWD",0,2354,117300,-114946,0,0,0,0,0,0,0,0.01,0.01,0.01,0.12,0.01,0
"845","Caleb Poulter","COL","FWD",0,2354,117300,-114946,0,0,0,0,0,0,0,0.01,0.01,0.01,0.12,0.01,0
"846","Tyler Brockman","HAW","FWD",0,2354,117300,-114946,0,0,0,0,0,0,0,0.01,0.01,0.01,0.12,0.01,0
"847","Jake Bowey","MEL","FWD",0,2354,117300,-114946,0,0,0,0,0,0,0,0.01,0.01,0.01,0.12,0.01,0
"848","Fraser Rosman","MEL","FWD",0,2354,117300,-114946,0,0,0,0,0,0,0,0.01,0.01,0.01,0.12,0.01,0
"849","Phoenix Spicer","NME","FWD",0,2354,117300,-114946,0,0,0,0,0,0,0,0.01,0.01,0.01,0.12,0.01,0
"850","Maurice Rioli","RIC","FWD",0,2354,117300,-114946,0,0,0,0,0,0,0,0.01,0.01,0.01,0.12,0.01,0
"851","Brayden Cook","ADE","MID",0,2354,117300,-114946,0,0,0,0,0,0,0,0.01,0.01,0.01,0.12,0.01,0
"852","Corey Durdin","CAR","MID",0,2354,117300,-114946,0,0,0,0,0,0,0,0.01,0.01,0.01,0.12,0.01,0
"853","Caleb Poulter","COL","MID",0,2354,117300,-114946,0,0,0,0,0,0,0,0.01,0.01,0.01,0.12,0.01,0
"854","Tyler Brockman","HAW","MID",0,2354,117300,-114946,0,0,0,0,0,0,0,0.01,0.01,0.01,0.12,0.01,0
"855","Jake Bowey","MEL","MID",0,2354,117300,-114946,0,0,0,0,0,0,0,0.01,0.01,0.01,0.12,0.01,0
"856","Fraser Rosman","MEL","MID",0,2354,117300,-114946,0,0,0,0,0,0,0,0.01,0.01,0.01,0.12,0.01,0
"857","Phoenix Spicer","NME","MID",0,2354,117300,-114946,0,0,0,0,0,0,0,0.01,0.01,0.01,0.12,0.01,0
"858","Maurice Rioli","RIC","MID",0,2354,117300,-114946,0,0,0,0,0,0,0,0.01,0.01,0.01,0.12,0.01,0
"859","Corey Durdin","CAR","FWD",0,2354,117200,-114846,0,0,0,0,0,0,0,0.01,0.01,0.01,0.12,0.01,0
"860","Tariek Newchurch","ADE","FWD",0,2354,102400,-100046,0,0,0,0,0,0,0,0.01,0.01,0.01,0.12,0.01,0
"861","Jack Ginnivan","COL","FWD",0,2354,102400,-100046,0,0,0,0,0,0,0,0.01,0.01,0.01,0.12,0.01,0
"862","Hawego Paul Oea","GCS","MID",0,2354,102400,-100046,0,0,0,0,0,0,0,0.01,0.01,0.01,0.12,0.01,0
"863","Jack Saunders","HAW","FWD",0,2354,102400,-100046,0,0,0,0,0,0,0,0.01,0.01,0.01,0.12,0.01,0
"864","Tariek Newchurch","ADE","MID",0,2354,102400,-100046,0,0,0,0,0,0,0,0.01,0.01,0.01,0.12,0.01,0
"865","Jack Ginnivan","COL","MID",0,2354,102400,-100046,0,0,0,0,0,0,0,0.01,0.01,0.01,0.12,0.01,0
"866","Hawego Paul Oea","GCS","FWD",0,2354,102400,-100046,0,0,0,0,0,0,0,0.01,0.01,0.01,0.12,0.01,0
"867","Jack Saunders","HAW","MID",0,2354,102400,-100046,0,0,0,0,0,0,0,0.01,0.01,0.01,0.12,0.01,0
"868","Nick Bryan","ESS","RUC",0,2354,123900,-121546,0,0,0,0,0,0,0,0.01,0.01,0.01,0.12,0.01,0
"869","Lloyd Meek","FRE","RUC",0,2354,123900,-121546,0,0,0,0,0,0,0,0.01,0.01,0.01,0.12,0.01,0
"870","Matt Conroy","GCS","RUC",0,2354,123900,-121546,0,0,0,0,0,0,0,0.01,0.01,0.01,0.12,0.01,0
"871","Matt Flynn","GWS","RUC",0,2354,123900,-121546,0,0,0,0,0,0,0,0.01,0.01,0.01,0.12,0.01,0
"872","Ned Reeves","HAW","RUC",0,2354,123900,-121546,0,0,0,0,0,0,0,0.01,0.01,0.01,0.12,0.01,0
"873","Austin Bradtke","MEL","RUC",0,2354,123900,-121546,0,0,0,0,0,0,0,0.01,0.01,0.01,0.12,0.01,0
"874","Sam Hayes","POR","RUC",0,2354,123900,-121546,0,0,0,0,0,0,0,0.01,0.01,0.01,0.12,0.01,0
"875","Sam Alabakis","STK","RUC",0,2354,123900,-121546,0,0,0,0,0,0,0,0.01,0.01,0.01,0.12,0.01,0
"876","Callum Jamieson","WCE","RUC",0,2354,123900,-121546,0,0,0,0,0,0,0,0.01,0.01,0.01,0.12,0.01,0
"877","Jordon Sweet","WBD","RUC",0,2354,123900,-121546,0,0,0,0,0,0,0,0.01,0.01,0.01,0.12,0.01,0
"878","Henry Smith","BRI","RUC",0,2354,117300,-114946,0,0,0,0,0,0,0,0.01,0.01,0.01,0.12,0.01,0
"879","Samson Ryan","RIC","RUC",0,2354,117300,-114946,0,0,0,0,0,0,0,0.01,0.01,0.01,0.12,0.01,0
"880","Paul Tsapatolis","GEE","RUC",0,2354,102400,-100046,0,0,0,0,0,0,0,0.01,0.01,0.01,0.12,0.01,0
"881","Mate Colina","RIC","RUC",0,2354,102400,-100046,0,0,0,0,0,0,0,0.01,0.01,0.01,0.12,0.01,0
"882","Riley Thilthorpe","ADE","RUC",0,2354,202800,-200446,0,0,0,0,0,0,0,0.01,0.01,0.01,0.12,0.01,0
"883","Riley Thilthorpe","ADE","FWD",0,2354,202800,-200446,0,0,0,0,0,0,0,0.01,0.01,0.01,0.12,0.01,0
"884","Charlie Comben","NME","RUC",0,2354,123900,-121546,0,0,0,0,0,0,0,0.01,0.01,0.01,0.12,0.01,0
"885","Charlie Comben","NME","FWD",0,2354,123900,-121546,0,0,0,0,0,0,0,0.01,0.01,0.01,0.12,0.01,0
"886","Shannon Neale","GEE","RUC",0,2354,117300,-114946,0,0,0,0,0,0,0,0.01,0.01,0.01,0.12,0.01,0
"887","Shannon Neale","GEE","FWD",0,2354,117300,-114946,0,0,0,0,0,0,0,0.01,0.01,0.01,0.12,0.01,0
"888","Josh Treacy","FRE","RUC",0,2354,102400,-100046,0,0,0,0,0,0,0,0.01,0.01,0.01,0.12,0.01,0
"889","Josh Treacy","FRE","FWD",0,2354,102400,-100046,0,0,0,0,0,0,0,0.01,0.01,0.01,0.12,0.01,0
